news,10:43 AM - 1 Apr 2009,fox13,http://www.fox13now.com,118282,7227,"Salt Lake City, Utah","40.76701,-111.8904299",FOX 13 News. KSTU. Salt Lake City. (801) 536-1313. news@fox13now.com. http://Facebook.com/fox13newsutah  http://Instagram.com/fox13now
news,4:06 PM - 18 Jun 2008,OWHnews,http://www.omaha.com,120543,10653,"Omaha, Nebraska","41.25873,-95.9378699",News tips? Call 402-444-1304. Customer service: 800-234-6942. More OWH accounts: https://twitter.com/OWHnews/lists  Careers at OWH: http://omaha.com/owhjobs
news,10:55 PM - 28 Oct 2008,LANow,http://latimes.com/now,442463,607,"Los Angeles, CA","34.05439,-118.2439399",Southern California -- this just in. News from L.A. and beyond from the Los Angeles Times. See @latimes for more news.
news,2:44 PM - 11 Jul 2008,whnt,http://WHNT.com,105399,3844,"Huntsville, Alabama","34.746775,-86.7086188994222","The Tennessee Valley’s News Leader - Taking Action, Getting Results"
news,1:50 PM - 1 Oct 2008,indystar,http://www.indystar.com/,223357,421,"Indianapolis, IN","39.76833,-86.1583499",News that matters. Sports that thrill. A city that excites. Serving the greater good of Central Indiana with local journalism. Follow on Instagram: IndyStar
news,10:29 AM - 24 May 2011,CaviteNews,,9073,20,"Cavite, Philippines","14.25,120.83333","Latest news from the province of Cavite, Philippines"
fire/emt,4:38 AM - 19 Aug 2009,IncidentAlertS1,http://www.incidentalert.com.au,229,7,Noarlunga,"-35.1412699,138.49547",Email and SMS for bushfires in South Australia & Victoria. This Twitter account only shows in region 1 (South Australia). N.B. Safe fires not shown
journalist,2:26 AM - 20 Apr 2010,ashu3page,http://ashu-hasrat.blogspot.com,41523,592,new delhi,"28.61389,77.21595","Journalist cover - Left, AAP, Elections, Nepal affairs. I have my opinion on everything. Tweets r personal ashu.3page@gmail.com"
journalist,8:57 PM - 4 Mar 2014,Prof_HariOm,,3697,899,"Jammu, Jammu and Kashmir","32.728055,74.9488425638526","A Historian, Columnist, Writer & Social activist."
fire/emt,4:04 PM - 18 Mar 2009,FireRescue1,http://www.firerescue1.com,40123,7507,San Francisco,"37.77928,-122.4192299","The #1 Firefighting online resource for news, training and videos."
news,8:13 AM - 13 Feb 2016,AllNorthEast,https://www.facebook.com/North-East-News-1736407493237312,183,4,"North East, England","50.59498,-1.9518899",Automated News aggregator from the North East's top news publishers.
news,1:00 PM - 2 Nov 2011,Ian56789,http://www.ian56.blogspot.com/?view=magazine,28509,4524,UK,"54.70235,-3.2765699",Advocate of Common Sense & Bill of Rights. Stock Mkt trader. Politics Analyst. Disseminating info. Calling out disinfo in the media. Stay curious!
disaster/accident,2:37 PM - 1 May 2011,suemc_phee,,23204,32,"treat all info ""as received""",,"We hate crime, we will do all we can to stop it & 1 day Nairobi will regain its glory! Just local guys who want to clean up the streets. Stay alert&vigilant!"
fire/emt,7:22 AM - 4 May 2010,EssexPoliceUK,http://www.essex.police.uk/doitonline,169219,23258,"Essex, UK","51.796705,0.579334404388714","Protecting and serving Essex - appeals + latest news. Please do not report crime here - call 999 (emergencies), report online or 101 (non-urgent enquiries)"
journalist,10:49 PM - 16 Mar 2009,LaneLuckie,http://www.laneluckie.com,3221,2610,"Tyler, Texas","32.35126,-95.3010599","News anchor/ reporter at @KLTV7 & @KTREnews, serving all of East Texas. Proud @NSULA alum. Retweets ≠ endorsements. Email me lluckie@kltv.com"
news,6:24 AM - 11 May 2013,Harley_Woody,,1787,135,"Va Beach, Virginia","36.90403,-75.9924299","Love my Family, my Harley, beaches and music! You can never be old and wise if you were never young and crazy! Media tweets not necessarily my opinion."
disaster/accident,12:55 PM - 8 Jan 2013,Afarin_Mamosta,,14539,122,Kurdistan,"35.6728,47.01243",Military development in Kurdistan
news,9:29 PM - 2 Nov 2007,NECN,http://www.necn.com,80328,290,Boston,"42.36048,-71.0595599",New England Cable News; NBC Owned Television Stations
news,2:02 PM - 19 Mar 2008,njdotcom,http://www.nj.com,417005,643,New Jersey,"40.07573,-74.4041599",N.J.'s #1 news website. #TrueJersey News tips: http://nj.com/tips
wx,3:38 PM - 24 May 2012,NWSCorpus,http://www.weather.gov/crp/,12486,69,"Corpus Christi, Texas","27.80025,-97.3955699","Official Twitter account for the National Weather Service Forecast Office Corpus Christi, TX. Details: http://weather.gov/twitter"
news,1:14 PM - 11 Mar 2009,WFLA,http://www.wfla.com,111865,2177,"Tampa, FL","27.94775,-82.4584399",WFLA News Channel 8 is a news leader in Tampa Bay.
wx,6:54 PM - 27 Mar 2009,WPSDWeather,http://www.wpsdlocal6.com/weather/default.aspx,13185,154,"Paducah, KY","37.08338,-88.6000399","WPSD Local 6 Weather Updates. Forecast updates for Paducah, Carbondale, Cape Girardeau, Murray, Union City, and surrounding communities."
news,8:42 PM - 17 May 2009,Stringernews,http://www.stringernews.com,5684,81,,,Covering Long Island's Breaking News Stories for 28 years. YOU MAY RETWEET BUT CALL FOR LICENSING PHOTOS AND VIDEO ON THE WEB OR TV
news,4:55 PM - 17 Jun 2013,Allnewsnetworks,http://www.allnewsnetworks.com,1437,271,,,We run and operate the website at http://www.allnewsnetworks.com . We simply post the news.
wx,10:48 AM - 17 Mar 2009,cbsbaltimore,http://www.cbsbaltimore.com,195731,527,Baltimore,"39.29086,-76.6107999","The latest #Maryland news, weather, sports and traffic from #WJZ. News tips: 410-578-7568. E-mail: newsroom@wjz.com. Download our apps."
fire/emt,3:00 AM - 14 Oct 2009,DC_Police,http://www.dc.police.uk,62596,689,"Devon and Cornwall, England","50.34752,-4.2175599",We do not monitor Twitter 24/7. For non emergencies or reporting crime email 101@dc.police.uk or in an emergency call 999.
news,1:42 PM - 15 Nov 2011,DailyPostNGR,http://www.dailypost.ng/,394093,14,Nigeria,"9.60003,7.99997","Get the latest Nigerian News and Features at Daily Post Newspaper - National, Politics, Entertainment, Celebrities, Metro, Sports & Opinions."
news,3:47 PM - 29 Nov 2011,dgtlresistance,http://digital-resistance.com,5429,47,Resistance is Freedom,,Curating global political news and providing insights and in-depth analysis in one place to give you the stories that matter. #No2ISIS #FreePalestine
news,10:26 AM - 2 Dec 2011,AP_Politics,http://apne.ws/1p2OXkb,260112,617,"Washington, D.C.","36.29885,-82.3591834","Highlights from AP's coverage of U.S. politics and government in words, photos and video. Managed by the Washington bureau. http://apne.ws/1n6XgyB"
wx,9:34 AM - 1 Jun 2012,NWSBayArea,http://www.weather.gov/sanfrancisco,29208,327,"San Francisco, CA","37.77928,-122.4192299",Official Twitter account for the National Weather Service San Francisco Bay Area. Details: http://weather.gov/twitter
disaster/accident,11:26 AM - 23 Sep 2013,ultrascanhumint,http://www.ultrascanhumint.com,2525,1606,,,Liaison Reliable Primary #HUMINT Sources - Money Laundering - Organized Crime and the Nexus Terrorism - #security #terrorism
journalist,11:07 AM - 16 May 2011,BraddJaffy,,183193,1277,New York,"40.73059,-73.9865799","NBC News . Senior news editor and writer, NBC Nightly News. The more em dashes — the merrier."
news,11:41 PM - 2 Oct 2011,torontonewsfeed,,2652,1122,Toronto,"43.65292,-79.3848999",Helping Torontonians stay informed on the latest Toronto breaking news! #followback #toronto #news
journalist,7:27 PM - 26 Aug 2008,BenjySarlin,,71302,1676,"Washington, DC","38.89495,-77.0366399",Political reporter for @NBCNews. Take it off Twitter at Benjy.Sarlin@nbcuni.com.
journalist,3:14 PM - 27 Nov 2009,maggieNYT,,465918,3197,,,"Random woman, New Yorker, White House correspondent for NYTimes, analyst CNN. RTs don't imply agreement. maggie.haberman@nytimes.com"
news,7:57 AM - 3 Jan 2017,dokuz8_EN,http://medium.com/@dokuz8HABER,1559,1143,"İstanbul, TUrkiye",,"News from Turkey in English. ""dokuz8 News is a citizen-journalism news network agency in Turkey. Main account in Turkish @dokuz8HABER"
fire/emt,8:17 AM - 16 Jun 2013,Metrorailinfo,http://www.wmata.com/alerts,81851,118,"Washington, DC","38.89495,-77.0366399","Official service info feed for Metrorail in the National Capital Region. To report an emergency, call Transit Police at (202) 962-2121."
news,4:16 PM - 18 Feb 2009,GlobalEdmonton,http://globalnews.ca/edmonton/,173221,258,"Edmonton, AB","53.53436,-113.5064999",Our City. Our News.
news,6:11 PM - 17 Dec 2008,TheSpec,http://thespec.com,97693,626,"44 Frid St., Hamilton, Canada","43.25965,-79.8925499","Headlines, alerts + comments from Hamilton Spectator. Use #HamOnt to join the conversation. 1-800-263-6902 | Spec staff http://bit.ly/20oZ0Vd"
news,3:43 PM - 8 Oct 2008,CBSSF,http://cbssf.com,75459,734,San Francisco Bay Area,"37.78849,-122.3558399",CBS SF is powered by the Bay Area’s KPIX 5 and KCBS All News 106.9 FM and 740 AM
wx,10:56 AM - 4 Feb 2009,KFOX14,http://www.kfoxtv.com/,92385,438,"El Paso, Texas","31.76003,-106.4872799","El Paso and Las Cruces News, Weather and Traffic, Coverage You Can Count On!"
wx,10:45 AM - 23 Jul 2007,fox32news,http://www.Fox32Chicago.com,94433,831,"Chicago, IL","41.87555,-87.6244199","FOX 32 News has got you covered for breaking news, weather, traffic, politics, and investigations. Join the conversation: #Fox32News"
news,2:47 PM - 14 Jan 2009,CBCToronto,http://www.cbc.ca/toronto/,431031,1130,Toronto,"43.65292,-79.3848999",Breaking Toronto news. torontotips@cbc.ca Snapchat: 'CBCToronto' Instagram: @CBCToronto http://fb.com/CBCToronto
disaster/accident,5:27 AM - 8 Oct 2015,todayinsyria,,31814,10216,,,News about war in #Syria & #ISIS
disaster/accident,6:19 AM - 13 Oct 2014,iitmweb,http://iitmweb.tumblr.com,1236,449,Interweb/Not affiliated2IN-gov,,IITMWEB covers news & affairs for #Terrorism | #SecurityThreats | #SocialCrime | #StrategicAffairs | #CyberCrime | #IndianDefence | #RAW #IB भारत http://fb.me/iitmweb
journalist,7:37 AM - 15 May 2016,SarahLSmith677,,24565,1540,,,JD (Attorney). MA (Theology). Writer. lux in tenebris lucet et tenebrae eam non comprehenderunt
fire/emt,9:32 AM - 18 Mar 2009,SeattlePD,http://seattle.gov/police,411394,1989,"Seattle, Washington","47.60383,-122.3300599","Seattle Police news/events. Call 911 to report emergencies. Site is not monitored 24/7. Comments, list of followers subject to public disclosure (RCW 42.56)."
wx,2:39 AM - 10 Jan 2011,NBCDFWWeather,http://www.nbcdfw.com/weather,61277,214,"Fort Worth, Texas","32.75317,-97.3327399",Local forecasts and weather updates from NBCDFW's team of meteorologists. Send us your photos via Twitter or to iSee@nbcdfw.com.
news,11:47 AM - 11 May 2009,koconews,http://www.koco.com/,121072,799,Oklahoma City,"35.47298,-97.5170499","Oklahoma City area news and updates from KOCO 5. Tune in M-F at 4:30-7 a.m., 5, 6 & 10 p.m."
news,1:01 PM - 17 Apr 2009,41actionnews,http://KSHB.com,112754,2864,"Kansas City, Mo.","39.08446,-94.5630199","Kansas City’s Clear Complete Coverage! Got a news tip? Tweet us or email tips@kshb.com. Tweet us your photos, too! #KCMO #KCK"
police/traffic,3:00 PM - 15 Dec 2008,KNX1070,http://www.knx1070.com,46887,3982,Los Angeles,"34.05439,-118.2439399",All NEWS. ALL THE TIME. Southern California's ONLY 24-hour news & traffic station. 323-900-2070 or knxnews@cbsradio.com. LISTEN LIVE http://bit.ly/RSxwZb
news,9:07 AM - 7 Jan 2017,NewYorkCityOBN,http://www.holidayinnewyork.xyz,433,1235,"New York, USA","40.73059,-73.9865799",Online Breaking News from New York CIty
news,8:31 PM - 9 Sep 2008,abcnewsMelb,http://www.abc.net.au/news,68732,715,"Melbourne, Australia","-37.8142099,144.96316",ABC News from Melbourne. This account is staffed 6am-9.30pm Mon-Fri & 8am-3.30pm Sat-Sun. This is an official @ABCaustralia account.
news,2:25 PM - 9 Apr 2008,postlocal,http://www.washingtonpost.com/local,122698,688,"Washington, D.C.","36.29885,-82.3591834","We're Washington, D.C.'s premier source for area breaking local news and information. Send tips and tweets to our reporters here: http://bit.ly/1t2Re43"
news,7:58 AM - 3 Jan 2016,insidemalaysia,,1291,4726,Malaysia,"2.39237,112.84719",Malaysia latest and greatest news
wx,1:26 PM - 2 Feb 2011,WDAYnews,http://www.WDAY.com,13920,264,"Fargo, ND","46.87722,-96.7898199","Your news, weather and sports leader for the Fargo-Moorhead region and beyond!"
journalist,4:32 PM - 15 Apr 2010,CabbageTV,http://cabbage.tv,2046,1134,"Charleston, SC","32.7876,-79.9402699",God's masterpiece | Journalist @WCBD @LowcountryCW | SC born & bred | Counting my blessings & chasing the dream | Matthew 12:30 | #chsnews #chstrfc #scnews
wx,8:02 PM - 31 Dec 2011,NWINews,,8188,6984,Northwest Indiana,"37.72037,-97.3230599","This account is a feed of News in Northwest Indiana. This is news only, no weather, no weather alerts, etc. Feeds are updated every 15 min"
disaster/accident,4:11 AM - 26 Sep 2014,terrorism_info,http://terrorism.trendolizer.com,9684,2171,,,"The most trending news about terror, terrorists and terrorism, as collected by Trendolizer"
news,11:03 AM - 2 May 2008,Automotive_News,http://www.autonews.com,171584,2696,"Detroit, MI","42.34866,-83.0567299",The auto industry's leading business publication - award-winning coverage from boardroom to showroom. @First_Shift @AutoNewsTV @AutoNewsEurope @AutoNewsCanada
journalist,5:08 PM - 21 Aug 2012,bigricanman,,4038,3704,New York,"40.73059,-73.9865799",Dad/Hubby/Infidel. RETIRED NYPD Detective/JTTF Terrorism InvestigatorI love my country VIEWS ARE MY OWN #BlueLivesMatter #StopKillingUs #BACKTHEBLUE
news,8:44 PM - 20 Mar 2016,WIONews,http://www.wionews.com,19996,8116,South Asia,"29.65688,91.13142","World Is One News #WION | We tell global stories, from South Asia. Be one with us | http://fb.com/WIONews"
journalist,2:01 PM - 1 May 2010,ShivAroor,http://facebook.com/aroorshiv,521072,317,Delhi,"28.65171,77.22193","Editor-in-Chief, @Livefist | Author, #OperationJinnah | Consulting Editor, @IndiaToday | Write for @AviationWeek et al | shivaroor@gmail.com"
news,1:56 AM - 31 Dec 2016,RaajjeEnglish,http://www.raajje.mv,473,109,"Male', Maldives","4.175415,73.5102038324873",Raajjemv - English News updates Tel & Fax : +(960) 3007771 | 3007773
journalist,7:21 AM - 24 Nov 2011,Intprofessor,,11213,2696,,,"Freelance Journalist, Researcher, Cartonist, Blogger, Human Rights activist - http://www.makepakistanbetter.com/why_how_what_user.asp?UserID=International_Professor …"
news,2:53 AM - 13 Jun 2009,hkstream,,41098,416,Hong Kong,"22.27932,114.16281",Keeping track of Hong Kong in the media.
news,12:56 AM - 14 Oct 2008,mailandguardian,http://www.mg.co.za,750145,431,"Johannesburg, South Africa","-26.2049999,28.04972","News, comment and analysis from Africa's best read. Follow Team M&G on Twitter: https://twitter.com/mailandguardian/lists/team-m-g …"
news,11:40 PM - 18 Nov 2015,TEN_GOP,,115190,75039,"Tennessee, USA","35.773,-86.2819999","Unofficial Twitter of Tennessee Republicans. Covering breaking news, national politics, foreign policy and more. #MAGA #2A"
wx,2:52 PM - 24 Oct 2008,krqe,http://krqe.com,68811,1648,"Albuquerque, New Mexico","35.0841,-106.6509799",Albuquerque & New Mexico News and Weather from http://KRQE.com
journalist,9:34 AM - 1 Feb 2015,JantaKaReporter,http://www.jantakareporter.in/,112012,361,,,Media revolution in India has begun! With your support Janta Ka Reporter has now become a reality. Send your write ups to ireport@jantakareporter.com
news,5:37 AM - 25 Jun 2009,iraqsolidarity,http://iraq-solidarity.blogspot.com/,9167,287,"Manchester, England","53.47913,-2.2440999","Iraq Solidarity News is a #British-#Iraqi service, specialising in #news and information from #Iraq. Subscribe to our newsletter here: http://bit.ly/1tp4XgZ"
journalist,3:42 AM - 4 Dec 2011,JulianRoepcke,http://www.bild.de,45514,714,Germany,"51.08341,10.42344",Journalist. Political editor @BILD. Fmr. columnist @OrientNewsEn. RT + ≠ endorsement
news,4:19 PM - 12 Jan 2009,nationnews,http://www.nationmultimedia.com,494292,1054,"Bangkok, Thailand","13.585915,100.41608339172","Thailand News ,Thai politics , Thailand travel ,AEC , ASEAN"
news,9:17 PM - 28 Nov 2010,sunbrk,https://sun.mv/,80999,905,"Maldives, Male'","4.175415,73.5102038324873",Sun Online delivers the latest breaking news and information from Maldives and around the world.
news,4:26 AM - 11 May 2013,NewsYorkshire,http://www.newsyorkshire.co.uk/,2530,130,Location: Yorkshire,"53.88625,-1.5383199",News from around Yorkshire
journalist,11:23 AM - 31 Jan 2011,MagnusRanstorp,http://www.fhs.se/sv/kontakta-oss/r/ranstorp-magnus/,25860,1931,Stockholm,"59.32511,18.07109",Leading Terrorism Expert before & after 9/11. EU Radicalisation Awareness Network -Centre of Excellence Quality Manager. All views expressed here are personal
disaster/accident,2:47 PM - 6 Aug 2009,defencepk,http://www.defence.pk/,182300,657,Islamabad Pakistan,"33.69457,73.06437",Follow Pakistan's Largest Battlespace Analysis Group | Military News - OSINT - Hybrid Warfare - C4ISR - NATSEC - Industry | RT ≠ Endorsement | EST-2005 PVT
news,9:25 AM - 25 Mar 2008,nationalpost,http://www.nationalpost.com,736096,11871,Canada,"61.06669,-107.9916999","News, analysis & commentary by the National Post. The Post on Twitter: http://natpo.st/mRz43J  | Post Staff http://natpo.st/qCGHOg"
govt,6:47 PM - 30 Mar 2014,I_stand_for,,3709,998,Global Community,,The Boats still come. Fours years men women children and babies have been held as Australian Governments political prisoners on Manus and Nauru. Shame on us all
disaster/accident,9:19 AM - 22 May 2015,SethAbramson,http://www.sethabramson.net,121014,49,Amazon: tinyurl.com/zexzndy,,"Attorney and former criminal investigator. Professor @UofNH (Journalism, Writing, Legal Advocacy). Prose @SeattleTimes, @WashingtonPost, @DallasNews, et al."
journalist,7:24 AM - 24 Aug 2015,RikkiKlausWSB,http://wsbtv.com,4211,1938,"Atlanta, GA","33.74909,-84.3901799",@wsbtv reporter | @UF grad | @atlpressclub member | rikki.klaus@wsbtv.com
wx,4:26 PM - 5 Feb 2009,kgun9,http://www.kgun9.com,44828,496,"Tucson, AZ","32.22174,-110.9264699","KGUN9 is Southern Arizona's station for breaking news, weather and sports. We are On Your Side to ask the tough questions on issues in our community."
wx,2:37 PM - 2 Nov 2008,6News,http://www.wate.com,158913,8912,"Knoxville, Tenn.","35.96039,-83.9210199","WATE 6 On Your Side provides the latest news, weather, sports and traffic updates from East Tennessee."
news,7:34 AM - 10 Sep 2008,ArizonaDOT,http://www.AZ511.gov,177819,580,Arizona,"34.39534,-111.7632699","Driven to get Arizonans where they want to go. News & info from the Arizona DOT, hosted by PIOs Peter, Caroline, Garin, and David. Tweeting & Driving Don't Mix!"
fire/emt,9:50 PM - 11 May 2011,ChrisPalmer1216,http://m.facebok.com/CJPFirephotos,2403,1401,"Cranston, RI","41.78095,-71.4371199","Photographer of fire scenes in RI and MA., Member of Providence Citywide @PCFN Car 27, @PVDCanteen. OPINIONS ARE MY OWN Retweets are not endorsements"
news,5:36 PM - 10 Feb 2009,WHAS11,http://www.whas11.com/,144834,725,"Louisville, KY","38.25423,-85.7593999","WHAS11 News is your source for Louisville, Southern Indiana news online and on-air. TEGNA Foundation grant information: http://on.whas11.com/29rdU97"
news,10:47 AM - 29 Jun 2014,EuromaidanPress,http://euromaidanpress.com,14995,1081,,,News and analysis from Ukraine
news,6:18 PM - 9 Nov 2008,KSTP,http://www.kstp.com,85304,407,Twin Cities | Minnesota,"44.98607,-93.1812594839065","KSTP-TV Channel 5, the upper Midwest's first commercial television station, is owned by the pioneering broadcasting company Hubbard Broadcasting, Inc."
news,8:31 AM - 9 May 2009,DenverPostBrk,http://www.denverpost.com/breakingnews,10625,6540,"Denver, Colorado","39.73915,-104.9846999","Colorado's most important breaking news, brought to you by @denverpost. This is an automated feed."
wx,7:43 AM - 16 Jan 2009,breakingweather,http://AccuWeather.com,798190,2019,"State College, PA","40.79402,-77.8606899",Breaking weather alerts and timely weather news updates from @AccuWeather forecasters. Email support@accuweather.com for support.
news,9:39 AM - 4 May 2007,1010WINS,http://www.1010WINS.com,36963,948,"New York City, NY, USA","40.73059,-73.9865799","All News. All The Time. You Give Us 22 Minutes, We'll Give You The World."
news,7:41 PM - 3 Oct 2007,dailytelegraph,http://www.DailyTelegraph.com.au,167107,14122,"Sydney, Australia","-33.8548099,151.21645","Follow for breaking news in Sydney. NRL News, Sport, Entertainment and Business. We'll retweet our journalists here too"
fire/emt,8:21 AM - 13 Sep 2011,LasVegasFD,http://lasvegasfire.org,17946,7,"Las Vegas, Nevada USA","36.16628,-115.1492199",Official information from Las Vegas Fire & Rescue Public Information Officer PIO1 (@firepeio) w/ @CityofLasVegas. Official LVFR Facebook: LasVegasFD
news,10:44 AM - 12 Dec 2008,news6wkmg,http://www.clickorlando.com,121854,1547,"Orlando, FL","28.54211,-81.3790399",Central Florida @CBSnews affiliate. Tweeting updates from News 6 and http://www.clickorlando.com .
news,5:56 AM - 1 Feb 2016,OrientalTimes,https://www.orientaltimes.co,5507,5,Federal Capital Territory,"8.83112,7.17246","No. 1 Independent and unbiased online newspaper. We give In-depth report on Biafra, Niger Delta, Nigeria and World Politics"
wx,1:27 PM - 14 Apr 2008,WKRG,http://www.wkrg.com/,60892,199,Mobile Al Pensacola Fl,,"WKRG TV Mobile, AL Breaking News, Sports and Weather."
wx,2:17 AM - 11 May 2010,bbcweather,http://www.bbc.co.uk/weather,350066,27,United Kingdom,"54.70235,-3.2765699","Never get caught out by the weather! Official BBC Weather account, run by presenters and producers. Forecasts, videos and behind-the-scenes chat."
news,5:16 PM - 31 Mar 2009,4thAnon,,41251,168,Right Behind You,,We Are Legion. We Do Not Forget. We Do Not Forgive. Corporate Media. Expect Us!
wx,1:32 PM - 23 May 2011,NWSSaltLakeCity,http://weather.gov/saltlakecity,17321,121,"Salt Lake City, UT","40.76701,-111.8904299",Official Twitter account for the National Weather Service Salt Lake City Utah. Details: http://weather.gov/twitter
journalist,3:21 AM - 26 May 2010,prasunmaitra,http://prasunmaitra.blogspot.com,2169,236,Kolkata,"22.56874,88.34629","Hindu Samhati activist. Fighting against Islamization of WB. Views apolitical. Nation first. Fav quote- In the matter of principle, stand like a rock."
news,2:26 PM - 16 Jun 2011,AskAnshul,http://www.facebook.com/AskAnshul,43264,268,India,"22.35111,78.66774",| News Junkie | Politics | Foreign Affairs | National Security | Observer & Analyst | i tweet informative facts and opinions | http://Youtube.com/AskAnshul
disaster/accident,2:17 PM - 1 Jul 2008,vcstar,http://www.vcstar.com/,55688,300,"Ventura County, CA","34.44582,-119.0779299","News stories selected by the Ventura County Star team. Local business, sports, crime, food, politics, education and more."
news,8:46 PM - 28 Mar 2014,Nepal_News_En,,9514,54,"Kathmandu, Nepal","27.70879,85.32024","Aggregates news from Nepali media in English from MyRepublica, The Himalayan Times, Kathamandu Post (E-Kantipur RSS is down since months) and SetoPati."
police/traffic,2:15 PM - 21 May 2009,TotalTrafficDFW,http://www.totaltraffic.com/,9234,315,Dallas/Fort Worth,"32.73579,-97.2299499",Total Traffic Network for Dallas/Fort Worth-Call us to report traffic delays: 214-866-8888
news,3:34 AM - 11 Feb 2009,TheNationalUAE,http://www.thenational.ae,854185,577,"Abu Dhabi, UAE",,"The official Twitter feed of The National, the UAE's premier news source, with top stories, special features and more."
news,1:51 AM - 12 Mar 2009,SCMP_News,http://www.scmp.com,441527,345,Hong Kong,"22.27932,114.16281","South China Morning Post provides news and analysis on Hong Kong, China and the rest of Asia."
govt,6:25 AM - 7 Nov 2012,EFFSouthAfrica,http://www.effonline.org,240279,12056,ZA,"49.22346,18.73931",The official platform for Economic Freedom Fighters to champion radical economic policies in South Africa. It's for Fearless Fighters. SA Government in Waiting!
govt,10:44 PM - 12 Jul 2012,ReaganCoalition,http://www.reagancoalition.com,53806,16,,,I am proud to be an American: Small Government. Liberty. Freedom. Constitution. I did NOT vote for Obama.
news,7:46 AM - 18 Dec 2012,BuzzFeedNews,http://www.buzzfeed.com/news,891313,4910,,,The most trusted @ username in news. Download the BuzzFeed News App: iOS: http://bzfd.it/2mAOorw  Android: http://bzfd.it/2n0Pf03
news,5:47 AM - 19 Mar 2015,jenkers_en,http://jenkers.com/en,1453,272,San Francisco,"37.77928,-122.4192299",Jenkers connecting news http://facebook.com/jenkers.en  http://vk.com/jenkers_en
news,9:35 AM - 24 Jul 2009,pajhwok,http://www.pajhwok.com,213904,319,"Kabul, Afghanistan","34.5197,69.16243",Nationwide news agency covering Afghanistan with staff of 125+
news,6:27 AM - 10 Oct 2008,allafrica,http://allafrica.com,304681,1310,Africa,"2,15.99999",News and information from the fast-changing continent. Also follow @allafricafrench & @AllAfricaSport & check AllAfrica on Rebel Mouse: http://www.rebelmouse.com/allafrica
news,12:04 PM - 27 Aug 2012,BNTeesside,http://www.bntmedia.co.uk,7103,508,"Teesside, UK","54.63061,-1.3159129",Bringing the Breaking News to Teessiders! PLEASE READ OUR COMMUNITY RULES: https://www.bntmedia.co.uk/rules
news,7:46 AM - 2 Oct 2008,CW56,http://www.cw56.com,2064,348,Boston,"42.36048,-71.0595599","Official Twitter acct of Boston's CW Television Network, featuring #Arrow, #JaneTheVirgin, and coming this fall #SupergirlCW! Tweet us your favorite CW shows!"
journalist,3:55 PM - 19 Apr 2014,johnspatricc,http://bit.ly/aunewse,24046,1,Los Angeles,"34.05439,-118.2439399",Extreme writer. Hardcore introvert. Music lover. Unapologetic beer fanatic. Incurable internet nerd. Subtly charming explorer.
news,7:24 AM - 1 Dec 2016,Newsofthehour1,http://newsofthehour.co.uk/,1433,1931,"Nottingham, England","52.95497,-1.1510999",Latest news as its coming. News from World's best sources.
journalist,11:44 AM - 22 Oct 2012,TravisMFOX5,http://www.fox5atlanta.com,1092,1483,Atlanta,"33.74909,-84.3901799","Mild-mannered citizen by day, award-winning Digital Editor for @FOX5Atlanta by night. My opinions are my own... And they are usually awesome!"
fire/emt,2:52 PM - 24 Oct 2007,CalFireNews,http://calfirenews.com/,32552,10634,"California, United States","36.70146,-118.7559899",California Fire News™ Bob O'Connor Editor & GZ 911 Vet - Public Safety Info ☞ Real scoop when you need it! ★ NOT OFFICIAL ALERTS #CAFire #NeverForget
news,3:47 PM - 19 Oct 2010,CBS5AZ,http://www.cbs5az.com,49299,268,"Phoenix, Arizona","33.44858,-112.0773399",We give you the ANSWERS you need. The official Twitter page of #CBS5AZ News KPHO-TV in Phoenix.
journalist,4:25 PM - 6 Apr 2009,LederHals,,1243,1514,,,"USMC combat vet, Libertarian. Views = my own. #fairtax"
fire/emt,6:49 AM - 19 Jan 2009,bostonpolice,http://bpdnews.com,473790,247,"Boston, MA","42.36048,-71.0595599","Tweeting BPD News and real time emergency notifications. **For emergencies, please call 911. Account not monitored 24/7."
news,10:49 AM - 12 Mar 2015,CWNewsReport,http://www.citizenworldnewsreport.com,1004,1456,Global,,"Citizens Around the World Reporting News When it Happens, Where it Happens. No Biased Media."
news,7:39 AM - 11 Apr 2008,WFMY,http://www.facebook.com/wfmynews2,112661,598,"Greensboro, North Carolina","36.07263,-79.7919699","@WFMY News 2 delivers #BreakingNews & Headlines, #TriadTraffic #NCWX @2WTK @wfmyweather #WFMYSports for Piedmont Triad, North Carolina http://www.wfmynews2.com ."
wx,5:36 PM - 29 Sep 2008,NBC10,http://www.turnto10.com,90018,645,"Providence, Rhode Island","41.82398,-71.4128299","Turn to 10 for news and weather coverage for Rhode Island, southeastern Massachusetts and Cape Cod. See breaking news, call 401-455-9105 or email news@wjar.com."
wx,3:20 PM - 6 Aug 2008,KREM2,http://www.krem.com,54947,1872,"Spokane, Washington","47.65886,-117.4247099","Covers the latest news, weather & sports around the Inland Northwest. Based in #Spokane, Wash. Owned by @Tegna. Check out #KREMBTS for a look behind the scenes."
wx,11:29 AM - 2 Apr 2009,KMOV,http://kmov4.mlnwap.com,89843,275,"St. Louis, MO","38.62727,-90.1978799","Bringing you the latest St. Louis news, weather, traffic and sports on your computer or mobile device. For more download the KMOV mobile app."
journalist,5:06 AM - 13 Sep 2013,raystoneauthor,http://about.me/ray.stone,8715,5843,Paphos - Cyprus,"34.77553,32.422",#mystery #author #photographer 5 books and Time Travel on the way FB Page fb/raystoneauthorpage |
journalist,10:03 AM - 30 Mar 2007,Oregonian,http://oregonlive.com,255842,897,"Portland, Oregon","45.52024,-122.6741899",News updates from the largest news org in the Pacific NW. See it all at http://OregonLive.com . Find reporter and more accounts in our lists.
news,1:33 AM - 6 Jan 2010,ForTraders,http://www.4-traders.com,8200,79,,,"Find all financials news in real time. Equities, Indexes, Commodities, Currencies, Analysis, Top & Flop @4tradersleaders"
journalist,6:44 AM - 17 Jun 2014,legaljournalist,http://barandbench.com/,5691,637,New Delhi,"28.61389,77.21595","Associate Editor @barandbench, report from the Supreme Court of India. RTs not endorsements."
wx,9:11 AM - 15 Oct 2008,ABC2NEWS,http://www.abc2news.com,46991,10775,Baltimore,"39.29086,-76.6107999","ABC2 is Maryland's Source for Online Video, News, and Weather. WMAR-TV, Baltimore, #Ravens, #Orioles. @ABC2Weather features Maryland's Most Accurate storm team."
police/traffic,9:59 PM - 19 May 2012,Ma3Route,http://ma3route.com,734626,9524,Kenya,"1.44196,38.43139","A mobile, web and SMS platform that helps citizens to share and access info about transport and current traffic conditions for their city. #BeatInconvenience"
news,9:33 AM - 5 Jan 2016,GeosNewsAtlanta,http://us.geosnews.com,294,211,"Atlanta, GA","33.74909,-84.3901799",Local breaking news from #Atlanta #ATL #BigPeach #BlackMecca #DogwoodCity
fire/emt,8:05 AM - 27 Dec 2008,tofireE,http://twitter411.ca,4090,7,"Toronto, Ontario, Canada","43.65292,-79.3848999",Toronto Fire East Command Active Incidents
news,11:18 AM - 9 Jan 2008,memphisnews,http://www.commercialappeal.com,127867,1546,"Memphis, TN","35.14902,-90.0516199","The official Twitter account of Memphis' news leader, The Commercial Appeal."
news,2:03 AM - 4 Apr 2008,1NewsNZ,http://1NEWSNow.co.nz,142025,242,,,Stay ahead with 1 NEWS | Instagram and Snapchat: 1NewsNZ
news,9:50 PM - 18 Oct 2014,NoThiefs,http://www.nothiefsallowed.org,17424,266,United States of America,"39.78373,-100.4458799","N.T.A. NEWS™, a division of the No 'Thiefs' Allowed™, seeks to bring you the verifiable news the Live Coverage #BREAKINGNEWS. We #BackTheBlue"
news,3:26 AM - 23 Apr 2009,edinburghpaper,http://www.edinburghnews.com,124201,3831,Edinburgh,"55.94956,-3.1914899",First for news and sport in Edinburgh and Lothians. Established 1873. Follow us on Facebook.
news,4:50 AM - 30 Jan 2013,NTVnewsroom,http://ntv.nation.co.ke,52286,403,Nairobi,"-1.2832499,36.81724",Breaking news & live updates from the @ntvkenya Digital team
news,4:08 AM - 10 Sep 2009,maytham956,https://www.facebook.com/MaythamSyria/,29015,146,https://www.facebook.com/Mayth,,"Stay connected with Syria, latest updates from the battle fields, News and information. Our main concern is Syria.. Syria Comes First"
news,1:10 AM - 10 Jul 2012,sr99news,,546,925,,,Just 99 % News
news,7:50 AM - 13 Apr 2009,MaanNewsAgency,http://www.maannews.com,222028,15,"West Bank, Gaza Strip",,Up-to-the-minute news from Palestine
journalist,12:41 AM - 7 Apr 2010,alisalmanalvi,http://alisalmanalvi.wordpress.com,22624,133,"Lahore - Islamabad, Jihadistan",,"Columnist, Broadcast Journalist, Cricket Junkie. Tweets reflect my views NOT my employer's."
journalist,11:56 PM - 10 Jan 2009,khaleejtimes,http://www.khaleejtimes.com,268959,619,United Arab Emirates,"24.00024,53.99948",News. Trends. Views. Insights. UAE at your fingertips. Delivered specially for you by a news icon
police/traffic,6:20 AM - 27 Sep 2010,alertmessages,https://www.neighbourhoodalert.co.uk,43886,4791,UK,"54.70235,-3.2765699","The Neighbourhood Alert system is a secure community messaging system used by the Police, members of Neighbourhood Watch & other community groups"
wx,10:57 AM - 25 Mar 2009,tornadopayne,http://news9.com,83715,666,Oklahoma City,"35.47298,-97.5170499",KWTV News 9 Chief Meteorologist...love my family first..weather second
news,12:45 AM - 23 Jan 2009,tokyoreporter,http://www.tokyoreporter.com,47876,993,#Tokyo #東京都,,"#Japan's top news, features and photography tokyo.reporter@gmail.com"
news,7:04 PM - 9 Jan 2008,LasVegasSun,http://www.lasvegassun.com,203891,21247,"Las Vegas, NV","36.16628,-115.1492199","Southern Nevada’s award-winning source for news, sports, politics, entertainment and opinion; locally owned and independent since 1950"
news,5:11 AM - 25 Aug 2011,breakingnewsnig,,28509,5,Made in Nigeria,"11.5309,11.3159",Breaking news Nigeria! Aggregating the news that puts you first! Miss nothing! Email-breakingnewsnig@gmail.com
news,7:17 PM - 26 Nov 2016,RoosterNewsSite,http://hashtagpinpoint.com/,1059,4898,"California, USA","36.70146,-118.7559899",NO FAKE NEWS! Watch LEFT-CENTER-RIGHT news and BE HEARD! Simple and clean--share with a friend!
journalist,8:46 PM - 28 May 2014,TheAmirVera,https://www.facebook.com/averajournalism,1150,968,,,Reporter for the @virginianpilot digital enterprise team #DartSquad | @VCU alumnus | Email news tips and inquiries to amir.vera@pilotonline.com.
news,8:55 PM - 13 Feb 2010,PHINewsNet1,https://twitter.com/PHINewsNet1,16128,16062,"Manila, Philippines","14.59062,120.97996",Patrick Josh Valisno's News Account
news,11:45 AM - 24 Apr 2009,BloombergTV,http://bloomberg.com/tv,439962,449,New York,"40.73059,-73.9865799","Breaking news. Exclusive interviews. Market-moving scoops. Watch Bloomberg #Daybreak LIVE on @Twitter, every weekday from 7:00 - 9:00 AM ET."
news,11:41 PM - 26 Jul 2009,Focus_Taiwan,http://focustaiwan.tw/,16539,1939,Central News Agency (CNA),,News from Taiwan & daily front pages in the Republic of China -- #Taiwanheadlines. Welcome to retweet.
news,5:43 PM - 15 Jul 2010,BirminghamUSA,,1085,29,"Birmingham, AL","33.52068,-86.8024299","Birmingham #Twitter page with latest news from #Birmingham, #Alabama."
fire/emt,1:08 PM - 8 Nov 2012,HCPDNews,http://www.hcpd.org,84290,343,"Howard County, MD","39.23052,-76.9166199","This is the official page for the Howard County Police Department, Maryland. Not monitored 24/7. Call 911 to report crimes or 410-313-2200 for non-emergencies."
news,7:58 PM - 11 Jul 2008,FOX16News,http://www.fox16.com,75212,1139,Central Arkansas,"34.2962,-92.8529399",Your Breaking News Leader!
news,2:32 PM - 8 Jun 2008,DeseretNews,http://www.deseretnews.com,85934,135,"Salt Lake City, UT","40.76701,-111.8904299",Official Twitter of the Deseret News
wx,11:05 PM - 16 Jun 2011,SimpleWeatherMO,http://www.simpleweatheralert.com,156,60,Missouri,"38.76048,-92.5617799",Get more page views. Attract Twitter followers. Provide a valuable service. Add real-time weather alerts to your social media. See our home page for details.
wx,4:05 PM - 24 Mar 2009,WBBMNewsradio,http://www.CBSChicago.com/,29356,197,"Chicago, IL","41.87555,-87.6244199","#News, #Sports, #Weather, #Traffic & #Bears on-air at #Chicago's legendary WBBM Newsradio 780 AM & 105.9 FM and always on http://CBSChicago.com"
journalist,11:16 PM - 11 Oct 2007,Razarumi,http://www.razarumi.com,304145,4853,"Ithaca, NY","42.4396,-76.4967999",Writer. Editor @DailyTimesPak V faculty @CornellCIPA @IthacaCollege @nyugallatin~Prev Editor @TFT_ ;Staffer @ADB_HQ @UN;GoP Author @DelhibyHeart &Fractious Path
wx,1:44 AM - 6 May 2008,HawaiiNewsNow,http://HawaiiNewsNow.com,128543,1745,"Honolulu, Hawaii","21.30454,-157.8556699",Hawaii's News Leader for Breaking News and Severe Weather. #HINews
police/traffic,5:50 AM - 27 Jul 2012,upcoprahul,https://uppolice.gov.in,163018,1701,Addl SP/ PRO DGP HQS @UPPOLICE,,"Genetically a cop . All men r not created equal, some become #police man. Personal account & views"
wx,3:36 PM - 10 Feb 2009,jamesaydelott,http://www.fox23.com/station/staff/james-aydelott/12769826,22192,18897,"Tulsa, Oklahoma","36.15568,-95.9929099",Guy who answers weather questions | Grateful for the Grace from אֶהְיֶה אֲשֶׁר אֶהְיֶה |Daddy to 2|Meteorologist|4th Gen Okie|Pilot|Amateur Theologian #okwx
news,7:46 AM - 17 Mar 2017,NewsInVideosCom,http://NewsInVids.com,6,0,,,Breaking World News In Videos. http://NewsInVids.com  #NewsInVids
news,5:42 AM - 14 Jan 2010,hyderabadtimes,,1531,455,,,News tweets from Hyderabad
news,1:09 PM - 4 Feb 2009,KARK4News,http://arkansasmatters.com,119523,2627,"Little Rock, AR","34.74648,-92.2895899","KARK 4 News delivers local news that matters to Central Arkansans 24 hours a day on air, online, and on the go."
journalist,11:39 AM - 4 Aug 2011,samirasawlani,https://m.soundcloud.com/user-298536270,41484,1814,London,"51.50732,-0.1276399","Writer, journalist,analyst on east Africa|eye on the rest of the continent|Penchant for fashion,fitness & fiction. | samira@mediadiversified.org"
journalist,10:17 AM - 11 Oct 2011,JulianAssange,https://justice4assange.com/,201796,1,"Ecuadorian embassy, London",,Publisher @WikiLeaks; Refugee; Picking the lock to the chain that enslaves mankind--ignorance. No peace without truth; no war without lies. Viva el Ecuador!
news,9:55 AM - 24 Aug 2011,OutFrontCNN,http://www.cnn.com/OutFront,260196,729,"New York, NY","40.73059,-73.9865799","Smart and entertaining, @ErinBurnett is always OutFront of the news. Erin Burnett OutFront airs weeknights at 7pm ET on @CNN and on @CNNi Saturdays & Sundays."
fire/emt,1:39 PM - 27 Dec 2009,tofiref,http://twitter411.ca,2686,4,"Toronto, Ontario, Canada","43.65292,-79.3848999",Toronto Fire FIRE active incidents (Minus ALARM Calls) Not affiliated with Toronto Fire Dept. or City of Toronto.
news,5:31 AM - 6 Dec 2010,Wanted_Suspects,http://www.EmergencyTraffic.net,2513,7,United States,"39.78373,-100.4458799","News feeds of suspects, fugitives & person's of interest who are wanted by law enforcement as reported by the news media. THIS IS NOT OFFICIAL INFORMATION!"
news,10:21 AM - 30 Apr 2008,inforum,http://www.inforum.com,32318,774,"Fargo, N.D.","46.87722,-96.7898199",Fargo-Moorhead news in 140 characters (or less).
wx,1:55 PM - 24 May 2012,NWSShreveport,http://www.weather.gov/shv,8432,260,"Shreveport, Louisiana","32.482845,-93.8284804445831","Official Twitter account for the National Weather Service in Shreveport, LA. Details: http://weather.gov/twitter"
fire/emt,6:28 PM - 8 Mar 2007,LAFD,http://LAFD.ORG,73619,20,"Los Angeles, CA USA","34.05439,-118.2439399","A full-spectrum life safety agency protecting the City of Los Angeles. To report an emergency, call 9-1-1."
wx,6:49 PM - 29 Mar 2009,TxStormChasers,http://texasstormchasers.com,204223,101624,"Cedar Hill, TX","32.58891,-96.9559299",Source of Texas Weather Information . Always hunting for the next storm to document . Doesn't read DMs! . Tweets usually from David Reimer
wx,10:57 AM - 7 Sep 2010,KenSouthWJTV,http://www.wjtv.com/weather,658,0,"Jackson, MS","32.410435,-90.1620574","Chief Meteorologist at WJTV, the CBS affiliate in Jackson, MS. AMS Seal holder #1639"
disaster/accident,7:13 PM - 19 Jul 2014,Nidalgazaui,http://nidalgazaui.wordpress.com,14598,463,Germany,"51.08341,10.42344","18 Years old Freedom Activist from Germany. Head of @GazauiTUR. Visited the YPG in Syria. MENA Analyst, Focusing on Terrorism and Jihadist Groups in ME."
journalist,9:33 AM - 16 Apr 2009,Sophiemcneill,http://www.abc.net.au/news/sophie-mcneill/4516794,30552,4570,Middle East,"32.18623,34.97714","Middle East correspondent & video-journalist @abcnews Australia sophie.e.mcneill@gmail.com Find my TV, radio & online work on link below"
police/traffic,2:39 PM - 31 Jul 2013,WSBTraffic,http://WSBTV.com/traffic,9511,754,"Atlanta, Ga","33.74909,-84.3901799",Atlanta's number one source for the latest traffic conditions.
journalist,11:49 AM - 3 Jun 2009,AdityaRajKaul,https://www.facebook.com/kauladityaraj,77595,5734,"New Delhi/Srinagar, India","12.93542,77.691","Associate Editor, Foreign/Strategic Affairs. @republic aditya.kaul@republicworld.com"
news,1:54 AM - 27 Sep 2009,dailystarnews,http://www.thedailystar.net,264967,126,Bangladesh,"24.47687,90.29324","Bangladesh's largest English Daily. The latest & breaking news, features, analysis and more from @dailystarnews."
news,5:50 AM - 9 Feb 2009,HounslowChron,http://www.hounslowchronicle.co.uk,4751,29,Hounslow,"51.46861,-0.3613399",The best source of news for all things Hounslow. Plus local sport and Brentford FC.
news,12:19 PM - 18 Oct 2009,BBCTees,http://www.bbc.co.uk/tees,40091,257,"Teesside, UK","54.63061,-1.3159129","News for Teesside, County Durham & North Yorkshire. tees@bbc.co.uk or call 01642 225211. Listen to us on 95FM, DAB, Freeview 722 & http://bbc.co.uk/bbctees ."
news,9:08 PM - 12 Mar 2014,InfoEire,http://www.focalisesoftware.com,990,23,,,Keep up to date with Irish News
police/traffic,2:06 AM - 27 Aug 2012,truckerworld,http://truckerworld.uk,2310,976,London,"51.50732,-0.1276399",Your Views On The World Of Transport
news,9:42 AM - 25 Sep 2008,News_8,http://www.rochesterfirst.com,77617,1400,"Rochester, NY","43.15728,-77.6152099","The official Twitter account of the #WROCTV Team You Can Trust for community-centered news, sports, and the most accurate forecast in #ROC for 7 straight years."
news,12:16 AM - 16 Nov 2012,Obar_Mark,http://www.obarmark.com,1601,2247,"Nairobi, Kenya.","-1.2832499,36.81724",Industrial Technology Designer I Award winning Information Scientist I IT I Media http://bit.ly/ZPyKYR  DP at @StandardKenya [JESUS CHRIST IS MY SAVIOR.]
police/traffic,4:24 AM - 24 Jun 2010,CapeTownFreeway,http://www.i-traffic.co.za,44076,0,Cape Town //\/¯¯¯\/\,"-33.9288999,18.41724","We report traffic flows on Cape Town Freeways, N1 to the Tunnel, N2 to Sir Lowry's Pass, N7 to Potsdam, R300 and M5 between N1 and N2 https://www.facebook.com/Cape-Town-Freeway-251631504868059/timeline/ …"
news,12:08 AM - 12 Mar 2010,myBurbankNEWS,http://www.myburbank.com,27633,349,"Burbank, Ca USA","34.18164,-118.3258499",Bringing you breaking and local news from Burbank & features from the surrounding area. Follow @myBurbankSports for latest sports news. Check our website also!
news,3:43 PM - 10 Sep 2010,BNONews,http://www.bnonews.com,37094,1,,,Breaking news and developing stories from America and around the world.
news,2:56 PM - 16 Feb 2012,islandswagco,,2803,2528,Worldwide,,"News, Information, Fashion & Products With A Distinct Island Flavor"
news,12:20 PM - 29 Jan 2010,970WDAY,http://www.wday.com/radio,2778,355,Fargo,"46.87722,-96.7898199",News Talk 970 WDAY
wx,8:09 AM - 1 Aug 2009,JacksonvilleCP,http://toplocalnow.com/united-states/florida/jacksonville,2534,10,"Jacksonville, FL","30.33218,-81.6556499",Breaking news and weather updates from Jacksonville.
wx,2:43 AM - 20 Feb 2009,JimCantore,https://Twitter.com/jimcantore,854324,2067,Location: Up to mother nature,,Certified Broadcast Meteorologist and AMS Fellow. WX GEEK at TWC for 30+ years. Always awaiting mother natures latest temper tantrum. The journey is the reward.
news,8:29 AM - 9 May 2016,newsfoxlive,http://bit.ly/GTAvPatch,36,0,United Kingdom,"54.70235,-3.2765699","Breaking Games News, Latest News and Current News, #Breaking news and video Games. Latest Current News: U.S., World, Entertainment, Health"
news,10:54 PM - 26 Dec 2012,NewsNationTV,http://www.newsnation.in,64407,300,"Noida, India","28.57264,77.35476",Latest and Breaking news alerts from India and the world. Retweets are not endorsements.
news,10:23 AM - 20 Feb 2009,WCVB,http://www.wcvb.com,227749,848,"Boston, MA","42.36048,-71.0595599",Real time updates from Boston's News Leader: WCVB NewsCenter 5
police/traffic,7:44 AM - 12 Sep 2016,MPalmer3270,http://linkedin.com/in/martinpalmer31,959,917,Kent UK,"51.22446,0.73342","Retired Police Officer and Infantry soldier. Stop/Search, SC, Leadership, Strategy, Critical Incident Management, Digital Police Systems and British Army."
wx,1:44 PM - 1 Jun 2012,NWSPaducah,http://weather.gov/paducah,20307,179,"Paducah, KY","37.08338,-88.6000399","Official Twitter account for the National Weather Service Paducah, Kentucky. Details: http://weather.gov/twitter"
news,4:20 AM - 25 Jan 2017,Iram_Ahmad_Khan,,12811,251,Pakistan,"30.33084,71.24749",Rts Not Endorsement | Proud Pakistani | Researcher | Photographer | Social Media Activist | NON-Political | Demon to Some Angel to others | @TeamGreen_PK3
fire/emt,3:33 AM - 15 Dec 2008,WMPolice,http://www.west-midlands.police.uk,383605,818,"West Midlands, England","52.50548,-1.9647150791531",Official account. Do NOT use Twitter to report crime. Contact us on 999 in an emergency or 101 for non-emergency calls.
fire/emt,8:39 AM - 8 Sep 2009,PeelPoliceMedia,http://www.peelpolice.ca,130778,1084,"Peel Region, Ontario","43.734235,-79.7992065310976","Official account for Peel Regional Police. This account is not monitored 24/7. If this is an emergency, contact 911, Non-emergency number is (905) 453-3311."
news,8:26 AM - 28 Apr 2012,ATLBlackStar,http://www.atlantablackstar.com,24861,64,United States,"39.78373,-100.4458799","Empowering narratives to change our world - News, Politics, Entertainment, Culture, and more from a Black perspective."
wx,7:15 AM - 4 Aug 2015,WeatherCenterHQ,,958,1230,,,"Accurate Weather Models, Forecasts, Maps, Photos And Videos That Will Keep You Up-To-Date And Informed On The Latest Weather-Happenings Around The World"
news,12:29 PM - 14 Mar 2008,sdut,http://www.sandiegouniontribune.com,149199,214,"San Diego, CA","32.71742,-117.1627699","The San Diego Union-Tribune, the region's leading news source since 1868. Follow our journalists, too: http://j.mp/UTstaff"
journalist,11:02 AM - 16 Feb 2009,svaradarajan,http://thewire.in,348519,659,"New Delhi, India","28.61389,77.21595",Founding Editor of The Wire.
news,10:58 AM - 30 Apr 2009,sbsun,http://www.sbsun.com,33363,316,"San Bernardino, CA","34.10834,-117.2897599",Local. News. Matters. We are San Bernardino County's local news source. #LocalNewsMatters
journalist,10:03 AM - 6 Jan 2009,davidfrum,http://www.theatlantic.com/david-frum/,427613,735,,,"Senior Editor, The Atlantic. On Twitter, I speak only for myself."
wx,4:01 PM - 31 May 2012,NWSStLouis,http://www.weather.gov/lsx,14736,217,"St. Charles, MO","38.78319,-90.4823599",Official Twitter account for the National Weather Service St.Louis. Details: http://weather.gov/twitter
news,6:44 AM - 26 Apr 2009,theheraldsun,http://www.heraldsun.com.au,285345,34891,"Melbourne, Australia","-37.8142099,144.96316",Join in the conversation on all the news from Melbourne's Herald Sun. Want more? We're on Facebook: http://ow.ly/5E4b6  + Subscribe: http://bit.ly/2b8dZjA
news,1:52 PM - 16 May 2008,calgaryherald,http://www.calgaryherald.com/,166640,837,"Calgary, Alberta","51.05305,-114.0625599","Latest local, national, world, business & sports news. Tweet us with questions, suggestions or tips! @HeraldHeadlines for headlines only."
journalist,10:51 AM - 6 Mar 2010,drphilhammond,http://www.drphilhammond.com,45008,3653,Bristol,"51.45349,-2.5973899","NHS doctor, Private Eye's MD, @bbcrb presenter, author, health campaigner & comic. 2017 HEALTH REVOLUTION TOUR DATES at http://www.drphilhammond.com"
news,10:42 AM - 30 Jul 2013,CRG_CRM,http://www.globalresearch.ca,25795,65,"Montreal, Canada","45.50879,-73.5539799","The Centre for Research on Globalization (CRG) is an independent research and media group of writers, scholars, journalists and activists."
journalist,12:21 AM - 19 Mar 2011,RanaAyyub,http://www.outlookindia.com/magazine/story/the-20-greatest-magazine-stories/295660,186854,154,"New Delhi, India","28.61389,77.21595","Journalist, writer, film buff. Rooted in Indian politics and social justice. Free, fair, fearless. Author of Gujarat Files-anatomy of a cover up."
news,4:36 PM - 22 Oct 2007,couriermail,http://couriermail.com.au,136774,1132,"Queensland, Australia","-21.9182799,144.45888",Queensland's number one news source. Proudly Maroon. Subscribe http://trib.al/Xa0HfDX ; Newsletter http://trib.al/MBL1aVw
journalist,7:41 PM - 28 Sep 2016,MadePressMP,http://MadePress.com,3031,3148,New York / Global,"40.754995,-73.926961775",Sign-Up To Be An MP Journalist And Earn Money To Write Press Articles! Its Fast And Free! MadePress: Where The Headlines Make The Press
disaster/accident,7:06 AM - 26 Feb 2010,Natsecjeff,http://secanalysisblog.wordpress.com,9607,7131,"Karachi, Pakistan","24.86677,67.03112",Security Analyst. Researcher. FOCUS: Asia. Terror & War/Conflicts. Geostrategy. Threat Assessment. @commandeleven @groundzero_pk RTs≠endorsement|views=own
fire/emt,12:30 AM - 11 Feb 2011,MNPDNashville,http://www.nashville.gov/Police-Department.aspx,27236,36,"Nashville, TN USA","36.16222,-86.7743499",This page is not monitored 24/7. Call 911 for life-threatening emergencies or 615-862-8600 for non-emergency assistance.
news,2:55 PM - 16 Mar 2009,5NEWS,http://www.5NEWSonline.com,58451,359,"Fort Smith - Fayetteville, AR","35.75615,-94.2842399",Covering News Where You Live!
news,10:56 PM - 10 Jun 2009,KENS5,http://www.kens5.com,112738,468,"San Antonio, Texas","29.4246,-98.4951399",Breaking news and local stories from KENS 5 - San Antonio.
news,2:57 AM - 8 Nov 2011,TheCitizenTZ,http://www.thecitizen.co.tz,38805,129,Tanzania,"-6.5247099,35.78784",Tanzania's preferred English-language newspaper. For in-depth news coverage and analysis read The Citizen every day. A Mwananchi Communications Limited Brand.
news,8:34 PM - 7 Jul 2008,BlackInformant,,26222,7116,New York. New York,"53.47685,-2.2385199",Thought provoking Black and minority focused news. Updated constantly. Email prince AT princecampbell DOT com
police/traffic,7:00 AM - 9 Dec 2010,HighwaysSEAST,http://www.highways.gov.uk/traffic,54609,64,Mways & major A rds in SE Eng,,OFFICIAL FEED. Live traffic information from Highways England. We manage England's motorways and major A roads. Contact: http://bit.ly/1DslcUg
news,4:45 AM - 4 Mar 2009,Outlookindia,http://www.outlookindia.com,174454,6,"New Delhi, India","28.61389,77.21595",The fully loaded news magazine from India
wx,6:25 AM - 19 Nov 2008,DavidBernardTV,http://facebook.com/davidbernard.tv,5484,669,"New Orleans, LA","29.94993,-90.0701099",Chief Meteorologist @fox8nola. Past: @cbsmiami @cbsnews Hurricane Consultant. @ametsoc CBM #65 I retweet the best & worst of Twitter.
journalist,8:37 AM - 27 Nov 2008,b_obermayer,http://www.bastianobermayer.de,23885,169,bastian.obermayer@sz.de,,"pulitzer prize winning investigative reporter / sUddeutsche zeitung / broke #panamapapers https://amzn.com/B01H49D650/  @icijorg / Threema CZATR4WP, PGP E70F5B61"
journalist,2:32 PM - 22 Nov 2009,DineshDSouza,http://www.hillarysamericathemovie.com,505811,4598,United States,"39.78373,-100.4458799","#1 bestselling author, speaker, and filmmaker. @HillarysAmerica is available now to own or stream! Companion book online and stores. Follow my wife @Debber66!"
wx,8:32 AM - 23 Jan 2009,KAKEnews,http://www.kake.com,108675,331,"Wichita, Kansas","37.69223,-97.3375399","KAKE News On Your Side is the most powerful name in Kansas news. Breaking news, weather alerts and topics that impact you."
wx,9:00 AM - 25 May 2012,NWSLakeCharles,http://www.weather.gov/lch,6079,232,"Lake Charles, Louisiana","30.22659,-93.2173699","Official Twitter account for the National Weather Service Lake Charles, LA. Details: http://weather.gov/twitter"
journalist,8:48 AM - 15 Oct 2010,CTVNews,http://www.ctvnews.ca,602503,317,,,Tweeting breaking news from CTVNews.ca in the CTV National newsroom. RTs do not constitute endorsement of views.
police/traffic,12:48 AM - 30 Aug 2012,samswey,http://ourstates.org,61472,1430,"New York, NY","40.73059,-73.9865799","Black Activist. Data Scientist & Policy Analyst. Stanford Alum. Co-Founder, Campaign Zero | Mapping Police Violence | OurStates."
news,2:29 AM - 27 Nov 2012,EyeOnAfgh,,2466,372,Brussels,"50.84655,4.35169",News channel on Afghanistan. Human Rights researcher.
journalist,4:01 PM - 31 Mar 2009,PinkNews,http://pink.news,136906,1078,Global,,"The world's most read LGBT+ (lesbian, gay, bisexual and trans) digital media publisher."
police/traffic,3:29 AM - 27 Apr 2009,Fox13Traffic,https://www.facebook.com/vanessa.ruffes.FOX13,25223,2949,"Tampa, FL","27.94775,-82.4584399","Tampa Bay area traffic updates from Vanessa Ruffes & the FOX 13 team. Let us know what you're seeing on the roads, not while driving, of course!"
news,4:36 PM - 21 Mar 2011,uknewsdepot,http://wefollow.com/uknewsdepot,93379,85392,,,News from newspaper and online news around United Kingdom and around the world. DETAIL STORY IN LINK IN TWEET.PLEASE SKIP ADS
news,2:13 AM - 24 Feb 2008,globalnewsto,http://www.globalnews.ca/toronto,133426,1221,Toronto,"43.65292,-79.3848999",Breaking GTA News from http://Globalnews.ca/toronto . Please visit us on Facebook @ http://facebook.com/globaltoronto .
news,9:08 PM - 30 Mar 2017,Ashokanews1,http://ashokanews.com/ashoka/,31,65,Ahmedabad,"23.02162,72.5797","Welcome to the official page of Ashoka News, India's leading newsportal.http://ashokanews.com/ashoka/"
news,1:06 PM - 4 Dec 2013,newsfinder247,http://www.newsatw.com,346,187,,,Newsfinder@newsatw.com Bringing you breaking news from around the world
journalist,7:22 AM - 25 Apr 2008,TUSK81,http://www.DailyKos.com,33672,1255,"San Francisco, CA","37.77928,-122.4192299","Staff writer, @DailyKos. Formerly @AmericasVoice. Immigrant rights, LGBT rights. Cancer survivor. Catlady. Bylines: PRI, Univision, WaPo. Views here my own."
disaster/accident,7:41 PM - 11 Apr 2010,greg_doucette,http://fsckemall.com,17770,984,Durham NC,"35.99403,-78.8986099","Ex-computer scientist, now criminal defense & business litigation attorney. Dog lover. #NeverTrump conservative. Proud alum of #NCCU #lawschool and #NCState."
journalist,4:14 PM - 15 Jun 2009,sarahkendzior,http://www.sarahkendzior.com,249363,1514,St. Louis,"38.62727,-90.1978799","Writer on politics, economy, media. Recent work: @GlobeandMail, @qz, @decorrespondent. https://www.paypal.me/SarahKendzior"
news,4:01 AM - 5 Dec 2012,EUwatchers,https://www.euwatch.eu,16497,5262,Brussels,"50.84655,4.35169",Everything #Europe in one place. Media monitoring updates from 60 sources + #Hashtags rules Twitter list based retweets
journalist,5:46 PM - 17 Dec 2012,MIG29_,,16559,549,Syria,"34.64018,39.04941","Journalist - Editor , former reporter For @TheArabSource ,, Tiger Forces"
news,12:59 AM - 5 Oct 2012,Ind360News,http://India360news.com/Subscribe,8084,0,India,"22.35111,78.66774",Latest news live on your WhatsApp. free & Verified.
journalist,10:41 AM - 20 Mar 2009,justin_fenton,https://about.me/justinfenton,66521,1812,"- BALTIMORE, Md.","39.29086,-76.6107999","Crime reporter in Charm City at the @baltimoresun. Was cops, now focused on courts. News tips, hate mail, recipes: jfenton@baltsun.com"
wx,12:07 PM - 12 Sep 2008,KCBSNews,http://www.cbssf.com,40318,6216,San Francisco Bay Area,"37.78849,-122.3558399","The Bay Area's only all-news radio station. Local, national and world news - traffic, weather updates every 10 minutes 'on the eights.' http://cbssf.com/listen"
journalist,6:34 AM - 17 Mar 2009,summerbrennan,http://www.summer-brennan.com/,75423,6599,"Brooklyn, NY. Californian.",,"Author, journalist. Former @UN disarmament & international security. Scholar @nyu_journalism Host @The_451 Art, environment, politics, feminism. The Resistance."
wx,6:22 AM - 25 Apr 2017,spcbelmontoh,https://mesonet.agron.iastate.edu/projects/iembot/,7,32,"Ohio, USA","40.22535,-82.6881299",EAS and Severe weather enthusiast. @DouglasRenshaw1 is my father.
news,12:24 AM - 26 Dec 2009,DunyaNews,http://www.dunyanews.tv,950673,76,Pakistan,"30.33084,71.24749",Official Twitter Feed of Dunya News. Follow us for the latest news and updates. https://www.facebook.com/dunyanews
news,4:03 AM - 20 Oct 2010,Naijapals,http://www.naijapals.com,55242,847,"Lagos, Nigeria","6.45505,3.39417",Discuss #Nigerian #News + #Celebrities #Gossip. Watch #Nollywood Movies & #Nigerian #Naija #Music & #Afrobeats Naijapals and Gistmania. No. 1 #Naija Website
journalist,3:35 AM - 9 Oct 2008,EdwardPentin,http://www.ncregister.com/blog/edward-pentin,8829,1358,"Roma, Italy","41.8935,12.48255",Rome correspondent for @NCRegister. RTs not always endorsements.
news,11:57 AM - 2 Jul 2008,ijournal,http://www.insurancejournal.com/,58754,18,"San Diego, CA","32.71742,-117.1627699",We've got property/casualty insurance news covered.
news,8:33 AM - 4 Mar 2013,BC1,http://globalnews.ca/bc,17734,176,British Columbia,"55,-124.9999999","BC's only 24-hour news channel. Shaw channel 21 (SD), 216 (HD) and 111 (outside of Metro Vancouver)"
journalist,8:04 PM - 10 Dec 2008,malaysiakini,http://www.malaysiakini.com,936741,135,Malaysia,"2.39237,112.84719","Malaysiakini is an award-winning independent news provider. The editorial is built on fast, accurate and independent news, well-informed and diverse views."
news,4:45 PM - 18 Sep 2007,OakTribNews,http://www.eastbaytimes.com/oakland,42649,1293,"Oakland, CA","37.80445,-122.2713499",Latest East Bay and San Francisco Bay Area news from reporters & columnists at the Oakland Tribune
fire/emt,3:15 PM - 1 Jun 2011,SBCOUNTYFIRE,http://www.sbcfire.org,28063,281,San Bernardino County,"34.8253,-116.0833099",The Official Twitter Page for San Bernardino County Fire District.
journalist,1:17 PM - 9 Dec 2014,davidfrawleyved,http://www.vedanet.com,39354,272,"Santa Fe, NM USA","35.68699,-105.9377899","Pandit Vamadeva Shastri, Vedacharya, author, Yoga, Ayurveda and Jyotish teacher, D.Litt., Padma Bhushan"
news,7:49 AM - 18 May 2009,WBNG12News,http://www.WBNG.com,23958,516,"Binghamton, NY","42.09696,-75.9143399",WBNG is the CBS affiliate for the Binghamton Television Market which serves the Southern Tier of New York.
news,10:29 AM - 21 Jul 2014,Houston_News_,http://www.newslocker.com/en-us/region/houston/,746,817,,,Find your latest news about Houston with just one click. Don't miss out on anything happening in your region!
police/traffic,10:16 PM - 9 Jan 2016,onewallforall,http://www.australianpolice.com.au/,457,652,Australia,"-24.7760999,134.755",Remembrance of departed officers who are or should be immortalised on the National Police Memorial Wall. @SupportAusPol @AussiePolice @PoliceSuicide
fire/emt,11:33 AM - 21 Apr 2016,cityofwsfire,http://www.cityofwsfire.org,1618,65,"Winston-Salem, NC","36.09981,-80.2440499",Winston-Salem Fire Department's official Twitter feed. Photos & videos may be reproduced; please credit the City of Winston-Salem.
quake,5:27 AM - 17 Apr 2014,EMSC,http://www.emsc-csem.org,8128,2,"Bruyères-Le-Chatel, France",,"EMSC provides rapid earthquake information. This account displays all recorded worldwide earthquakes. For significant earthquakes only, use @LastQuake"
news,1:55 AM - 20 Apr 2011,Radio2000ZA,http://www.radio2000.co.za,31235,4493,SABC Radio Park,,The home of your all-time favourites. Our Music. Your Memories... 97.2 - 100 FM Nationwide. Channel 812 on the satellite audio bouquet
journalist,2:13 AM - 30 May 2011,trunils,https://www.twitter.com/search/from:@trunils,13811,2571,"West Bengal, India.","22.99649,87.68558","software engineer, part time writer, tweets in likes, see archive @trunilsarchive, back-up @_trunils. note:- tweets my personal views, retweet not endorsement."
journalist,7:04 AM - 5 Sep 2009,shanebazzi,https://medium.com/@shanebazzi,7031,2156,Sydney,"-33.8548099,151.21645","Refugee advocate, journalist"
journalist,9:47 PM - 16 Aug 2012,PaulaChertok,http://eastwestblog.net,7865,2975,Left of Center,"-34.8455499,138.50586","Linguist, lawyer, writer. Russian refugee, Polish immigrant, Ukraine/Belarus homeland. Contributing editor, author @euromaidanpress. Inclusion. Innovation."
journalist,10:21 AM - 31 Jan 2010,Jan_Achakzai,http://janachakzai.wordpress.com,27306,3280,Islamabad,"33.69457,73.06437",Advisor CM/Balochistan Govt on Media & PML-N | Pundit | Journalist | Ex-Advisor/Aide 2 HE MFR | Geo-Strategist | Ex-BBC | Media Mentor | CEO BRDC
journalist,11:04 PM - 14 Jul 2012,KibetBenard_,https://benardkibw.wordpress.com,62499,30837,Nairobi,"-1.2832499,36.81724",Ingenuous Lilliputian Journalist
news,12:01 AM - 27 Nov 2008,astroehlein,http://www.andrewstroehlein.com/,68308,4947,"Brussels, Belgium","50.84655,4.35169","European Media Director, @HRW. Covering #humanrights, media & conflict worldwide."
fire/emt,8:18 AM - 7 Apr 2011,fbunational,http://www.fbu.org.uk,19208,1499,United Kingdom,"54.70235,-3.2765699",We are the voice of firefighters and the fire and rescue service in the UK
journalist,2:05 PM - 19 Nov 2015,FelixJosephat,http://mcaf.ee/o8ulm0?FelixJosephat,906,221,"Mara, Tanzania",,Public blog publisher | On Air advertiser | Blogger http://felixjosephat.blogspot.com  | youTUBE @FelixJosephat | http://felixjosephat.blogspot.com
news,2:05 PM - 12 Jan 2009,foxcarolinanews,http://www.foxcarolina.com,63329,2982,"Greenville, S.C.","34.85135,-82.3984799",The official Twitter account for FOX Carolina News.
fire/emt,11:18 AM - 20 Apr 2011,DCPoliceDept,http://mpdc.dc.gov,169601,162,"Washington, DC","38.89495,-77.0366399",Updates & prelim info on active incidents & upcoming events. Will not reply instantly or in real time. Call 911 for emergencies. IG-@dcpolicedept FB-@dcpolice
wx,4:57 AM - 7 Jan 2009,tmj4,http://www.tmj4.com,55034,1621,Milwaukee,"43.03499,-87.9224899","Breaking News, Accurate Weather."
wx,4:15 AM - 5 Nov 2008,12News,http://12news.com/,171117,11991,"Arizona, USA","34.39534,-111.7632699","#Arizona's source for #breakingnews, #traffic, #weather, #sports and more. News tip? ✆ 602-444-1212 ⇒ connect@12news.com Snapchat: AZ12News"
news,11:29 AM - 2 Apr 2009,23ABCNews,http://www.turnto23.com,46528,1231,"Bakersfield, California","35.37387,-119.0194599","Updating #BreakingNews, #Bakersfield, & #KernNews headlines from 23ABCNews & http://www.TurnTo23.com . Got a news tip? Tweet or call us at 661-637-2320"
news,6:34 AM - 9 Jul 2008,WWLP22News,http://wwlp.com,69697,610,"Chicopee, Ma","42.17073,-72.5733072267327","Since our first broadcast in 1953, #22news has been the most trusted local news source by viewers throughout western Massachusetts."
disaster/accident,10:32 AM - 9 Feb 2015,fcfd911comm,,1164,0,,,
journalist,3:47 PM - 22 Feb 2009,Robert_Mills,http://blogs.lowellsun.com/policeline,14706,11849,"Lowell, MA","42.63342,-71.3161699","Court Reporter, The Sun, Lowell, MA. Retweets are not endorsements. I work Monday - Friday now, but still survive on coffee, pizzas and sunsets."
journalist,7:29 AM - 14 Jan 2011,DRovera,http://www.amnesty.org,14870,5605,,,@Amnesty International's Senior Crisis Response Adviser - Human Rights investigations and advocacy in conflicts/crisis - Views r my own - RT not endorsement
wx,10:21 AM - 29 Mar 2007,WNCN,http://www.wncn.com,35468,1498,North Carolina,"35.67296,-79.0392899","CBS North Carolina | News, weather and more for Raleigh, Durham and Fayetteville, North Carolina"
wx,8:36 AM - 30 Dec 2008,KWCH12,http://www.KWCH.com,107318,324,Kansas,"38.27312,-98.5821799","KWCH 12 Eyewitness News - CBS affiliate in #Wichita, KS tweeting Breaking News, Weather, Sports, & Traffic. #KWCH12, #KWCHTraffic, #Storm12 (weather), #KSPROUD"
journalist,1:40 AM - 25 Jul 2007,lisang,http://www.lisagoldman.net/,18418,3058,New York City,"40.73059,-73.9865799","Writer & editor. Co-founder, @972mag. Once in Jaffa, now Brooklyn, but forever a born-and-bred Canadian (no, I'm not from Toronto). I like to bake bread."
journalist,5:30 PM - 6 Mar 2009,NateNews3LV,http://News3LV.com,2071,1812,"Las Vegas, NV","36.16628,-115.1492199",Reporter @News3LV (NBC Las Vegas) Proud @Cronkite_ASU alum. Sun Devil. #CronkiteNation Arizona native. RT≠endorsement. Story idea? noneal@sbgtv.com
news,12:18 PM - 25 Sep 2008,wvlt,http://www.local8now.com,79919,450,"Knoxville, TN","35.96039,-83.9210199","Breaking news and information from WVLT, Knoxville, TN's CBS affiliate"
news,2:35 PM - 6 Nov 2008,CBS47,http://www.YourCentralValley.com,19094,1246,"Fresno, CA","36.729525,-119.7088549",Eyewitness News http://www.facebook.com/CBS47
news,12:12 PM - 5 Jul 2009,ramzpaul,http://www.ramzpaul.com,37189,239,USA,"39.78373,-100.4458799",Video maker and speaker. YouTube channel: https://tinyurl.com/kgy7zcl  Support my Patreon: https://tinyurl.com/loc2tat
news,10:57 PM - 21 May 2011,PHLNewsOnline,http://facebook.com/phlnewsonline,13703,90,Philippines,"12.75034,122.73121",The latest Philippine news and breaking news from different media organizations. The Philippines' news presenter in social media.
news,3:36 PM - 11 Apr 2014,FairTax4America,,8505,7797,CyberSpace,"52.59427,-2.1288149",#TermLimits #FairTax #Finance News #TeaParty #PJNET #Patriot Focus on money & coming economic collapse.
news,1:03 AM - 9 Jul 2013,ThaipbsEngNews,http://englishnews.thaipbs.or.th,21737,219,"Bangkok,Thailand","13.585915,100.41608339172","Up-to-date English News in Thailand for Politics, ASEAN, Business, Local News."
news,8:45 AM - 16 Sep 2011,coconutsdotco,https://coconuts.co/,20666,264,,,Fresh and juicy news and videos from Asia
news,1:49 AM - 27 Mar 2013,cambodiadaily,http://www.cambodiadaily.com,14424,13,"Phnom Penh, Cambodia","11.574255,104.828990815066",All the News Without Fear or Favor
journalist,6:18 AM - 28 Oct 2010,BobySPutra,http://bit.ly/2b46Gv3,7997,98,DKI Jakarta - Indonesia,"-6.2259499,106.901886997354",WebMaster / Advanced SEO / Internet Marketing Strategy / Singers / Business Man / Google Publisher / Bloggers ( Everyday Sunday & Holiday )
journalist,12:23 AM - 13 Feb 2010,asifsuhaf,http://www.news24online.com,1107,121,Sringar J&K,,"Broadcast Journalist J&K Bureau Chief for News 24, E 24, views r my own nt official. RTs Mean Something interested to Me...!"
news,6:30 AM - 20 Jul 2008,The_News_DIVA,http://paper.li/The_News_DIVA/1333163729#/,115999,94120,"Croton-on-Hudson, NY","41.20843,-73.8912299","Born and raised in NYC. I am a news junkie, an extrovert who loves fashion, social media, and SEO. I do smile a lot, and cats adore me. #MAJIX"
news,4:47 AM - 31 Oct 2013,Whaley9ja,,1035,1580,,,"Checkout Whaley9ja for latest news, PRservices, event etc for more info contact:walelawson2010@gmail.com IG:iamwhaley9ja #AmysMedia @Nizzyofficial #MSNGANG"
news,6:29 PM - 20 Oct 2010,NewYorkNewz,https://newyorknewz.com,15735,16508,USA,"39.78373,-100.4458799",All your New York News in One Place!
journalist,3:16 AM - 29 Jun 2011,pressjournal,http://www.pressandjournal.co.uk,49643,786,"Scotland, United Kingdom","56.78611,-4.1140499","Official Twitter page of The Press and Journal newspaper, the UK's best selling regional newspaper. Contact @ml905_PJ for online editor's view"
wx,4:33 AM - 5 May 2014,NewOrleansON,,28662,9138,"New Orleans, LA","29.94993,-90.0701099","Breaking news, weather, traffic and more for New Orleans and Louisiana. DM us anytime. RTs not endorsements"
