news,2:59 AM - 26 Nov 2009,CapitalFMKenya,http://www.capitalfm.co.ke,967429,229,"Nairobi, Kenya","-1.2832499,36.81724",The best mix of music/ news/ sports/ lifestyle.
news,11:27 AM - 28 May 2009,BigTimmz,https://www.linkedin.com/in/tembahove,2465,1596,Africa & Over there......,"2,15.99999",Television & Radio Broadcaster
news,8:31 PM - 11 Aug 2012,breakingnews70,http://www.facebook.com/happyfunnyinspirational,578,166,,,REAL TIME TRENDS AND BREAKING NEWS UPDATES RIGHT AT THE TIME OF THE INCIDENT
police/traffic,7:54 AM - 29 Jan 2009,CHeflinScott,https://ChristianPolice.org.uk,12293,11394,"London, UK","51.50732,-0.1276399","Police Inspector, Trustee of @ChristianPolice. Fellow of @theRSAorg"
news,7:51 AM - 17 Aug 2009,hksteen,http://RaulMarroquin.wordpress.com,345,249,Amsterdam,"52.374535,4.89796953658537",Multiplatform Communications: cable stream mobile Social Media - http://DeHoeksteen.Live.nu
news,7:14 AM - 16 Feb 2009,bbcmerseyside,http://www.bbc.co.uk/liverpool,46175,1761,"Merseyside, United Kingdom","53.49536,-2.97393690000001","The latest news, sport and all things scouse from BBC Radio Merseyside...@BBC"
journalist,3:42 AM - 14 Jun 2012,ThisOngoingWar,http://thisongoingwar.blogspot.com,2589,1901,Jerusalem,"31.77911,35.22662","Frimet and Arnold Roth write here in memory of their murdered daughter, Malki, focusing on terrorism from the standpoint of the people to whom it's done."
journalist,2:16 AM - 29 Jan 2011,AMDWaters,http://www.annemariewaters.org,37500,1806,England,"52.795475,-0.540240094230767",Director of Sharia Watch UK http://www.shariawatch.org.uk  http://www.breitbart.com/author/anne-marie-waters-2/ … https://www.youtube.com/c/amwatersmedia  Views my own.
fire/emt,3:43 AM - 25 Feb 2009,gmpolice,http://www.gmp.police.uk/,532758,593,Greater Manchester,"53.50652,-2.33743475185185",Greater Manchester Police's feed is monitored Mon-Fri but is not for reporting crimes. Emergency: call 999. Non-Emergency: call 101.
wx,9:53 AM - 22 Feb 2010,globalnews,http://globalnews.ca,247557,2069,,,Breaking Canadian news with a fresh perspective on local & international headlines. SkyTracker Weather app: http://glbn.ca/RWjZm  * On @snapchat: globalnews1
journalist,1:20 PM - 16 May 2012,RepublicanChick,http://borderlandalternativemedia.com/author/ximena/,35681,2589,Ask the CIA,,Naturalized citizen Conservative Constitution #1A #2A American by Colombian By Birth #Extortion17 #Benghazi #NonPc Writer at Borderland Alternative Media.
journalist,8:55 PM - 12 May 2009,jennineak,,4304,985,Brisbane / Sydney / Palestine,,Journalist at national broadsheet. Views strictly mine etc. DMs open.
disaster/accident,12:31 PM - 2 Aug 2011,brynstole,https://www.theadvocate.com/users/profile/bryn%20stole/,5266,840,"Baton Rouge, LA","30.45074,-91.1545499",Crime & punishment @theAdvocatebr // ex-@gwcommonwealth. A coffee-stained kvetch. Tips & quips: bstole@theadvocate.com
journalist,9:50 AM - 1 Jan 2011,dbongino,http://www.bongino.com,98703,1084,"Florida, USA","27.75676,-81.4639799",Renegade Republican. 2X NYT Bestseller. Former Secret Service Agent & NYPD. Contributing Editor Conservative Review. Podcast here: http://bit.ly/bpodcast
news,6:53 PM - 27 Nov 2016,Thailand_Inf,,15,111,,,Thailand News Update
wx,11:39 PM - 16 Jun 2011,SimpleWeatherSC,http://www.simpleweatheralert.com,127,90,South Carolina,"33.68743,-80.4363699",Provide a valuable service. Attract Twitter followers. Add real-time weather alerts to your social media. See our home page for details. South Carolina
journalist,10:13 AM - 12 Dec 2008,rontimes,http://tampabay.com,2760,2183,"Tampa-St. Petersburg, FL",,"DME/Editing & Presentation & http://tampabay.com , @TB_Times. Love Politics, News, History, Science. @UofSC Gamecocks. Foodie/love to cook. Views are my own."
news,8:11 AM - 1 Apr 2009,12NewsNow,http://12newsnow.com,28519,2515,"Beaumont, TX","30.08604,-94.1018399",We are the local news leader in Southeast Texas. See news happening? Call us at (409) 838-1212 or email us at 12News@12NewsNow.com 12News: Expect More.
news,7:15 PM - 11 Nov 2008,urbantoronto,https://twitter.com/urbantoronto,3243,1162,"Toronto, Canada","43.65292,-79.3848999","Events, Parties, and News in Toronto. The cultural, entertainment, and financial capital of Canada, and home to more than 2.7 million people."
disaster/accident,8:31 AM - 9 Mar 2009,MolotovFlicker,,3851,500,Washington D.C.,"38.89495,-77.0366399","Washington by day, crime scene photography in Baltimore by night. Beltway politics and Baltimore crime. Not obligated to answer your questions."
police/traffic,8:17 AM - 10 Sep 2012,PeacefulStreets,http://peacefulstreets.com,5076,84,"Austin, TX and elsewhere","30.27112,-97.7436899","Building, empowering, supporting, and training communities to fight police abuse. We seek to abolish police & prisons. http://peacefulstreets.com"
news,11:49 PM - 28 Jan 2016,hashludhiana,http://edufive.com/services,687,578,"Ludhiana, Punjab","30.791965,75.8929150399103",Finding latest news about #Ludhiana & RT them.What's happening in #Ludhiana?Part of the #NetworK (@hashNetworK) & Managed by @edufive.com team . #ਲੁਧਿਆਣਾ
wx,5:04 PM - 22 Jul 2008,eastwx,http://mattheweast.blogspot.com,2255,1187,,,"Charlotte, Greensboro TV Meteorologist at Spectrum News. Husband and father of 5. Proud Miss. State alum. Thankful for all of the Lord's blessings in my life."
fire/emt,10:44 AM - 18 Jul 2009,LawrenceCOEM,http://www.lawcokyem.org,2435,1646,Lawrence County Kentucky,"38.06018,-82.7316499",Michael Woods Emergency Management Director Account not monitored 24/7.
news,2:05 AM - 6 Apr 2012,NHKWORLD_News,https://www3.nhk.or.jp/nhkworld/en/news/,9252,0,"Tokyo, Japan","34.225575,139.294773938122","NHK WORLD's official news account brings you current events from Japan, Asia and beyond. Terms of use: https://www3.nhk.or.jp/nhkworld/en/terms/ …"
wx,5:32 AM - 9 May 2008,WOODTV,http://www.woodtv.com,115316,233,"Grand Rapids, Mich.","42.96324,-85.6678599",Follow us for the latest breaking news and weather conditions in West Michigan. Official account of WOOD TV8.
news,6:08 AM - 19 Nov 2010,southeastasia4u,,9844,293,,,"Southeast Asia News from Burma, Thailand, Laos, Cambodia, Malaysia, Vietnam, Indonesia, Brunei, Philippines & beyond curated by @browngoesaround #AsianStudies"
news,8:32 AM - 22 Apr 2009,WCBINEWS,http://wcbi.com,21124,396,NE Mississippi,"32.97156,-89.7348399",North Mississippi's first television station covering all of NE Mississippi and West Alabama. We do news. Send tips to news@wcbi.com
police/traffic,11:56 PM - 12 Jul 2011,QLDTrafficNCSC,https://qldtraffic.qld.gov.au/,4923,6,"Queensland, Australia","-21.9182799,144.45888",Traffic and Travel Information for North and South Coast regions of Queensland. Please visit https://qldtraffic.qld.gov.au/  for further info.
quake,5:28 AM - 10 Mar 2010,ShakingEarth,http://earthquake-report.com,15156,3,World,,http://Earthquake-report.com  brings the best earthquake reporting and volcano news on the globe. Try us - Try also our new @Quake_Tracker4 - even more info
news,8:59 AM - 6 Dec 2012,InfowarsReports,http://www.infowars.com,24203,105,"Austin, TX","30.27112,-97.7436899",We will NOT tolerate the #NWO or their policies. We are the Infowars Nightly News Reporters. Watch - #Infowars Nightly News http://www.PrisonPlanet.tv
wx,2:47 PM - 5 Jun 2012,NWSSiouxFalls,http://www.weather.gov/siouxfalls,29424,231,"Sioux Falls, SD","43.54997,-96.7003199",Official Twitter account for the National Weather Service in Sioux Falls. Details: http://weather.gov/twitter
news,9:52 AM - 2 Sep 2016,F3nws,https://f3nws.com,1917,704,Earth,"34.23313,-102.4107399","Breaking news delivered to your feed, read the same news with S T Y L E on your phone .... app: http://f3nws.com  | facebook http://fb.com/f3nws"
news,1:44 AM - 16 Dec 2008,Oneindia,http://www.Oneindia.com,43532,838,Bengaluru,"12.97911,77.59129","Oneindia is a gamut of online resources. From breaking stories, top news, current affairs to sports update, movies & entertainment."
journalist,2:24 AM - 27 Mar 2015,anneroberts_au,,1248,1863,,,zero tolerance for cruelty;vegan;love nature;love all creatures;love my family;author fantasy.fb.annefantisyroberts;http://amazon.com/author/annebrobertsfantasy …
news,8:56 AM - 3 Feb 2009,PA,http://www.pressassociation.com,101169,188,UK,"54.70235,-3.2765699","#Breaking news, developing stories from the UK’s national news and sport agency."
govt,11:26 PM - 1 Nov 2012,MIB_India,http://mib.nic.in,884202,53,"New Delhi, India","28.61389,77.21595","This is the official twitter account of Ministry of Information and Broadcasting, Government of India. Follow @MIB_Hindi for tweets in Hindi."
news,8:44 AM - 19 Oct 2007,fox43,http://www.fox43.com,66202,678,"York, PA","39.96239,-76.7273899","Central Pennsylvania's best reports on local NEWS in York, Harrisburg, Lancaster, and Lebanon."
news,12:35 AM - 19 Sep 2008,LateNightCam,http://www.tonysmyth.com,7817,1832,"Toronto, ON, Canada","43.65292,-79.3848999",Nothing good happens after midnight. Video Producer CBC News tony87m@gmail.com
news,10:08 PM - 14 Jan 2009,YiddishNews,http://yiddishnews.press/,51189,2783,"Brooklyn, New York","40.6501,-73.9495799",Breaking news and exclusive photos from Israel and Jewish communities worldwide. [Follows or RTs not endorsements]
journalist,12:57 AM - 29 Apr 2009,blkberrycastle,http://about.me/blackberrycastle,2833,4996,Kansas City,"39.08446,-94.5630199",Broadcast Engineer/Multi-Media Journalist/BCP/P©Executive Director...Published International Author
news,11:50 PM - 17 Dec 2011,DEagleOnline,http://theeagleonline.com.ng,19984,10476,Nigeria,"9.60003,7.99997","A Nigerian online news site. Bringing you the latest on national news, politics, business, sports, entertainment, fashion, lifestyle and more"
journalist,2:30 PM - 9 Nov 2009,JohnKPTV,http://www.kptv.com,2183,1413,"Portland, OR","45.52024,-122.6741899","Oregonian, TV Reporter, Ski Bum, Local Beer Connoisseur, Gamer, and overall just a Rock Star!"
journalist,3:08 AM - 18 Sep 2009,bombaywallah,http://thewire.in/about-us/,22540,769,,,"Journalist & Author. Founder Editor Thewire.in Tweets on politics, society, culture and beloved Bombay. Troll and abuse intolerant. RTs not endorsements."
police/traffic,2:21 PM - 28 Oct 2014,GDOTAtlTraffic,http://www.511ga.org/,1024,89,"Atlanta, Georgia","33.74909,-84.3901799","Real-time traffic updates for metro Atlanta, powered by GDOT. NOTICE TO FOLLOWERS: Morning/afternoon peak travel times may produce a heavy volume of tweets"
journalist,8:47 AM - 10 Feb 2010,CMDarby,,1010,559,"Fort Wayne, Indiana","41.07998,-85.1385999",Reporter @WANE15. @TinCaps camera man. South Side Archer. Ball State Cardinal. @IMS fan. http://SeeDisclaimer.com
journalist,1:01 PM - 8 Sep 2010,SikiGeyaMdingi,http://about.me/Sikelelwa.Geya,8252,997,Johannesburg,"-26.2049999,28.04972",Journalist @eNCA. Media Professional. An introverted extrovert. RTs are not endorsements. Loves Life.
police/traffic,12:28 AM - 20 May 2009,TrafficSA,http://trafficsa.net,253441,115,South Africa,"-28.8166199,24.99163",TRAFFIC APP TrafficSA in the Play Store http://bit.ly/2esoS22  WhatsApp Line 084 30 30 345
journalist,9:45 PM - 9 Sep 2009,GargiRawat,,35520,939,"Delhi, India","28.65171,77.22193",News anchor & environment reporter
journalist,12:03 PM - 16 Jul 2012,MissConnieTran,https://www.facebook.com/ConnieTranKSEEKGPE,1852,1559,"Fresno, CA","36.729525,-119.7088549",@KSEE24 / @CBS47 Reporter. @LoyolaMarymount Alum. Working in news is my passion - it's a front row seat to life!
police/traffic,5:37 PM - 17 Jan 2014,TrafficOn17,http://edgevolt.com/TrafficOn17,7582,0,"SF Bay Area, CA",,Traffic Updates For Highway 17 - Between Santa Cruz and San Jose
journalist,2:38 AM - 28 Mar 2016,emet_news_press,,14411,2741,Global,,"Journalist. TW & RT or following means not approval. Read, think and decide. Nothing more, that´s your job. https://de.linkedin.com/in/richard-krauss-23460a6a …"
news,1:11 AM - 15 Jan 2012,MurtazaKK,https://facebook.com/GhulamMurtazaKK1,1752,155,"Sind, Pakistan","25.5,69",Media Advisor | Incharge Social Media Cell |#PKKET |Social Activist | Blogger Tweets are Personal Opinions | RT's don't constitute endorsement.
journalist,6:03 AM - 13 Jul 2011,Giovanna_Gerbi,,1346,988,Cape Town,"-33.9288999,18.41724","Freelance journalist. Newshound. Investigative, health, human interest & quirky stories."
journalist,9:49 AM - 5 Mar 2011,JavedAzizKhan,http://javedazizkhan.wordpress.com,7557,381,Pakistan,"30.33084,71.24749","A Commoner, Journalist, Friend"
news,8:15 AM - 25 Jan 2012,TheEveningTimes,http://www.eveningtimes.co.uk,52836,7994,Glasgow,"36.99588,-85.9119199",Scotland's top selling evening paper. Got a story? Call us on (0141) 302 6520.
news,6:37 AM - 9 Dec 2011,TimesofIsrael,http://www.timesofisrael.com,165397,588,"Jerusalem, Israel","31.77911,35.22662","The one-stop #news site for #Israel, the region & the #Jewish world. For #BreakingNews check out @TOIAlerts"
journalist,10:20 PM - 6 Dec 2013,latestbreaking1,https://www.samaa.tv/live/,957,103,Karachi,"24.86677,67.03112","#BreakingNews - Find latest breaking news ,Top News and information on News headline, business, entertainment, political views https://www.samaa.tv/"
news,2:53 PM - 8 Jul 2008,reviewjournal,http://reviewjournal.com,204712,187,"Las Vegas, NV","36.16628,-115.1492199",Worth talking about. Send news tips to atthescene@reviewjournal.com #RJnow
journalist,4:25 AM - 14 Mar 2012,mkvenu1,http://thewire.in,25104,316,new delhi,"28.61389,77.21595","Founding Editor of thewire.in Former Executive Editor of The Hindu,Managing Editor of Financial Express ,sceptic but optimist"
news,8:09 AM - 28 Oct 2008,DandC,http://www.democratandchronicle.com,111781,4558,"Rochester, NY","43.15728,-77.6152099","Breaking news, watchdog and in-depth reporting from the Democrat and Chronicle in Rochester, New York. Part of USA TODAY Network. #ROC"
journalist,7:22 AM - 23 Apr 2009,Rob_Krieger,http://www.fox8live.com/,1894,625,New Orleans,"29.94993,-90.0701099",Reporter for WVUE FOX 8 in New Orleans. LSU Alum and Saints Fan. I have many leather bound books. Snapchat: robkrieger
news,12:57 AM - 7 Sep 2011,PringleJosh,,2261,990,,,CTV Morning Live Ottawa. Sometimes on CFRA. Hit a game winning 3 in Grade 10. No say on chip flavours. Opinions expressed do not reflect those of Bell Media.
news,6:29 PM - 9 Feb 2014,ggnewsus,http://news.google.com,747,143,"Mountain View, CA","37.38557,-122.0820499","Breaking news, updates and tips from Google News."
journalist,2:20 PM - 26 Feb 2010,CBS6KariBeal,http://www.cbs6albany.com,1659,577,"Albany, NY","42.65116,-73.7549599","AP-award winning journalist. AM Reporter @CBS6Albany. @ithacacollege grad. Adventure seeker. Don't be shy, tweet at me! https://www.facebook.com/kari.e.beal/"
news,11:40 PM - 15 Oct 2008,Daily_Record,http://www.dailyrecord.co.uk,108911,2970,Glasgow,"36.99588,-85.9119199","The official Daily Record Twitter account - real news in real time. Also at: @record_sport, @LifeStyleDailyR and more."
news,6:16 AM - 10 Aug 2013,newsflash9ja,http://www.newsflashngr.com,36667,922,Nigeria,"9.60003,7.99997",We Break The News Before Anyone Else!
journalist,1:03 PM - 12 May 2012,mlnangalama,http://www.youtube.com/watch?v=pfqS42UpgWY,1971,1562,"New Brunswick, Canada","46.5,-66.7499999","News, Business, IT, BigData, Writer, News Editor, Blogger. All sins are mine. http://perilofafrica.com  http://nangalama.blogspot.com"
news,11:45 AM - 8 Oct 2008,sneakerfiles,http://www.sneakerfiles.com,174598,17010,"Sacramento, CA","38.58157,-121.4943899","The official Twitter account for http://SneakerFiles.com , the latest in sneaker news."
wx,11:10 AM - 25 May 2012,NWSTampaBay,http://www.srh.noaa.gov/tbw,15379,616,"Tampa Bay, Florida","27.68864,-82.5723099","Official Twitter account for the National Weather Service Tampa Bay Area, FL. Details: http://weather.gov/twitter"
journalist,7:59 AM - 27 Aug 2012,MilesKing10,http://anewnatureblog.wordpress.com,5006,3768,Dorset,"50.75,-2.3333299","Nature, people, politics, writing. Views here my own. RT/Fav ≠ endorsement. Personal account. I also work for @peoplneednature"
news,2:44 AM - 28 Aug 2011,joyonlineghana,http://www.myjoyonline.com,299435,11,Ghana,"8.03002,-1.0800199","Ghana's comprehensive News based website that provides content on Business, Entertainment, Politics, Sports, Health, International and anything Ghana"
journalist,8:25 PM - 24 Aug 2011,DouglasWickard,http://www.douglaswickardbooks.com,18624,15191,"Palm Springs, CA","33.82462,-116.5402999",Writer
news,9:48 AM - 19 Oct 2009,RTUKnews,https://www.rt.com/uk,59488,899,"London, England","51.50732,-0.1276399","RT UK broadcasts from its studio in London. Watch LIVE UK news, documentaries and talk shows. Get even more on our website. Question more."
news,11:32 AM - 11 Feb 2009,lancstelegraph,http://www.lancashiretelegraph.co.uk,77297,3515,East Lancashire,"53.75887,-2.6965499","East Lancs' newspaper. Updates: @robertkelly83 News: @lt_blackburn, @lt_burnley, @lt_darwen, @lt_hyndburn, @lt_pendle, @lt_ribblevalley, @lt_rossendale"
news,2:57 PM - 11 Apr 2015,VigarooNews,http://www.targetedvisibility.com,4563,4141,United States,"39.78373,-100.4458799","Get Targeted Visibility with ""Social Media Amplified"" by Vigaroo http://www.targetedvisibility.com"
journalist,2:41 PM - 7 Aug 2012,AngrySalmond,http://JustGiving.com/SexySocialism,60596,92,"Beret Bay, Scotland",,Sultan of #SexySocialism. Leader of the Coalition of Chaos. Writer for @ScotNational. Post-truth commentator. Advocate for the Independent Republic of Scotland.
wx,4:49 PM - 16 Aug 2012,DailyWARKS,https://twitter.com/dailywarks,4287,1529,"Warwickshire (Warks), UK",,"Local news, sport, weather, and updates for the county of Warwickshire (Warks), UK"
news,4:29 AM - 23 Jan 2010,UTVNews,http://www.itv.com/utv,102784,124,Belfast,"54.59698,-5.9300899",UTV Live: The latest news and reaction in Northern Ireland from UTV.
fire/emt,7:46 AM - 11 Sep 2009,syptweet,http://www.southyorks.police.uk,138516,444,South Yorkshire,"53.4815,-1.38107944445423",SYP support staff are here to help on Twitter! The account isn't monitored 24/7. Do not report crime here - call 999 in an emergency & 101 for non emergencies.
disaster/accident,7:04 PM - 18 Feb 2010,cipherstorm,http://www.cipherstormgroup.com,1384,2082,Internet,,"GEO Intrusion Alerts, Hunting Adversaries, Intelligence Tradecraft, Behavioral Tactics, OSINT, IOCs, APTs, AETs, CybOX, STIX, TAXII, OpenIOC, CRITS, ThreatNote"
news,4:02 AM - 30 Oct 2012,mteichnerfox5,http://fox5atlanta.com,2722,277,#ski,,Covering Atlanta's morning news @gooddayatlanta #fox5atl marc.teichner@foxtv.com
news,1:38 PM - 25 Feb 2017,NewsMySA,http://www.facebook.com/NewsInSouthAfrica,102,81,South Africa,"-28.8166199,24.99163",Catch the Latest South African News
news,4:06 AM - 5 May 2011,mwelimasilela,http://sabcnews.co.za,7946,6752,Mbombela Mpumalanga,"-25.3503349,31.2592553588946",Journalism | Social Media | #sabcnews | Retweets are not endorsements | @mpadvertiser |
fire/emt,12:12 AM - 13 Jun 2014,CPTaskforce,http://www.cheshire.police.uk/advice--information/roads-policing.aspx,7224,58,Cheshire,"41.49898,-72.9006499","@cheshirepolice taskforce. This account is not monitored 24/7. Call us on 101, or 999 in an emergency."
police/traffic,10:03 AM - 9 Oct 2012,trafficwaka,,1724,932,"Lagos, Nigeria","6.45505,3.39417","Love to tweet about #Trends, traffic, Gist, #Social media. email :trafficwaka@gmail.com"
police/traffic,4:41 AM - 13 Jan 2010,NEWS1130Traffic,http://news1130.com/traffic,84166,712,Vancouver,"49.26089,-123.1139299",Vancouver's Traffic Station with updates every 10 minutes on the 1's and breaking traffic news as it happens.
news,1:21 PM - 30 Dec 2016,newsfakenews,http://fakenewsmatters.org,5278,4449,United States,"39.78373,-100.4458799","OFFICIAL-#News, More News and a #Podcast. News from all over, enjoy! #FakeNewsMatters Listen: http://soundcloud.com/user-867870403  FB: http://facebook.com/fakenewsmatters/ …"
journalist,11:31 AM - 20 May 2011,DanielleANjax,http://actionnewsjax.com,1744,579,"Jacksonville, FL","30.33218,-81.6556499",@ActionNewsJax CBS47|FOX30 // Reporter // FSU alum // Dog mom // Sunshine lover
news,3:52 AM - 16 Jan 2009,NME,http://www.nme.com,885933,2510,London,"51.50732,-0.1276399",First for music news
journalist,1:27 PM - 25 Jan 2012,JessiTurnure,https://facebook.com/JessiTurnure,2621,1539,"Little Rock, AR","34.74648,-92.2895899",@KARK4News @FOX16News Political Reporter | @CapitolViewAR Host | @Mizzou JSchool Grad | RTs ≠ endorsements
journalist,12:59 PM - 4 Jun 2009,KanchanGupta,http://facebook.com/shri.kanchan.gupta,150198,980,"National Capital Region, India","14.48067,121.03093","Commissioning Editor & Commentator, ABP News. Columnist. Blogger. http://Instagram.com/kanchangupta"
wx,11:53 AM - 6 Jun 2012,NWSDesMoines,http://weather.gov/desmoines,17475,634,"Johnston, Iowa","41.67315,-93.6973299",Official Twitter account for the National Weather Service Des Moines. Details: http://weather.gov/twitter .
news,9:36 AM - 25 Apr 2008,aldotcom,http://www.al.com,243178,834,Alabama,"33.25888,-86.8295299","All things Alabama. Managed by the team at Alabama Media Group @getlowder, @MadisonU, @RamseyArchibald & @shaunareporter. Share your photos with #alcompix"
news,11:37 PM - 21 Jul 2009,chicagonewsnow,,19484,324,"Chicago, Illinois","41.87555,-87.6244199",#Chicago News Now . 1 Prudential Plaza . @Chicago . #Illinois . 60601 . #chicagoland . #windycity . @chicagobreaking . #chitown . #secondcity . #chicagonews .
news,5:49 AM - 29 Jul 2015,newsupd4te,,5702,5291,United States,"39.78373,-100.4458799","share tweets about news around US, source from mainstream media"
news,5:48 PM - 5 Jun 2015,SY_R_I_A_N,https://www.facebook.com/SYRIAN.SYriaRealInfosAndNews,1214,143,,,SYria Real Infos And News - SYRIAN #Syria
news,9:08 PM - 1 Jul 2008,DCist,http://www.dcist.com,288065,79,"Washington, D.C.","36.29885,-82.3591834","A website about Washington, D.C. featuring news, arts and events, and more. Feel free to email us at tips@dcist.com."
news,2:37 AM - 2 Apr 2010,The_lnformer,http://theinformer.life/,9061,311,"Washington, DC","38.89495,-77.0366399","#Breaking #news, #currentaffairs, #Analysis. We are working for you to be informed"
journalist,5:50 PM - 28 Jul 2010,andrewsweiss,http://carnegieendowment.org/,11959,1894,"Washington, DC","38.89495,-77.0366399","Vice President for Studies, Carnegie Endowment. Russia and Eurasia Program. All views my own. Usual RT caveat applies."
news,2:50 PM - 12 Feb 2009,KEZI9,http://kezi.com/,57277,678,"Eugene, OR, USA","44.0505,-123.0950499","The official KEZI 9 News twitter page, serving Western #Oregon with 24/7 nonstop news coverage. Live. Local. Late Breaking"
news,1:11 AM - 2 Oct 2009,fresnonewsnow,,1823,233,"Fresno, California","36.73944,-119.7848299",Fresno News Now . 5200 N. Palm Avenue . #Fresno . California . 93704 . @CityofFresno . @fresnodowntown . @Fresno_State .
police/traffic,8:43 PM - 21 Jan 2009,MtJulietPolice,http://www.cityofmtjuliet.org/police.cfm,11853,361,"Mount Juliet, Tennessee","36.20005,-86.5185999","Official Twitter feed of the Mt. Juliet Police Department | Keeping you, your family, and our community safe. | Not monitored 24/7 | PIO: Lt. @TylerJChandler"
journalist,3:07 PM - 19 Dec 2011,BoydHuppert,,9372,844,Minneapolis,"44.97729,-93.2654599",Reporter at KARE 11 TV. Husband to Sheri. Father to Sam and Matt. Friend to all who are nice.
wx,4:00 PM - 29 Apr 2008,cbsaustin,http://cbsaustin.com,82914,14238,"Austin, Texas","30.27112,-97.7436899","News, weather and sports updates from CBS Austin in Austin, Texas."
fire/emt,1:04 PM - 17 Dec 2013,AustinFireInfo,http://austintexas.gov/fire,5930,9,,,Official incident updates from the Austin Fire Department PIO. Push acct only. Call 911 for emergencies. Follow on FB. Open records: http://austintexas.gov/pir
news,9:50 AM - 4 Feb 2009,UnionLeader,http://UnionLeader.com,44824,211,New Hampshire,"43.48491,-71.6553899",New Hampshire's breaking news authority
disaster/accident,12:17 PM - 9 Feb 2017,Broadsword_Six,,32247,639,Earth,"34.23313,-102.4107399","Proud Daddy. Professional gunfighter. Wars fought, Revolutions started, Assassinations plotted, Governments run, Uprisings quelled, Tigers tamed, Bars emptied."
journalist,6:32 AM - 20 Dec 2008,TomFitton,http://www.JudicialWatch.org,34603,2464,"Washington, DC","38.89495,-77.0366399","President, Judicial Watch. (These are my personal views only!) Author of New York Times best seller Clean House. http://amzn.com/1501137042"
journalist,9:55 PM - 31 Jul 2012,yennikwok,http://www.yennikwok.com,9435,1260,Hong Kong,"22.27932,114.16281","Journalist for @TIME, @nytimes, also @CNN. Mother of 1 child. Human of 2 pooches."
journalist,3:53 PM - 17 Sep 2015,judithnwana,,902,642,"Virginia, USA","37.12322,-78.4927699","Telecoms exp. Civil/Structural Engr by training, MCIPS, MBA London Business School. Engrg, Management and finance roles. Tweets my views or news, retweets not."
news,2:57 PM - 21 Mar 2009,WRCB,http://www.wrcbtv.com,86992,2727,"Chattanooga, TN","35.04562,-85.3096799",Coverage You Can Count On.
journalist,1:19 PM - 22 Oct 2008,ericgarland,http://www.ericgarland.co,110171,1389,USA,"39.78373,-100.4458799",Strategic intelligence analyst. Author. Speaker. Bassist. Warning: humor and rants. http://patreon.com/ericgarland
news,1:23 PM - 18 Jan 2015,UR_Ninja,http://unicornriot.ninja,39592,841,,,"Your source for commercial-free, viewer supported, independent media & live video streams. Redistributable under CC-BY-NC-SA. Support our work, tax-deductibly!"
news,3:34 PM - 28 Mar 2008,TBOcom,http://www.tbo.com/,112660,9071,"Tampa, Florida","27.94775,-82.4584399","Breaking news, sports and things to do from http://TBO.com  Tampa, St. Petersburg area. TBOcom"
journalist,7:14 PM - 27 Dec 2007,calamur,http://calamur.org/gargi,50012,986,Mumbai,"18.95238,72.83271","Digital Content - Entertainment, News, Education. Filmmaker. Write on Politics & Society. Teacher, Wry Observer & the main slave to an imperious Houndess."
journalist,12:35 PM - 6 Feb 2009,Hegemommy,https://rewire.news/author/jessica-mason-pieklo/,13318,9049,"Boulder, CO","40.01498,-105.2705399","Journalist. Feminist. Vice President Law and The Courts, @Rewire_News covering civil rights and the courts. pieklo.jessica@rewire.news."
wx,8:07 AM - 10 Jul 2012,NWSChicago,http://www.weather.gov/chicago,30542,928,"Romeoville, IL","41.64753,-88.0894999",Official Twitter account for the National Weather Service Chicago. Details: http://weather.gov/twitter
fire/emt,5:07 AM - 19 Aug 2009,IncidentAlertS2,http://www.incidentalert.com.au,381,5,Port Wakefield,"-34.1853399,138.15537",Email and SMS for bushfires in South Australia & Victoria. This Twitter account only shows in region 2 (South Australia). N.B. Fires that are safe are not shown
news,5:40 PM - 13 Sep 2012,TheDailySheeple,http://www.thedailysheeple.com/,9772,719,,,Alternative news for alternative minds.
journalist,9:41 PM - 13 Jun 2009,rickhasen,http://electionlawblog.org,23476,494,"Studio City, California","34.14839,-118.3961799",Professor of Law and Political Science at UC Irvine; Election Law Blogger. Author #PlutocratsUnited http://amzn.to/1PNUCcs
news,11:10 AM - 9 May 2014,ElPasoTopNews,,15366,5508,"El Paso, Texas","31.76003,-106.4872799","El Paso top news and stories, powered 24/7"
journalist,2:23 AM - 10 Jul 2011,TimCushing,http://www.techdirt.com/user/capitalisliontamer,1744,725,Contributor - Techdirt.com,,WILL WRITE FOR SHORT-LIVED ADORATION.
journalist,7:59 AM - 10 Oct 2012,AbhishekBhalla7,,1267,474,Delhi,"28.65171,77.22193","Journalist with DNA, Delhi"
news,12:08 PM - 28 Oct 2015,iraqnow_news,http://www.iraqnow.news/,122,29,Iraq,"33.09557,44.17497",The First Aggregator news from Iraq
news,1:38 PM - 4 Feb 2014,bizatthestate,http://www.thestate.com/business/,599,1,,,The State Newspaper's business section.
fire/emt,7:59 PM - 9 Feb 2017,FEPAGEMS,,172,0,Quezon City,"14.65099,121.04861","We are the Fire Emergency Paramedic assistance Group (FEPAG). A non-stock, non-profit civic organization established in 1993."
wx,6:55 AM - 24 Dec 2012,Marcynovakwx,,2038,1063,,,Morning Meteorologist for FOX 25 in Oklahoma City. Catch me Monday - Friday mornings from 5 - 9 AM or online at http://www.okcfox.com !
journalist,7:24 PM - 5 Jun 2015,AdlayKejjan,http://saveyazidis.org,969,195,USA,"39.78373,-100.4458799","ENTR, EMT-Paramedic, Commercial pilot/CFII, Humanitarian, ED- @YAWOrganization. Views are my own. U R the PIC of Ur Life"
wx,12:18 PM - 11 Sep 2008,Skilling,http://www.wgntv.com/weather,62638,33,Chicago,"41.87555,-87.6244199",I forecast the weather.
wx,7:35 AM - 9 Nov 2010,Nashville_NC,http://www.NashvilleNewsChannel.com,547,34,"Nashville, TN","36.16222,-86.7743499","Nashville news,sports, weather,entertainment,politics and business information."
news,5:59 PM - 19 Jul 2011,Echinanews,http://www.ecns.cn/,189568,289,Beijing,"39.90596,116.39124","ECNS.cn, the English portal of China News Service, a window into news about China.#ChinaTravel #ChinaLife #ChinaTech #ChinaBiz #ChinaCulture #panda"
disaster/accident,10:00 PM - 25 May 2013,KinyanBoy,http://kenyainsights.com,32251,3579,"Nairobi, Kenya","-1.2832499,36.81724",Infocentric| Analytical | Intelligence | Investigative | Founder @KenyaInsights | Strategic Communication | SocioPolitico | in.kenyawest@gmail.com
news,7:51 AM - 29 Jan 2016,_ngoo,http://owler.com,1287,2,"San Mateo, CA","37.4969,-122.3330499",Track all of the latest NGO News with Owler. View all companies in the NGO Sector: http://www.owler.com/iaApp/sector/i14_s2/owler/ …
journalist,12:36 AM - 28 Oct 2011,KanakManiDixit,http://kanakmanidixit.com,231208,201,Patan Dhoka,"27.67911,85.32074",writer
news,3:27 AM - 16 Jun 2014,92newschannel,http://www.92newshd.tv,193838,32,Pakistan,"30.33084,71.24749",#92NewsHD is Pakistan’s first HD Plus #News Channel aims to bring quality & updated News & stories from Pakistan & around the World. http://www.facebook.com/92NewsHD
police/traffic,7:40 AM - 23 Jul 2009,ABQPOLICE,http://www.cabq.gov/police,64446,550,Albuquerque,"35.0841,-106.6509799",OUR TWITTER FEED CAN ALSO BE VIEWED AT http://www.cabq.gov/police . This account is not monitored 24/7. Please call 911 in an emergency.RTs are not endorsements.
news,5:07 AM - 5 Oct 2010,ExpressandEcho,http://www.devonlive.com,34092,1043,"Exeter, England","50.72564,-3.5266599","Providing Exeter, East & Mid Devon with news in print and online"
police/traffic,4:58 AM - 5 May 2016,PoliceUg,http://www.upf.go.ug/,20790,179,Uganda,"1.53335,32.21665",The Official twitter channel of the Uganda Police Force.
news,7:41 AM - 6 Dec 2009,Natabaalo,http://www.acme-ug.org,46592,2010,Kampala,"0.31771,32.58135",Programme Assoc. @ the African Centre for Media Excellence|Journalist|Crazy about Social Media and life http://www.rebelmouse.com/Natabaalo
disaster/accident,1:53 PM - 8 Aug 2011,FBIDallas,http://www.fbi.gov/dallas/,10180,54,"Dallas, TX","32.77627,-96.7968499","Welcome to the official FBI Dallas Twitter. To submit a tip on terrorism or a federal crime, please go to https://tips.fbi.gov ."
journalist,10:16 PM - 25 Mar 2010,baqirsajjad,http://pakforeignpolicy.wordpress.com/,2906,289,Islamabad,"33.69457,73.06437",Foreign Affairs/NatSec Correspondent at #Dawn. Ex-VP National Press Club. This is personal acc & doesn't reflect opinions of my employer. RTs not endorsements
journalist,10:32 AM - 11 Sep 2011,BaxtiyarGoran,http://instagram.com/baxtiyargoran,6302,1477,"Kurdistan, Bardarash","36.50283,43.59542",Focus on #Kurdistan & Middle East| Reporter @K24english.| @Jcckrg| BA in Politics & Int'l Studies @UKHewler| @Erbil_Shapers| http://baxtiyargoran.blogspot.com  |
police/traffic,12:43 AM - 4 Nov 2011,GettrafficNSW,http://www.gettraffic.com.au,1839,26,Australia,"-24.7760999,134.755",Gettraffic NSW under the Australian Traffic Network is the foremost provider of traffic information in Australia.
police/traffic,2:53 PM - 19 Nov 2013,Traffic_All_MWs,http://www.MotorwayCameras.co.uk,2022,1,"All Motorways, UK","53.09266,-2.2910599",Live #traffic news and information from every UK #motorway! Now updated every 5 minutes by @MotorwayCameras - SEE the traffic @ http://www.MotorwayCameras.co.uk
news,2:59 AM - 1 Mar 2010,247NGNEWSUPDATE,http://www.247nigerianewsupdate.co,26063,111,,,"Welcome to 24/7 Nigeria News Update. We are dedicated to keeping you updated on news in, around and about Nigeria. We give you news updates all round the clock."
news,10:37 AM - 20 Jun 2015,1_philadelphia,http://1philadelphia.net,189,169,Philadelphia,"39.95239,-75.1635799",1 Philadelphia News Search Phlly Businesses Lawyers Doctors Mechanics Sports Eagles Sixers Phillies Flyers
news,6:00 PM - 24 Mar 2009,LocalTwo,http://www.cbslocal2.com,8697,954,"Palm Springs, CA","33.82462,-116.5402999",The Coachella Valley's Local News Station -- Find us on Facebook! http://www.facebook.com/cbslocal2
news,8:08 PM - 9 Sep 2008,abcnewsTas,http://abc.net.au/news,24488,297,"Tasmania, Australia","-42.0350599,146.63668","ABC News from Tasmania. This account is staffed 6am-9.30pm Mon-Fri, 8 am-3.30pm Sat-Sun. This is an official @ABCaustralia account."
news,5:49 AM - 13 Oct 2013,News247Nigeria,http://www.news247.com.ng,1126,7,,,Dynamic News website of Nigeria. News Updated every 35mins
news,1:04 AM - 11 Mar 2009,yorkpress,http://www.yorkpress.co.uk/,55385,14227,"York, UK","53.95905,-1.0815299","The Press newspaper in York, providing news coverage for York, and North and East Yorkshire."
news,9:09 AM - 5 Oct 2008,HarrowObserver,http://www.harrowobserver.co.uk,6827,75,"Harrow, Middlesex","40.58916,-74.3183599",Harrow's number one newspaper
news,6:53 AM - 4 Dec 2014,Sopore_News,http://www.soporenewsagency.com,420,2,sopore kashmir,"34.28684,74.46244",Get 24/7 News From Sopore And Other Parts Of Kashmir.
fire/emt,7:57 AM - 4 Aug 2015,MerPolStHelensC,http://www.merseyside.police.uk,953,32,"Saint Helens, England","53.45354,-2.7343199",Neighbourhood Police Officers covering St Helens Town Centre and Windle. Please call 101 to report crime or 999 in an emergency.
news,10:51 AM - 23 Jan 2009,Oxon,,1182,243,Oxfordshire,"51.83333,-1.2499999","Created by @ernmander as a source of news from around Oxfordshire, England. We do not answer DM's"
disaster/accident,4:12 AM - 3 Feb 2011,EvansTheCrime,http://www.walesonline.co.uk/all-about/swansea,5167,1786,"Swansea, Wales","51.62114,-3.9467699",Proud to be the crime newsmonger on my hometown paper South Wales Evening Post. But this casserole of nonsense is mine. 01792 545549 @SWEveningPost @WalesOnline
journalist,8:15 AM - 2 Jul 2009,sneheshphilip,,2349,665,New Delhi,"28.61389,77.21595","Deputy Editor, Strategic Affairs, @Republic. Was Pakistan Correspondent for PTI earlier. Tweets are personal."
news,5:05 AM - 30 Jan 2010,sgbreakingnews,https://www.facebook.com/dawn.yeo.94,4189,51,Singapore,"1.29045,103.85203","All latest Singapore breaking news, updated to you directly."
news,4:50 AM - 17 Jan 2007,IOL,http://www.iol.co.za,226221,11861,South Africa,"-28.8166199,24.99163",Get LIVE breaking news on the go! Download our APP to unlock great news features http://bit.ly/2jiJloX
news,6:24 AM - 28 Sep 2009,TheRegister,http://www.theregister.co.uk/,69407,68,London San Francisco Sydney,,Biting the hand that feeds IT. Technology and science news for world+dog. Send tipoffs to news@theregister.co.uk
news,12:15 PM - 10 Jun 2015,1Houstonnet,http://1Houston.net,214,142,"Housto, TX",,1 Houston News Search Businesses Lawyers Doctors Sports
fire/emt,8:38 AM - 1 Aug 2012,WCSOFL,http://www.waltonso.org,6042,1615,"DeFuniak Springs, FL","30.72102,-86.1152099",Official Twitter page of the Walton County Sheriff's Office. In an emergency dial or text 911. Page not monitored 24/7.
disaster/accident,4:21 PM - 29 Dec 2008,peterdaou,http://peterdaou.com,122761,988,,,Proud American. Hillary '08 adviser. Beirut war survivor. Jazz pianist. @LeelaDaou's husband. Defending the Constitution and seeking justice for ALL.
news,7:30 PM - 2 Oct 2009,2TurntTV,http://www.muzikfame.com,5318,216,Cloud 9,"31.551765,-110.245313802926","2Turnt Television. Official Twitter for the #1 source streaming standout unsigned videos, hot major music, funny s**t, news and movies for fans."
wx,11:04 PM - 13 Jun 2012,NWSNewYorkNY,http://www.weather.gov/nyc,40420,274,"Upton, NY","40.86954,-72.8867599",Official Twitter Account for National Weather Service New York NY Details: http://weather.gov/twitter
disaster/accident,1:59 PM - 15 Aug 2014,JoeFreedomLove,,25699,23910,"Conservativeland, Orange Co CA",,Trump/Pence Save USA: #MAGA; Defeat ISIS; Stop Socialism/Leftism; Sovereignty; Strong Military; Constitutionalist; #2A; Law & Order; Jesus; Home of the Brave
news,3:08 PM - 10 Jan 2008,VancouverSun,http://www.vancouversun.com,211112,1014,"Vancouver, B.C. Canada",,Western Canada's largest news team. .Snapchat: TheVancouverSun .http://www.facebook.com/VancouverSun  .http://www.instagram.com/thevancouversun  .http://plus.google.com/+VancouverSun
news,7:11 AM - 8 May 2007,WGAL,http://www.wgal.com,105889,177,"Lancaster, PA","40.03813,-76.3056599","WGAL, The Susquehanna Valley's #1 news team on Twitter."
journalist,4:46 PM - 29 Apr 2010,nbc10_brian,http://www.turnto10.com,4473,789,,,"Husband. Father of 3. Reporter at @NBC10 in RI. Westerly, RI native. @AmericanU alum."
police/traffic,5:57 AM - 7 Oct 2010,fl511_state,http://www.fl511.com,2046,173,Florida,"27.75676,-81.4639799","FL511 major #traffic reports from @myfdot. Know before you go, don't tweet & drive. #Tampa #Orlando #Miami For information in Spanish check @FL511_Estatal"
journalist,10:05 PM - 10 Jan 2016,robertbtracy,http://www.facebook.com/robertbrucetracy1,3535,4995,,,"2016 Presidential Candidate, Conservative, Anti-Corruption. Author of ""Freedom is an Illusion"" http://www.amazon.com/dp/B00UJOU688"
news,5:57 AM - 8 Mar 2011,TheFreemanNews,http://www.philstar.com/freeman,30516,1093,"Cebu, Philippines","10.45,123.84",Cebu's news source since 1919 and a member of the Philippine Star Media Group. Email us: newsroom@thefreeman.ph
journalist,5:57 AM - 18 Nov 2016,Conflictszone,http://www.mediasupport.org,3366,3110,,,Conflict sensitive journalist reporting conflicts professionally without feeding the flames. Contributor IMS’ Handbook for Conflict Sensitive Journalism.
wx,5:47 AM - 17 Jun 2008,ABC13News,http://www.wset.com,38008,253,"Lynchburg, VA","37.400875,-79.1844913551984","Your stop for all breaking news, weather & sports coming from the heart of Virginia. Story ideas? Email us: newsdesk@wset.com"
news,7:12 AM - 20 Jan 2009,CKNW,http://www.cknw.com,84452,728,"Vancouver, BC","49.26089,-123.1139299",News Talk 980 CKNW. Vancouver's News. Vancouver's Talk. Breaking news & talk radio station.
wx,9:18 PM - 19 Jan 2009,severestudios,http://www.severestudios.com,80965,681,"US Midwest, Plains, Southeast",,"Breaking weather news, live storm chase streams, severe weather video sales. Media contact: 866-WX-LIVE-1"
police/traffic,9:48 PM - 12 Jul 2011,QLDTrafficMetro,https://qldtraffic.qld.gov.au/,9514,19,"Queensland, Australia","-21.9182799,144.45888","Traffic & Travel Information for Brisbane, Ipswich & Redland areas. Monitored 6am-8pm Mon-Fri excl.public holidays. Visit https://qldtraffic.qld.gov.au/"
wx,2:14 PM - 4 Aug 2008,nbc6,http://www.nbc6.com,251405,926,South Florida,"37.16637,-94.8464199","South Florida's source for news on @Twitter. Breaking News, Sports, NBC 6 Investigations & First Alert Weather. Download the #NBC6 app: http://nbc6.com/mobile"
news,5:26 AM - 11 Mar 2012,majid_al7rbi,http://rawy.xyz,1582,1958,المملكة العربية السعودية,,"feed news automatic on my Accaunt , أغلب التغريدات هي أوتوماتيكية من خمس صحف وانا لا اتحمل مضمونها ف انا مجرد ناقل"
disaster/accident,11:39 AM - 25 Mar 2009,fordm,http://www.theatlantic.com/matt-ford/,25652,3772,NV → DC,,"Criminal justice & constitutional crises, @TheAtlantic. Void where prohibited. matt@theatlantic.com"
journalist,7:45 AM - 5 Aug 2010,Lucasjalyl,http://www.lucasjaleel.com,17749,958,"Baa atoll, Maldives","4.86968,72.99904",Writer. #FindMoyaMeehaa #JusticeForYaamyn
journalist,10:44 AM - 7 Oct 2010,EllenBarryNYT,http://nytimes.com,25758,1760,New Delhi,"28.61389,77.21595","South Asia bureau chief for The New York Times, longtime Moscow correspondent, retweets are not endorsements. Write me at ebarry@nytimes.com."
news,2:37 AM - 6 Apr 2017,newsaNIGERIA,http://www.newsa.com/ng,1513,12,"Lagos, Nigeria","6.45505,3.39417","Read all the latest news headlines from all leading news sources from across Nigeria, updated automatically and continuously 24/7."
journalist,5:29 PM - 7 Aug 2009,harun_yahya,http://www.harunyahya.com,38740,8,"Istanbul, Turkey","41.00963,28.96516","Adnan Oktar, Muslim intellectual, author of 300 books on science& faith topics. Defender of freedom of thought, peace and love, ally of devout Christians & Jews"
news,6:13 PM - 6 Mar 2009,vrai777,https://goo.gl/VogEWS,8144,80,"California, USA","36.70146,-118.7559899",Startup Zealot archiving best News & latestTrend #1st ➤ retweet ℀ @Verified ℅ Twitter® Retweets:endorphins #TweetsEndorsement Everywhere vrai777
journalist,9:58 PM - 22 Aug 2012,JustinLumLive,http://facebook.com/JustinLumNews,1938,1038,"Fresno, CA","36.729525,-119.7088549","News Reporter @CBS47 × @KSEE24 | @Raiders alum | @SFSU grad 2K13 | @CCSFfootball QB 2K10 | Oakland, CA Tri-Cities, WA Fresno, CA. Proud born ."
journalist,5:00 AM - 9 Feb 2010,arvindgunasekar,http://www.facebook.com/Arvindgunasekar,4674,1651,New Delhi,"28.61389,77.21595","Journalist based at Delhi. Masters in International Relations, JNU. RT's are not endorsements."
news,8:43 AM - 4 Apr 2014,HeartSussexNews,http://www.heart.co.uk/sussex/news/local/,4212,2949,Sussex,"50.944675,-0.0619300095238065",We are the team for Heart Sussex News covering #Sussex
news,6:33 AM - 8 Sep 2009,USRealityCheck,http://USRealityCheck.com,93220,88356,USA,"39.78373,-100.4458799",Top #News from the U.S. and around the #World RT ≠ endorsement #USRC http://ow.ly/3QU4C
news,4:37 AM - 25 Feb 2009,BBC_Cumbria,http://www.bbc.co.uk/cumbria,46866,603,"Cumbria, UK","54.61431,-2.94208993836317","Latest news, features and updates from BBC Radio Cumbria. Retweets are not an endorsement."
news,9:11 AM - 4 Jun 2009,1stNewsHeds,http://www.1stheadlines.com,3691,1,USA,"39.78373,-100.4458799","Top breaking news headlines from top local, regional, national & international online news sources."
news,3:35 PM - 25 Aug 2015,OIRSpox,http://www.defense.gov/counter-isil,27119,315,"Baghdad, Iraq","33.30242,44.37879","Army Colonel Ryan Dillon Spokesman for Operation Inherent Resolve (OIR), the U.S.-led coalition against ISIS. Follow here for breaking news."
news,11:54 PM - 23 Apr 2015,GetNewsd,http://www.newsd.in,36785,122,,,"Newsd is a new age information, curation and dissemination platform. A one-stop shop for your daily news consumption. Download our app: http://newsd.in/app"
news,6:51 AM - 30 Oct 2013,newswdru,,56,84,United States,"39.78373,-100.4458799",Main news in real time.
news,2:04 AM - 19 Oct 2010,AfricaPulse,http://www.AfricaPulse.com,21493,360,Africa,"2,15.99999",The African Beat! News and Media for Africa at http://AfricaPulse.com
news,12:15 AM - 9 Mar 2008,KyivPost,http://kyivpost.com/,171151,823,"#Kyiv, #Ukraine",,The award-winning Kyiv Post is the top source of English-language news about Ukraine since 1995.
journalist,6:48 AM - 17 Aug 2009,MagsNews,,8877,4002,,,Researcher/writer. Worked with a Labour MP in a previous life. Yearns for a fairer society in the UK. Contributes to The Huff occasionally.
journalist,11:15 PM - 21 Feb 2014,DailyWorldChd,http://dailyworld.in,301,419,Chandigarh,"30.73515,76.7704991065831","Now read #News, #Views, #Analysis, #Entertainment, #Sports, #Instant #News #alert on the fastest growing #India's first #international #newspaper."
wx,12:57 PM - 13 Oct 2010,GlobalOkanagan,http://globalnews.ca/okanagan/,17912,8891,"Kelowna, BC","49.88766,-119.4961599","Your source for weather, traffic and breaking news from the Okanagan and beyond."
disaster/accident,4:34 AM - 12 Mar 2012,EsiscTeam,http://www.esisc.org,2906,1506,,,Strategic intelligence consulting Contact-us for tailor-made services esisc@esisc.org
wx,4:10 PM - 22 May 2012,NWSReno,http://www.weather.gov/reno,20382,184,"Reno, NV","39.52927,-119.8136699",Official Twitter account for National Weather Service Reno. Details: weather.gov/twitter
journalist,2:08 PM - 31 Jul 2009,davidluhnow,http://www.wsj.com,11554,1063,From Puebla to the Patagonia,,Latin America Editor for The Wall Street Journal/Dow Jones. The opposite of a Chicano: Born and raised in Mexico to gringo parents.
journalist,10:35 AM - 3 Sep 2008,rolandsmartin,http://www.rolandsmartin.com,454509,2744,"Washington, D.C.","36.29885,-82.3591834","Host/managing editor of TV One's daily morning show, NewsOne Now; senior analyst, Tom Joyner Morning Show; author; international speaker; CEO, Nu Vision Media"
disaster/accident,6:50 PM - 29 Mar 2012,davidminpdx,,6495,818,"Portland, Oregon","45.52024,-122.6741899","Criminal defense attorney, social activist, documentary filmmaker, movement strategist, foundation director."
journalist,8:38 PM - 16 Jul 2008,samsteinhp,,293602,1004,"Washington, D.C.","36.29885,-82.3591834","Senior Politics Editor, HuffPost http://www.huffingtonpost.com/sam-stein/  Host, Candidate Confessional. https://goo.gl/aI75nE"
news,3:18 PM - 15 Apr 2009,foxnewsalert,http://www.foxnews.com/alerts,512047,59,"New York, NY","40.73059,-73.9865799","Latest news on politics, entertainment, global affairs and more -- right on Twitter! Sign up for e-mail and text alerts here: http://fxn.ws/dpsz4b"
wx,9:19 AM - 12 May 2009,WPSDLocal6,http://www.wpsdlocal6.com,49920,239,"Paducah, Kentucky","37.08338,-88.6000399",We bring you breaking news and weather down to the minute. Always look to Local 6 for what is happening from your neighborhood to the world.
fire/emt,8:27 PM - 21 Oct 2013,CT_STATE_POLICE,http://www.ct.gov/despp,32783,205,"Middletown, CT","41.549565,-72.6515541045455",Official Twitter account of the CSP The accounts are NOT monitored 24/7. To report an emergency dial 9-1-1. https://www.facebook.com/connecticutstatepolice … http://bit.ly/2mMqohc
fire/emt,6:41 PM - 27 Jul 2008,HLpublicsafety,http://www.kentucky.com/news/local/crime/,19247,9734,"UT: 38.0412337,-84.5013955",,"We cover public safety stuff - police, fire & more - for the Lexington Herald-Leader/Kentucky.com. We made #lexingtonpolicescanner trend."
news,6:59 AM - 10 Feb 2014,BreitbartTexas,http://www.breitbart.com/breitbart-texas,14010,41,Texas,"31.81603,-99.5120899",Breitbart News in the Lone Star State.
journalist,10:42 AM - 27 Sep 2010,NateGreyy,https://trinirant.wordpress.com/2017/05/07/i-apologize/,1971,161,Trinidad and Tobago,"10.86778,-60.9820999","Senior Reporter (Crime) at Trinidad Express.Simply a writer, poet, singer; an artist all about the word play; supporter of local culture; my opinions are MY OWN"
news,2:00 PM - 25 May 2012,AP_Sports,https://apnews.com/tag/apf-sports,112562,5261,,,The top sports stories and insights from the global staff of The @AP. Breaking news since 1846.
news,10:49 AM - 17 Apr 2009,WLOS_13,http://www.wlos.com,61394,603,"Asheville, NC","35.60094,-82.5540099",News 13 WNC’s News Leader serving Asheville Hendersonville Rutherfordton Waynesville Weaverville Brevard and all points in between Also at http://facebook.com/news13
journalist,9:10 PM - 20 Apr 2009,sahloul,http://m.huffpost.com/us/author/zaher-sahloul,10834,6615,"Chicago, USA","41.87555,-87.6244199",@SAMSGlobalR #American Relief Coalition for #Syria @sams_usa #Humanitarian #Relief #Refugees #Medicine #HumanRights #interfaith #CriticalCare Views are my own
journalist,8:47 AM - 8 Oct 2009,AmbedkarCaravan,http://www.velivada.com,33486,297,drambedkarbooks.com,,Believe in Humanity. Views don't represent Dr. Ambedkar. Email - contact@velivada.com Admin @Silent_Steps
journalist,5:46 PM - 17 Apr 2009,NefertitiWSB,http://www.nefertitijaquez.com,15740,9588,ATLANTA|PHILADELPHIA|MIAMI,,|| Nefertiti || But you can call me Nef | Journalist for ABC News @wsbtv | Beauty + Lifestyle Blogger l IG: @nefertitijaquez | E: Nefertiti.Jaquez@wsbtv.com
news,4:20 PM - 11 Jun 2009,WestJournalism,http://www.westernjournalism.com,31119,5987,"Phoenix, AZ","33.44858,-112.0773399","News, commentary, videos for Americans who love freedom."
news,7:25 PM - 4 Mar 2009,YWN,http://www.theyeshivaworld.com,54925,7,USA,"39.78373,-100.4458799",The official Twitter page for Yeshiva World News (YWN)
journalist,12:52 PM - 2 Jun 2009,HenryKIRO7,http://www.kiro7.com/,4128,2059,"Seattle, Washington","47.60383,-122.3300599",FACEBOOK: https://www.facebook.com/HenryKIRO7/  KIRO 7 reporter. My dogs Violet & Jery are trouble. NJ born. Northwestern. RTs not endorsements.
news,1:33 PM - 29 Jul 2009,globalwinnipeg,http://globalnews.ca/winnipeg/,27791,1736,"Winnipeg, Manitoba, Canada","49.88333,-97.1666699",Winnipeg's #1 source for breaking news
news,8:02 PM - 7 Oct 2014,ARnews1936,https://www.rebelmouse.com/ARnews1936/,96854,77326,ISRAEL,"30.87602,35.00151","Shalom, I am Israeli zionist, I tweet news from the Middle East and around the world, Patriot, Pro-USA| Retweet≠endorsement | Unfollow=Block"
journalist,9:57 PM - 15 Dec 2011,BBCSteveR,http://news.bbc.co.uk,45966,826,Moscow,"55.75068,37.61749",Moscow Correspondent for BBC News
journalist,1:53 PM - 26 Oct 2012,HadiAlabdallah,,537341,366,Syria,"34.64018,39.04941","Independent Syrian journalist telling the story of my people's pain, suffering and hopes. http://facebook.com/hmf5h"
news,11:51 AM - 7 Jun 2010,SanCarlosPatch,http://Patch.com/sancarlos,1125,170,"San Carlos, CA","37.4982,-122.266146361538",San Carlos Patch is your source for local news.
news,1:57 PM - 23 Apr 2008,WIAT42,http://www.wiat.com,37726,1508,"Birmingham, Alabama","33.52068,-86.8024299",WIAT CBS42 News provides Local Coverage You Can Count On for Central Alabama. Send photos and news tips to ReportIt@wiat.com.
police/traffic,10:56 PM - 6 Sep 2009,EWNTraffic,http://www.ewn.co.za/traffic,229280,148,Johannesburg / Cape Town,"-26.1177899,28.14116",EWN's traffic feed. SMS us on 31702 or visit http://ewn.co.za  click on traffic. Whatsapp 079 947 7020 – please keep us updated with any traffic problems.
news,9:05 AM - 3 Nov 2008,CBSThisMorning,http://CBSThisMorning.com,304985,1866,United States,"39.78373,-100.4458799",America's fastest-growing network morning news broadcast. Bringing you more real news every morning on @CBS and 24/7 on @Twitter.
news,11:15 AM - 2 Nov 2007,ALcomBirmingham,http://www.al.com/birmingham,123114,504,"Birmingham, Alabama","33.52068,-86.8024299",Tweeting all things Birmingham from Alabama Media Group's online home of The Birmingham News.
disaster/accident,7:43 AM - 23 Sep 2009,omahacrime,,345,58,"Omaha, NE","41.25873,-95.9378699","Omaha, NE Crime Information #OmahaCrime"
disaster/accident,8:35 AM - 27 May 2015,Dr_Partizan,,29788,14,,,Kurdish activist - Military developments in Kurdistan.
wx,4:26 AM - 5 Dec 2009,BBCLeeds,http://www.bbc.co.uk/leeds,116788,1316,"Leeds, UK","53.79741,-1.5437899","Official Twitter feed for BBC Radio Leeds, your BBC in West Yorkshire. LISTEN: 92.4FM, 103.9 FM, 774AM, DAB & Freeview with local news, sport, travel & weather."
journalist,11:31 AM - 10 May 2010,RanaHarbi,,46158,289,Beirut-Lebanon,"33.89592,35.47843","A proud Lebanese, Journalist, Vocal, Fast Blocker #جنوب_لبنان"
wx,5:43 AM - 17 Jun 2008,KTULNews,http://ktul.com,71001,362,"Tulsa, OK","36.15568,-95.9929099",Tulsa's Channel 8 | KTUL | Delivering news and weather to northeastern Oklahoma.
journalist,10:18 PM - 30 Nov 2010,LMKMovieManiac,http://www.lmkmoviemaniac.com,62119,378,"Chennai, India","13.07969,80.28295","Film entertainment content writer, Boxoffice whizz, Film news tracker, Reviewer, Cricket / Tennis buff, YouTube - Cinema Pesalam"
journalist,3:45 AM - 14 Nov 2010,LeftSentThis,http://www.TheUniversityOfLeft.tumblr.com,34957,574,5 minutes away from greatness,,"PhD Candidate, studying Black re-presentation in multiple media(s). Published writer. Lecturer. Hip Hop Scholar. Professional hoop-court-shit-talker."
journalist,3:22 PM - 9 Aug 2010,DovLieber,http://www.timesofisrael.com/writers/dov-lieber/,2479,169,Eastern Mediterranean,"48.42757,-123.3577899",Arab Affairs Correspondent for @TimesofIsrael مراسل الشؤون العربية @TimesofIsraelAR
journalist,10:47 AM - 16 May 2010,MikeyKayNYC,http://www.mikeykay.com,9925,505,"Paris, France","48.85661,2.35149","Multi-Media Journalist | Storyteller | FP Expert | Brit military pilot/strategist for 20yrs: Iraq, Afghan, Syria, Kosovo, Africa, Asia | @GMB's Security Analyst"
news,6:03 AM - 12 May 2010,hulldailymail,http://www.hulldailymail.co.uk,69015,1821,"Hull, UK","53.74357,-0.3394699","The official twitter account for Hull Daily Mail http://www.hulldailymail.co.uk  providing local news, sport & entertainment. Part of @localworldmedia."
news,10:30 AM - 7 Apr 2009,infonaija,http://www.informationnigeria.com,133345,197,Nigeria,"9.60003,7.99997","Nigeria's No 1 Information Portal with 24/7 news on Trends,Entertainment,Gossips,Sports and Many More! Email : Info@informationnigeria.org"
news,4:09 AM - 11 Oct 2010,News_Kenya,,8235,94,Nairobi,"-1.2832499,36.81724",Latest Kenyan News: Get Breaking News on Twitter. For Kenyan blogs: @Blogs_Kenya | Curated by @peteretelej
journalist,6:52 AM - 10 Oct 2012,Splash_247,http://www.splash247.com,14639,2485,,,"Splash is the site for incisive, exclusive maritime news and views 24/7. It is also the home of Maritime CEO."
wx,9:23 PM - 8 Nov 2010,LosAngeles_NC,http://www.LosAngelesNewsChannel.com,542,45,"Los Angeles, CA","34.05439,-118.2439399","Los Angeles news,sports, weather,entertainment,politics and business. Constantly updated including vide."
fire/emt,7:53 AM - 15 Dec 2014,gpdogsection,http://www.gwent.police.uk,3294,283,"Gwent, South Wales",,Protecting and Reassuring. Do not use twitter to report crime or incidents. To report crime or incidents please dial 101 or in an emergency dial 999.
news,3:11 AM - 26 Dec 2008,yourthurrock,http://www.yourthurrock.com,10249,4991,London,"51.50732,-0.1276399",Award winning on-line newspaper. We never close: Contact us: newsdesk@yourthurrock.com and 07757167689. Also run http://www.yourharlow.com
journalist,7:54 AM - 11 Feb 2009,tnewtondunn,http://www.thesun.co.uk/sol/homepage/news/politics/,66016,1135,London,"51.50732,-0.1276399","Political Editor of The Sun and #AFC season ticket holder. Views my own, on Brexit or the Gunners. Email for stories: t.newtondunn@the-sun.co.uk"
news,1:13 AM - 24 Dec 2011,SOFREP,http://sofrep.com,33380,51,,,"News, Analysis, & Opinion from Special Ops Veterans"
news,12:27 PM - 20 Jan 2016,xpress_local,http://www.localxpress.ca,7869,399,"Halifax, Nova Scotia","44.64842,-63.5749699","Journalist-run digital upstart covering news, sports, business & entertainment in Nova Scotia. Send tips or comments to newsroom@localxpress.ca"
journalist,2:49 PM - 22 Dec 2011,ilda_talk,http://getrealphilippines.com/blog/author/ilda/,4190,23,,,I write because I want to understand things.
fire/emt,8:37 PM - 15 Dec 2015,IFD_NKY,http://www.independencekyfire.org,87,17,"Independence, KY","38.94311,-84.5440999",Independence Fire District
police/traffic,11:04 AM - 29 May 2016,OhioTwpPolice,http://www.facebook.com/ohiotwppolice,89,0,"Sewickley, PA","40.53645,-80.1844999","The Ohio Township Police provide police coverage to Ohio Twp, Aleppo Twp, Kilbuck Twp, Neville Twp, Ben Avon, Ben Avon Heights, Emsworth and Sewickley Hills."
news,12:55 AM - 19 Feb 2010,SputnikNewsUS,http://www.sputniknews.com,29510,3714,"Washington, DC","38.89495,-77.0366399","Sputnik is a global wire, radio and digital news service. We exist to tell the stories that aren’t being told."
journalist,10:42 PM - 2 Jun 2009,JonEricksonTV,http://nbc26.com,1266,334,"Green Bay, WI","44.52994,-88.0248299",Anchor / Reporter at NBC 26 in Green Bay
news,12:57 PM - 22 Jun 2010,NanuetPatch,http://nanuet.patch.com,1677,71,"Nanuet, NY","41.0887,-74.0134699",Nanuet Patch is your source for local news.
journalist,8:51 AM - 21 Mar 2011,cpinckard,http://www.cleveland.com,987,656,"Cleveland, Ohio","41.50516,-81.6934399",Aggregation editor / overnight reporter for http://cleveland.com
news,1:38 AM - 4 Jun 2014,Realitybytes51,,842,33,,,Watching New Stories of Indian Media. Trying to highlight contradictions and agendas. For Honest Journalists and media watchers
wx,11:08 AM - 21 May 2008,KTVB,http://KTVB.COM,76745,4875,"Boise, ID","43.61656,-116.2008299","Boise & Idaho local news, weather and sports from KTVB. Idaho's #1 news source on social, mobile, web & TV. Where news comes first."
wx,6:22 PM - 10 Jan 2015,iawxnet_se,http://www.iawx.net,26,1,Southeast Iowa,"41.92167,-93.3122699","Automated National Weather Service alerts for Davis, Des Moines, Henry, Jefferson, Keokuk, Lee, Louisa, Van Buren, Wapello, and Washington counties in Iowa"
wx,8:40 AM - 20 Aug 2010,SeanWTHR,http://www.wthr.com/story/23349214/2013/09/05/sean-ash,15035,7963,39° 44' N 86° 17' W,,"@WTHRcom meteorologist, #Indy, lover of B&G, chocoholic, storm enthusiast, father of 3, happy husband http://www.facebook.com/SeanAshfanpage  http://www.instagram.com/seanwthr"
news,11:08 AM - 15 May 2009,LOCAL15NEWS,http://www.local15tv.com,47861,967,"Mobile, Alabama","30.69435,-88.0430499",Your local news headquarters.
news,11:25 PM - 8 Sep 2008,abcsydney,http://www.abc.net.au/sydney,68998,3336,"Sydney, Australia.","-33.8548099,151.21645",ABC Radio Sydney. Listen live: http://ab.co/Sydney  Talkback: 1300 222 702.
journalist,11:31 PM - 9 Jun 2012,sanaejaz2,http://www.newslens.pk/author/sana/,14313,1204,Peshawar,"34.01238,71.57874","Journo @WorldPTV @NewsLenspk Ex anchor @PkRadio92; #HRActivist, Founder & ChP #Gandhara: CPCE work on #peace/#GirlsEducation Blogger: RTs/Follows≠Endorsement"
journalist,7:29 PM - 11 Jun 2009,StevenTDennis,,42140,8813,"Washington, DC","38.89495,-77.0366399","@Bloomberg reporter. I talk to senators in hallways. Truth-teller. Ex-WH, Roll Call, CQ, Md politics. Dad to 3. Opinions my own. Email: sdennis17@bloomberg.net"
journalist,1:33 PM - 5 Nov 2009,egavactip,,2884,1894,Ohio,"40.22535,-82.6881299","Senior Research Fellow, Center on Extremism, Anti-Defamation League. Expert on right-wing extremism. Views expressed here my own only. Retweets not my views."
news,10:24 AM - 24 Mar 2011,bbcnewsline,http://bbc.co.uk/newsni,124993,1001,facebook.com/BBCNewsline,,"The official twitter account for BBC Newsline, BBC Northern Ireland's TV news programme."
wx,4:01 PM - 7 Jul 2014,ScotPilie_Wx,http://kadn.com,2230,1007,"Lafayette, LA","30.22408,-92.0198399",News 15 Evening Meteorologist. Former @CNN Intern. NWA Social Media Committee. Tropics Analyst. MSU Meteorology. All tweets are my own opinion.
news,9:38 PM - 14 Apr 2015,WeForNews,http://www.wefornews.com,5922,90,"New Delhi, India","28.61389,77.21595","Breaking news, sport, TV news and a whole lot more. We give our readers/viewers an opportunity to watch and read the news"
journalist,10:44 PM - 11 May 2010,Sandra_Sully,http://tennews.com.au,126453,6699,Australia,"-24.7760999,134.755",#TenNews @ChannelTenNews Journalist | Senior Editor | News Junkie @Walkleys Board @HockeyAustralia @SpinalCure @AdoptionAwareness @MS_Australia
news,7:43 PM - 12 Aug 2015,karma1244,,10899,10584,"Pennsylvania, USA","40.96998,-77.7278799",#TRUMP SUPPORTERS ONLY!!! I tweet the news YOU decide.Some funnies. Porn BLOCK-LISTS #MAGA #praydaily4POTUS
govt,9:55 PM - 18 May 2015,governorkingi,http://www.kilifi.go.ke,8358,5184,kilifi county,"-3.1507349,39.6750647240078",Official Twitter handle for Amason Jeffah Kingi run by Governor's Press Service. Personal tweets shall be marked as ^AJK
journalist,10:30 PM - 14 Dec 2007,stilgherrian,http://stilgherrian.com,17555,2975,"Wentworth Falls NSW, AU",,"Word-whore. I write 'em. I talk 'em. Information, politics, media, and the cybers. I drink. I use bad words. All hail Eris! Vive les poissons rouges sauvages!"
news,10:44 AM - 17 Aug 2007,FresnoBee,http://www.fresnobee.com,70048,629,"Fresno, California","36.73944,-119.7848299",The Fresno Bee is the No. 1 source of news in California's Central Valley.
news,1:07 AM - 25 Jul 2011,BBCRadioSolent,http://bbc.co.uk/solent,48807,940,"Hampshire, Dorset and the IOW",,"We love Hampshire, Dorset and the Isle of Wight. Join in on 96.1FM, 103.8FM and Digital. See also @solentsport for footy, cricket and other sports news."
journalist,1:33 AM - 25 Sep 2013,goddersbloom,http://www.godfreybloom.uk,6880,141,"Yorkshire, England","53.77863,-1.5286299","Tells it like it is....... all time record on EU 'parliamentary' speech views. now over 60 million & growing I mute potty mouths, & impertinent trollers."
news,2:10 PM - 15 Jun 2007,koat7news,http://www.koat.com,76746,103,"Albuquerque, NM, USA","35.0841,-106.6509799",Breaking news and real-time updates for New Mexico
journalist,3:36 PM - 8 Mar 2012,ShoebridgeC,,11432,360,"London, UK","51.50732,-0.1276399","Former army officer, Scotland Yard detective and counter terrorism intelligence officer, international politics graduate, lawyer, broadcaster, writer."
journalist,3:41 PM - 30 Mar 2014,VPetreski,http://factchecking.mk/,2308,870,"Skopje, Macedonia","41.99609,21.43164","National Media Fact Checking Service. Editor. Tweets, RT strictly private & not verified through journalistic process. English only account."
journalist,4:17 PM - 18 Sep 2009,colettebrowne,,22225,2083,"Dublin, via Cork",,"Irish Independent columnist, journalist."
police/traffic,11:20 AM - 3 Nov 2009,PoliceAU,http://www.police.com.au,2402,255,Australia,"-24.7760999,134.755","Website on law enforcement, #security and global #legal issues. We tweet lots of news from Oz #media. We are *not* connected with any Aussie #police service."
news,9:00 AM - 18 Oct 2009,BBCYork,http://www.bbc.co.uk/york,41724,409,"North Yorkshire, UK","54.090685,-1.53422232695036","Find us on DAB Digital Radio across North Yorkshire. We're also on 103.7, 95.5 and 104.3FM and online at http://bbc.co.uk/radioyork"
fire/emt,8:34 AM - 13 Jan 2009,BostonFire,https://www.cityofboston.gov/fire,114137,83,"Boston, Massachusetts","42.36048,-71.0595599",Official Site. Smoke detectors over 10 yrs old need to be replaced. New ones have sealed 10 yr batteries. Are yours up to date?
news,8:19 PM - 4 Sep 2009,jakartainformer,http://jakartainformer.com/,1718,341,Jakarta,"-6.1753899,106.82718",Jakarta News - that's what you get from us. From A - Z
disaster/accident,6:42 AM - 12 Mar 2009,thijsbouwknegt,http://nl.linkedin.com/in/thijsbouwknegt,2688,911,Amsterdam | The Hague,"52.07998,4.31134","Historian of #Africa, #Genocide, Mass Violence & Transitional Justice | Monitor of International Criminal Justice & #ICC | (R)T/F/L ≠ endorsement"
journalist,2:56 AM - 20 Feb 2012,ILoveGlosUK,http://www.facebook.com/iloveglos,8488,315,"Gloucestershire, UK.","51.83333,-2.1666599","News, views, sports, events and life from the English shire of #Gloucestershire"
wx,10:19 AM - 12 Jun 2015,sydneycitypress,http://toplocalnow.com/au/sydney,303,15,"Sydney, New South Wales","-33.8548099,151.21645",Breaking news and weather updates from Sydney.
journalist,8:18 AM - 13 Apr 2014,Sanju_Verma_,http://www.bjp.org,180877,248,"Mumbai, India","18.95238,72.83271","Economist,MBA Finance,Ranked in Asiamoney,ex JP Morgan&HDFCSec, Entrepreneur,Columnist,Chief Spokesperson&Co-Convener,Intellectual Cell,BJPMumbai;Views,personal"
news,7:46 AM - 11 Jul 2008,CBSSacramento,http://CBSSacramento.com/,97826,5530,"West Sacramento, Calif.","38.58046,-121.5302299",Official Twitter account of CBS13 in Sacramento. Follow us for breaking local and California news and discussion. Re-tweets do not constitute endorsements.
journalist,7:01 AM - 25 Apr 2014,Hasan_Jneed,http://www.facebook.com/HasanJneed0,20323,278,Syria,"34.64018,39.04941","Syrian journalist and writer interested in the news and political developments in the Arab and Islamic world in general, and in Syrian affairs in particular."
journalist,10:51 AM - 13 Sep 2011,TallApproved,http://www.iheartradio.ca/big-dog-100-9/,961,1627,"Truro, NS","45.36666,-63.2999999",6'9 News Reporter at @bigdogtruro/@catcountrytruro and the voice of the @trurobearcats
journalist,1:48 PM - 8 Mar 2013,WJXTAshleyH,http://News4jax.com,3967,685,"Jacksonville, Florida","30.33218,-81.6556499","@wjxt4 reporter. Wife. New mom. @UCF alum. Introvert. Motivated by news, books, Beatles, Batman, & sushi. Story ideas? Email me! :-). aharding@wjxt.com."
disaster/accident,7:54 AM - 9 Aug 2010,Intelwar,http://Intelwars.com,2706,1569,each one teach one...,,Fair Use Opensource Intelligence Press Archive
journalist,9:57 AM - 7 Apr 2010,mehdirhasan,http://www.facebook.com/mrmehdihasan,317878,1805,Washington DC,"38.89495,-77.0366399","Columnist, The Intercept. Contributing Editor, New Statesman. Host, Al Jazeera English. A Brit based in DC. (Opinions are mine but retweets aren't endorsements)"
news,3:11 PM - 24 May 2010,FoxNewsInsider,http://insider.foxnews.com,127385,369,NYC,"40.73059,-73.9865799","Stay connected with everything Fox - the latest news and analysis, must-see show highlights, exclusive features and what's coming up on the channel."
news,6:40 AM - 9 Aug 2010,SalinaPost,http://salinapost.com,3309,383,"Salina, KS","38.84028,-97.6114199","Salina's Real-Time News, Opinion and Data Hub!"
police/traffic,2:48 PM - 9 Feb 2011,TotalTrafficPHX,http://TTWnetwork.com,1562,190,"Phoenix, AZ","33.44858,-112.0773399",Call in your Traffic Problems - 602-374-6300
wx,9:05 AM - 8 Apr 2013,MeteoGib,http://www.meteogib.com,4911,174,Gibraltar,"36.14514,-5.3484799","Marine & Commercial Weather Consultancy. CEO Steph Ball, Prof Meteorologist (FRMetS). 29yrs ex-UK Met Office . Consultant GBC TV & Radio . UK Global Challenge."
news,10:11 AM - 20 May 2009,CrimeConspiracy,http://lapd-chief.blogspot.com/,425680,433863,Los Angeles USA London UK,,"American & British Media Reports: Carroll Foundation Maryland Trust $1,OOO,OOO,OOO, = LOCKDOWN = FBI Headquarters Washington DC Scotland Yard Biggest Case."
wx,4:54 PM - 24 Mar 2009,itvchanneltv,http://www.itv.com/channel,19331,1661,Channel Islands,"48.8005,-123.3831599","News, Sport and Weather from across the Channel Islands. Tune in for the latest updates on @GMB 6am-8:30am and at 1:55pm, 6pm & 10:30pm on @ITV."
wx,10:15 PM - 20 Jun 2016,7NewsGoldCoast,http://m.me/7NewsGoldCoast,575,78,"Gold Coast, Queensland","-28.0023699,153.41459","Gold Coast news, sport and weather nightly at 5.30pm. Got a news tip? We want your story. Email 7newsgc@seven.com.au #7News"
news,12:38 PM - 20 Feb 2015,NewYorkBestOf,http://bit.ly/1ztFkQ2,206,21,New York City,"40.73059,-73.9865799",News&Pictures from the Greatest City in the World!
news,12:11 PM - 23 Apr 2013,NewDay,http://www.NewDayCNN.com,285302,1267,,,"@ChrisCuomo and @AlisynCamerota report the latest news & top stories, 6-9a ET on @CNN. http://Facebook.com/NewDay  https://www.instagram.com/newdaycnn/"
