wx,3:14 PM - 21 May 2015,EfrenWLTX,http://www.wltx.com/story/about-us/2015/05/28/efren-afante/28120051/,1903,1399,"Columbia, SC","34.00074,-81.0343299","@WLTX Broadcast Meteorologist, WRN Ambassador, #OUSooner grad, Native NY'er, major #coffee drinker, hockey nut, pure #meteorology nerd. Opinions/RT are my own."
news,11:42 AM - 3 Aug 2016,JawairiaJamshed,https://www.youtube.com/channel/UCk99_swtvj4RakeHLfAEsaA,12563,13757,Pakistan,"30.33084,71.24749",Social Media Activist||Philanthropist||Member #LionsClub||Photographer|| Striving for Positive image of Pakistan ||Motivational Speaker||Chinese Interpreter
disaster/accident,11:53 AM - 31 May 2012,WarOveTerrorism,,4435,3667,,,"Highlight news on the Global War Over Terrorism. Including the theaters of Afghanistan, Iraq, Indonesia, Pakistan, Philippines, and Somalia"
fire/emt,10:04 AM - 27 Jul 2010,AlexandriaVAPD,http://alexandriava.gov/Police,50478,567,"Alexandria, Virginia","38.8051,-77.0470199","Official APD Tweets-- Not monitored 24/7. Emergency? Call 9-1-1. Need to report a crime, vehicle crash, traffic light or parking issue? Call 703.746.4444."
police/traffic,2:16 PM - 27 Mar 2009,OfficerCom,http://www.officer.com,30722,2712,World,,The police source. Leading news and information source for the #police #sheriff #criminaljustice #officer
disaster/accident,2:45 AM - 13 Feb 2013,MossadNews,https://www.facebook.com/UnofficialMossad/,15699,240,Tel Aviv,"32.08048,34.78052","Unofficial news feed (not by the ministry) about wars,intelligence,cyber activities, terrorism and the Israeli secret service. http://pastebin.com/9GMXmjpd"
news,8:25 AM - 8 Apr 2010,vola_news,http://www.voiceofgreaterassam.com,498,111,"Assam, India","26.40738,93.25513",The official Twitter account of Voice of Greater Assam (Award Winning Digital News Media of Assam)
journalist,11:18 AM - 4 Dec 2011,em_bernadin,http://anfenglish.com,6927,550,,,Views and reports are of my people. ANF English
news,3:12 AM - 29 May 2009,CourtNewsUK,http://www.courtnewsuk.co.uk,67786,154,London,"51.50732,-0.1276399","News reports from the Old Bailey, London's Crown Courts and UK disciplinary hearings"
police/traffic,9:20 AM - 2 Mar 2013,JooHyun_Kang,,2728,1006,,,"Organizer, acupuncturist, queerly. Director of @ChangetheNYPD (Communities United for Police Reform/CPR) & CPR Action Fund. RTs not endorsements."
journalist,6:36 AM - 29 Oct 2010,DannyShawBBC,http://news.bbc.co.uk,37676,337,,,Home Affairs Correspondent for BBC News
journalist,11:44 PM - 27 Apr 2010,Matiullahjan919,http://waqtnews.tv/host/mattiullah-jan,102737,724,Pakistan,"30.33084,71.24749","Journalist, Court correspondent, show-host ""Apna Apna Gareban"", columnist Nawaiwaqt. RTs not endorsements. http://www.linkedin.com/pub/matiullah-jan/7/181/463 …"
fire/emt,8:09 AM - 25 Jun 2009,NorthantsPolice,http://www.northants.police.uk,75642,683,"Northamptonshire, UK","52.25,-0.8333299",Do not use Twitter to report emergencies/incidents. Call 101 or use our online forms for non-emergencies and enquiries - use 999 in an emergency only.
journalist,5:58 PM - 19 Mar 2010,MissiNewsRoom,http://www.mississauga.com,19647,1003,"Mississauga, Ontario, CANADA","43.58928,-79.6441599","Local news, views and stuff that matters to you. See what's happening in your neighbourhood. Write: 3145 Wolfedale Rd. Mississauga, L5C 3A9. Call: 905-273-8111."
wx,11:09 PM - 10 May 2012,TexasStormAlert,,4101,0,,,Severe weather alerts for all counties in Texas - Provided by http://www.TexasStormChasers.com  - Find them on Twitter @TxStormChasers
journalist,1:48 AM - 16 Mar 2009,SinghNavdeep,http://www.indianmilitary.info,25195,118,"Chandigarh, India","30.73515,76.7704991065831","HC Lawyer, Author, Former Military Reservist, Former President AFT Bar Assn, Music Lover, Religion Respecting Atheist, Rationalist, Neutral, Dichotomous :)"
news,11:57 PM - 4 Jul 2015,joepalojoe,,17223,17298,New York and Toronto.,"41.630285,-74.8585029242891","Retired lawyer, MBA and entrepreneur. Conservative. Politics and news junkie. For God, country and the constitution. Non sibi sed Deus et patriae."
journalist,3:29 PM - 30 Dec 2010,faisalalmutar,http://www.faisalalmutar.com,23604,2795,Writer-Humanist-Computer Geek,,The Supreme leader of the Secular caliphate of Iraq and Syria. I establish caliphates and write about things. ------- Booking: faisalalmutar91@gmail.com
fire/emt,1:55 PM - 12 Jun 2011,JohnEdwards33,,21933,19845,Wednesbury UK,"52.55218,-2.0224399","Chair of West Midlands Fire & Rescue Authority, former firefighter, Sandwell Labour Councillor for 39-years. Allergic to bigots. Socialist. Speaking personally."
news,2:44 AM - 3 Aug 2011,DContented,,4447,428,Worldwide,,Curator of legit social media content #NotFakeNews
wx,3:29 PM - 2 Feb 2009,EElwellWHIO,http://www.whio.com,4576,1777,"Dayton, OH","39.75894,-84.1915999",Chief Meteorologist @WHIOTV & Radio | Emmy Award Winning | @nwas @ametsoc certified | #MiamiValley #OHwx #INwx storm tracking | eric.elwell@coxinc.com | KD4BNT
wx,7:50 AM - 10 Feb 2009,wfaaweathertoo,http://www.wfaa.com/weather,71703,363,"Dallas, TX","32.77627,-96.7968499",Reports from News 8's Weather team
news,1:34 AM - 20 Apr 2014,AFF_PATRIOTS,http://facebook.com/nationindistress,5555,857,usa,"39.78373,-100.4458799",We are dedicated to exposing the mainstream media corruption. We were one of the first online publications to endorse Donald J. Trump for POTUS.
news,12:02 AM - 29 Jan 2016,hashguwahati,http://edufive.com/services,543,352,"Guwahati, Assam","26.18059,91.75394",Finding latest news about #Guwahati and RT them.What's happening in #Guwahati ? Part of the #NetworK (@hashNetworK) & Managed by @edufive.com team . #FF
journalist,2:04 PM - 28 Apr 2009,mhammond7,http://wintv.com.au,7959,8614,"Canberra, ACT","-35.2819299,149.12889",Senior Journalist @WINNews_ACT
news,9:58 PM - 14 Feb 2015,king_fanly,http://get.fanly.me/invite,4142,2944,"Los Angeles, CA","34.05439,-118.2439399",Voted #1 Sports News App! Get It (http://get.fanly.me/invite  ) and see why it's the easiest way to keep up with the Kings.
journalist,6:17 AM - 25 Oct 2010,EvertonBailey,http://www.oregonlive.com,2840,1178,"Portland, OR","45.52024,-122.6741899",Crime and courts reporter for The @Oregonian. East coast-born @StJohnsU grad. Runs on Frosted Flakes. Send story tips to ebailey@oregonian.com
journalist,5:56 PM - 10 Aug 2011,DarwinBondGraha,http://eastbayexpress.com,5343,2188,"Oakland, California","37.80445,-122.2713499","Staff writer, East Bay Express. DMs are off-the-record. Send me news tips."
wx,6:55 PM - 3 Feb 2011,MarcWeinbergWX,,18267,219,,,"I am the Chief Meteorologist at WDRB in Louisville, KY. I love weather and I am blessed to share my passion on TV. My tweets are my own opinions. #kywx #inwx"
journalist,11:22 PM - 30 May 2010,vijayprashad,http://vijayprashad.org,23957,1086,Delhi-Beirut-Northampton,,"Historian of the Global South; Journalism at Frontline, Hindu, Alternet, BirGun. Chief Editor, @LeftwordBooks. Trains, stories & demonstrations."
news,1:37 PM - 23 Jan 2009,PasStarNews,http://www.pasadenastarnews.com,36594,558,"Pasadena, Calif.","34.14764,-118.1444699","Local. News. Matters. We cover the news from Pasadena, Calif., and surrounding communities. #LocalNewsMatters"
journalist,6:13 AM - 24 Nov 2012,jonmitchell_jp,http://www.jonmitchellinjapan.com,3701,458,横浜・ウェールズ・沖縄,,British journalist on Okinawa beat. FCCJ Press Freedom Award winner. 英国出身、ジャーナリスト。FCCJ報道の自由推進賞「報道功労賞」受賞。 沖縄タイムス特約通信員。「追跡・沖縄の枯れ葉剤」高文研 - http://amzn.asia/b5vSg8Z 。
wx,10:58 AM - 19 Mar 2012,5NEWSJoe,http://www.facebook.com/5NEWSJoe,8195,990,Northwest Arkansas,"33.22524,-92.6492699","Meteorologist on @5NEWS This Morning. Northwest Arkansas/Fort Smith. Husband, marathoner, KC Royals/Chiefs fan."
journalist,2:00 AM - 14 Dec 2015,ArsalaiH,,1276,1177,"Kabul/Jalalabad, Afghanistan","34.43512,70.44733",Writer/Picture Taker/Video Maker. Riding the waves of displacement since '81 Fact: Tupac means Gun in Pashto Currently in Italy HMU: harunarsalai@ymail.com
news,7:10 AM - 24 Feb 2011,WNYnews,,1168,406,"Western, New York","63.59613,23.46418","Public safety news from in and around the 8 counties of Western, New York. Notification of Live events in the WNY area."
news,7:09 AM - 11 Feb 2009,DerbyTelegraph,http://www.derbytelegraph.co.uk,64174,26556,"Derby, UK","52.92126,-1.4761399","The official twitter account for http://www.derbytelegraph.co.uk , providing local news, sport & entertainment. Part of @localworldmedia."
news,6:03 PM - 8 Feb 2010,TheSTLScoop,,10097,458,"St. Louis, MO","38.62727,-90.1978799",St. Louis news that's important to YOU. Tweets are auto-published. Created by @daniel_doelling.
news,9:13 PM - 8 May 2008,tulsaworld,http://www.tulsaworld.com,97720,8615,"Tulsa, Okla.","36.15568,-95.9929099","The latest news from the Tulsa World, powered by the largest newsroom in Northeastern Oklahoma."
journalist,7:04 AM - 13 Jul 2011,dr_rita39,http://www.drritapal.com/,14200,4378,Moldova,"47.28674,28.51102",Medical Journalist. Former Psychiatrist. NHS Whistleblower [http://drritapal.info ]. Human Rights Activism. Observer of the stars. I support #kashmir
wx,4:08 PM - 1 Apr 2009,Kentuckyweather,http://www.kyweathercenter.com,75095,1671,Kentucky,"37.5726,-85.1551399",WKYT Chief Meteorologist Chris Bailey
news,12:14 AM - 21 Apr 2013,Gabe_VVNews,http://VVNG.COM,1578,1912,"Victorville, CA","34.5361,-117.2911499",Breaking news to the Victor Valley http://www.VVNG.com
journalist,2:38 AM - 4 Aug 2011,oladotun1969,http://theeagleonline.com.ng,652,1890,"Lagos, Nigeria","6.45505,3.39417","An investigative journalist with analytical skills, nose for news, thoroughness and uncompromising."
disaster/accident,10:41 AM - 28 Dec 2010,JoaquinCastrotx,http://castro.house.gov,75379,913,"San Antonio, Texas","29.4246,-98.4951399","Texas Congressman, Member of the House Foreign Affairs and House Intelligence Committees"
journalist,10:41 AM - 20 Oct 2014,UKIPPOOLE,,7284,5179,"Poole, England","50.740175,-1.95377045555556","Published & promoted by Bob Lister on behalf of me, views are mine."
news,12:22 PM - 10 Feb 2009,SpireFM,http://www.spirefm.co.uk,9651,1307,"Salisbury, UK","51.07366,-1.7951099",The radio station for South Wiltshire and West Hampshire. Broadcasting from @CityHallSalis Salisbury.
news,9:25 PM - 4 May 2013,LennaLeprena,,14716,10074,"St Helens, Tasmania","-41.3236299,148.24938","REAL music & REAL truth to power...Rock Station Lenna, the music time machine!"
wx,12:13 PM - 4 Oct 2012,WXMolly,http://ktul.com,2926,879,"Tulsa, OK","36.15568,-95.9929099","Morning meteorologist @KTULnews Chasing all the storms, rescuing all the animals, eating all the pizza. UGA Atmospheric Sciences alum. ATLWichitaTulsa"
police/traffic,6:42 AM - 23 Sep 2013,OHPtraffic,http://www.ohptroopers.com,18412,60,"Oklahoma City, Oklahoma","35.47298,-97.5170499",Oklahoma traffic conditions
news,9:19 PM - 1 Feb 2014,mediaforeign,,59140,347,,,News
news,6:23 AM - 28 Oct 2016,PJ_Aberdeen,http://www.pressandjournal.co.uk,101,20,"Aberdeen, Scotland","57.14524,-2.0913699",Get your Aberdeen news with The Press and Journal @pressjournal
news,1:22 AM - 10 Mar 2009,EveningNews,http://www.eveningnews24.co.uk,50114,410,"Norwich, England","52.6286,1.29227",Keeping you up to date with all the latest information and news from around Norwich. Find us on Facebook too: http://www.facebook.com/NorwichEveningNews …
news,8:07 AM - 24 Jan 2016,CyclingTodayEn,http://www.cycling.today,8802,5822,,,"Cycling News, LIVE STREAMING, Races and Results, Training Tips, Health, The Latest Bikes and Products, Analyzes and Interviews"
wx,8:44 AM - 15 Jun 2012,NWSILN,http://weather.gov/iln,17906,90,"Wilmington, OH","39.44533,-83.8285299",Official Twitter Account for National Weather Service Wilmington OH. Details: http://weather.gov/twitter
quake,6:27 PM - 20 Oct 2009,NewEarthquake,,840093,5,Worldwide,,"GEO-tagged world earthquakes magnitude 5+ and tsunami warnings. Dynamic avatar shows last earthquake. Sources: USGS, NOAA, GEOFON. #earthquake"
wx,12:36 PM - 25 May 2012,NWSSanJuan,http://www.weather.gov/sanjuan,21924,249,"San Juan, Puerto Rico","18.384235,-66.0534343642857",Official Twitter account for the National Weather Service San Juan. Details: http://weather.gov/twitter  Use #prwx or #usviwx when reporting weather.
wx,11:22 AM - 6 Feb 2010,WestTNWeather,,1208,116,"UT: 35.697692,-88.828843",,"WTWO exists to provide Jackson and West TN with ongoing weather updates, forecasts and hazardous weather outlooks."
journalist,3:40 PM - 3 Nov 2012,sofia_lawson5,,20730,17474,,,"Editor, Books"
news,5:12 AM - 6 Mar 2009,HeraldPE,http://www.heraldlive.co.za/,29964,302,Port Elizabeth,"-33.9434499,25.53274","Nelson Mandela Bay's leading newspapers The Herald and Weekend Post - bringing you the best in local, national and international news. http://www.heraldlive.co.za"
journalist,7:07 PM - 4 Sep 2011,JessAdamson7,http://7news.com.au/Adelaide,4644,1008,Adelaide,"-34.9274199,138.59989",@7NewsAdelaide Reporter and Presenter @CanTeenAus Ambassador @RoyalFlyingDoc Ambassador @AdelaideFesCent Kids Arts Ambassador Fashion @TheRacesSA Ambassador
news,10:00 PM - 15 Jul 2009,7NewsPerth,http://www.7news.com.au/Perth,68172,1774,"Perth, Western Australia","-31.9527099,115.86047","Perth's No 1 News with Rick Ardon, Susannah Carr, @BasilZempilas and @samjolly7news 4.30pm Mon-Fri and Nightly at 6pm. http://facebook.com/7NewsPerth"
fire/emt,1:33 PM - 26 Sep 2016,UOSSM_Suisse,http://www.uossm-suisse.org,221,113,"Geneva, Switzerland","46.20175,6.1466",UOSSM (Union of Medical Care and relief) intervenes to provide care and emergency assistance to vulnerable and isolated populations in various countries.
disaster/accident,1:03 AM - 16 Dec 2016,SaladinAlDronni,,3585,521,,,"Conflicts,especially those Islamic. 24/7 tracking Al Qaeda/IS movements .Cyber terrorism. Polish Hussars. DM open."
news,9:05 AM - 26 Sep 2009,Norwich24,http://www.norwich24.co.uk,10546,2825,Norwich,"52.6286,1.29227",Norwich24 tweets news from various sources. All your Norwich and Norfolk news one place!
quake,9:03 AM - 5 Apr 2015,myearthquakeapp,http://www.myearthquakealerts.com,14862,65,Earth,"34.23313,-102.4107399","Official account for the My Earthquake Alerts app. It will post statuses regarding the latest earthquakes. For push notifications, download the app."
journalist,9:26 AM - 26 Mar 2012,BogObserver,http://www.bognor.co.uk,4042,389,"Bognor Regis, West Sussex","50.78349,-0.6730699",Keep up with the latest news and views from in and around Bognor Regis.
journalist,8:05 AM - 26 Aug 2009,mattdpearce,,112117,1739,matt.pearce@latimes.com,,National correspondent for the Los Angeles Times. May the forces of evil become confused on the way to your house.
journalist,12:35 PM - 14 Jul 2012,20committee,http://20committee.com,229036,1952,UBIQUE,"-26.7254649,27.0715043181818","#Natsec columnist @observer, security consultant, author, provocateur, bon vivant, polyglot, counterintelligencer, cat guardian. Formerly NSA, NAVSECGRU, NWC."
journalist,2:01 AM - 16 Jul 2011,MaleehaManzoor,http://www.maleehappp.wordpress.com,36600,537,"Karachi, Sindh, Pakistan","24.86677,67.03112","Researcher | Political junkie | Occasional writer. Proponent of democracy, gender parity, coexistence."
journalist,1:17 PM - 22 Apr 2010,ShafikFM,http://www.aljazeera.com/profile/shafik-mandhai-.html,5306,878,UK,"54.70235,-3.2765699","Freelance online reporter at @AJEnglish , cover the UK. Canadian patriot with awful sense of humour. Views are my own."
news,2:18 AM - 5 Feb 2010,DailyMailUK,http://dailymail.co.uk/news,179227,553,"London, UK","51.50732,-0.1276399",Latest news from the UK Daily Mail team. We're on Facebook too: http://fb.me/DailyMail
govt,10:26 AM - 2 Jul 2009,HarrisCountyDAO,http://www.HarrisCountyDA.com,2899,302,"Houston, TX","29.75893,-95.3676899",Seeking justice. Protecting victims. Enforcing law. Twitter page for Office of Harris County District Attorney Kim Ogg
news,2:44 AM - 2 May 2014,Politiko_Ph,http://www.politics.com.ph/,11713,534,,,"We are a social news and blog site where politikos, their kin, friends and allies are the center of the universe. #Politiko"
news,10:46 AM - 6 Oct 2013,Oghyperight,,51090,28890,"Lagos, Nigeria","6.45505,3.39417","DIGITAL MEDIA STRATEGIST Showcasing Celebrities, Rising Stars ad Fashion oghyperight@gmail.com +2348038403230"
news,7:03 AM - 19 Nov 2009,KTBBRadio,http://www.ktbb.com,1698,378,"Tyler, Texas","32.35126,-95.3010599",East Texas Radio Leader
news,10:26 AM - 22 Jul 2011,Indian_Lawyers,http://www.indianlawyers.net,577,53,,,"Indian legal news, resources, and Indian lawyers directory. We help connect Indian lawyers with those seeking their legal services around the world."
wx,7:26 PM - 2 Jun 2009,MikeHamernik,https://m.facebook.com/Mike-Hamernik-1417212315182866/,6901,1980,"Chicago, IL","41.87555,-87.6244199","Born & raised in Chicago on the shores of Lake Michigan. Breaking Weather. Travel. Bears. Bulls. Blackhawks. Meteorologist for WGN-TV, WGN720 & CLTV."
news,2:11 PM - 14 Nov 2014,IntelGroupNews,http://anonintelgroup.com,12946,316,k6dg2wxkfkitcoof.onion/#/,"14.5064,121.0488",We Are The Media . #IntelGroup
wx,11:17 AM - 22 May 2008,StanFinger,http://blogs.kansas.com/weather/,4062,1992,"Wichita, KS","37.69223,-97.3375399","I cover crime & weather for the Wichita Eagle and @kansasdotcom. Author of Fallen Trees, co-author of Into the Deep, about deadly 2003 flood on Kansas Turnpike."
journalist,6:07 AM - 11 Jan 2011,Jacobnbc,http://nbcnews.com,12578,966,"Dallas, TX","32.77627,-96.7968499","Husband, father, @NBCNews correspondent based in Dallas, TX. Instagram @jacobrascon"
journalist,10:29 AM - 26 Apr 2013,SuthareeW,http://fortifyrights.org,2525,1037,Thailand,"14.89719,100.83273",#Thailand Researcher @FortifyRights tweet on #humanrights #politics #justice in #SoutheastAsia & beyond. Views expressed are my own. RT is not endorsement
journalist,7:25 AM - 8 Jul 2009,vickynanjappa,http://www.vickynanjappa.com,18151,586,Hindustan,"22.35111,78.66774","official handle of vikash nanjappa, correspondent internal security @oneindia my stories are reports not my opinion"
fire/emt,3:11 PM - 26 Aug 2015,SWP_Roads,http://www.south-wales.police.uk/en/,6287,173,"Wales, United Kingdom","52.29281,-3.7389299",Official account for South Wales Police Roads Policing Unit. Call 101 for non emergencies or 999 in an emergency. Please do not report crime via this page.
news,10:54 PM - 1 Oct 2012,mezomefans,http://www.mezo.me,38318,8,,,Capturing the power of social media for the benefit of our clients
journalist,1:35 PM - 30 Apr 2016,LaurenWern,https://medium.com/@LaurenWern,8641,480,Under my bed in Gunshine State,,"Mediocre writer. Ferocious critic of #DonTheCon, a corrupted crony who, despite being aided by Russia, lost the national popular vote to a woman by 2.9m votes."
disaster/accident,2:25 PM - 24 Sep 2014,tatsrevolution,http://tatoott1009.com/,2093,680,tatoott@yahoo.com,,"2 MIN NEWS TO ABOLISH THE CORPORATE GOVERNMENT Because every dark cloud has a silver IODIDE lining, BECAUSE THERE IS A WAR ON FOR YOUR MIND,Your Mind is Your"
news,5:16 PM - 11 Dec 2014,Free_Media_Hub2,http://Genocideinsyria.org,30428,25674,Visit our dedicated website @,,"470,000 Dead 1,500,000 injured 11,000,000 Displaced 500,000 Starving under Siege. News letter @ http://goo.gl/sbvSfG  Face Book @ http://ow.ly/3bDo305zCc7"
news,9:40 PM - 21 Apr 2008,JamaicaObserver,http://www.jamaicaobserver.com,194773,434,"Kingston, Jamaica","17.97121,-76.7928099",Jamaica's Number 1 Daily Newspaper: Every Day Matters
disaster/accident,4:00 PM - 7 Mar 2017,The_DeepState,,2150,1809,United States,"39.78373,-100.4458799","Impartial and In-Depth Coverage of Influential Persons Affecting Public Policy in Governments, Military, Science/Technology, Media and Finance"
journalist,12:58 PM - 2 Jan 2008,OKnox,,42300,2299,"Washington, DC","38.89495,-77.0366399","Chief Washington Correspondent, Yahoo! News. Something retweets something something. Views here are my own, not my employer's. Alleged Student of Diplomacy"
wx,6:17 PM - 10 Jan 2015,iawxnet_ec,http://www.iawx.net,53,1,East Central Iowa,"40.76388,-111.8636299","Automated National Weather Service alerts for Benton, Cedar, Clinton, Iowa, Jackson, Johnson, Jones, Linn, Muscatine, and Scott counties in Iowa."
wx,1:20 PM - 26 Jan 2009,KXAN_Weather,http://kxan.com/,30943,1104,"Austin, TX","30.27112,-97.7436899","Tweets from the KXAN News First Warning Weather Team: Jim Spencer, David Yeomans, Rosie Newberry & Natalie Ferrari."
news,8:38 AM - 24 Apr 2009,nhregister,http://www.nhregister.com/,61025,6156,"New Haven, Connecticut","41.30821,-72.9250499","A digital first multimedia news organization in Greater New Haven, Connecticut, with a history since 1812. Call in news tips: 203-789-5708"
journalist,4:08 AM - 14 Jan 2013,DerrickRBickley,http://derrickrbickley.blogspot.co.uk,11212,12307,"Birmingham, United Kingdom","52.47768,-1.8948499","Author of Penguin Books prize-winning short story The Prisoner and crime thriller novel The Hit-and-Run Man, published 1991 - revised edition e-book Kindle 2013"
news,9:13 AM - 14 Aug 2016,news_liveworld,,578,708,United States,"39.78373,-100.4458799",national and international news twenty four hours a day
journalist,4:40 AM - 7 Jan 2009,mishra_abhi,http://www.sundayguardianlive.com/author/abhinandan-mishra,2269,1737,New Delhi,"28.61389,77.21595",Journalist with the Sunday Guardian. Mishra.abhinandan@gmail.com
news,4:40 AM - 24 Apr 2013,KhaosodEnglish,http://www.khaosodenglish.com,16188,84,"Bangkok, Thailand","13.585915,100.41608339172",A Bangkok-based news site providing coverage of Thai politics and culture to an English-language audience.
news,5:47 AM - 10 Dec 2015,khanshehroz312,,1178,78,"New Delhi, India","28.61389,77.21595",social media edit to all news ? हमेशा सच काही साथ दीजिये कियु की सच कभी छुपता नही है और जुट हमे आता नही है
journalist,7:17 AM - 6 May 2013,bpclaimsatty,http://www.shestokas.com/?p=3087,67196,59732,United States,"39.78373,-100.4458799",Attorney/Author of Constitutional Sound Bites Series re: US Constitution. On Kindle at: http://amzn.to/1QIf6Hj
fire/emt,4:23 AM - 8 Jul 2013,NCA_UK,http://nationalcrimeagency.gov.uk,57456,2439,UK,"54.70235,-3.2765699",National Crime Agency. Leading the UK's fight to cut serious and organised crime. Don't report crime on Twitter. Please call 101. In emergencies always call 999
journalist,12:34 PM - 9 Dec 2015,_Makada_,,77808,591,,,"Nationalist, conservative, artist, writer and @American_Mirror contributor."
journalist,8:21 PM - 2 Oct 2010,ahmermkhan,http://Instagram.com/ahmermkhan/,3408,498,Kashmir,"35.24449,58.46424","Independent Photographer. Stories for @guardian, @vicenews, @csmonitor, @BBCNewsAsia, @BuzzFeed, @AJEnglish & more. Correspondent @RFI_English. Ex @WHO"
news,6:29 AM - 21 Jun 2010,heraldscotland,http://www.heraldscotland.com,87782,1266,Scotland,"56.78611,-4.1140499",Breaking news and features from http://HeraldScotland.com
news,8:12 AM - 1 Mar 2009,BBCDevon,http://www.bbc.co.uk/radiodevon,55394,962,Devon - UK,"50.75,-3.7499999","On Twitter, on line, on your mobile, on digital radio - We are Devon's radio station - BBC Radio Devon"
journalist,11:14 AM - 26 Mar 2011,CeesBoogaart,http://www.degratiskrantvannederland.nl,41,81,Netherlands,"52.237985,5.53460236308316","Freelance journalist, photographer - information architect,publicist with his own online newspaper 2005 - 2012 over 1 million pageviews"
journalist,1:31 AM - 20 Jul 2011,UmarCheema1,http://www.cirp.pk,396396,643,Islamabad,"33.69457,73.06437",Investigative journalist at The News; Co-founder Center for Investigative Reporting in Pakistan.
wx,12:24 PM - 16 Mar 2009,JeremyGlobalTV,,8154,1123,"Toronto, ON","43.65292,-79.3848999","TV cameraman/editor in Toronto, Ontario, Canada. Also a breaking news, aviation & weather geek."
wx,8:22 AM - 24 Oct 2008,KRLD,http://www.krld.com/listenlive,31853,826,"Dallas, TX","32.77627,-96.7968499","Dallas-Fort Worth's Radio Station for News, Weather and Traffic. Streaming at http://KRLD.com/ListenLive"
news,4:52 PM - 1 Oct 2014,BridgeportDV,http://bridgeport.dailyvoice.com,489,56,"Bridgeport, CT","41.16704,-73.2048299","Bridgeport Daily Voice is a local news organization. Our town-based reporters cover the most important news, sports and information in our community."
news,12:19 PM - 4 Jun 2007,usnews,http://www.usnews.com,126479,710,"Washington, DC","38.89495,-77.0366399","News, Opinion, Rankings and more from U.S. News & World Report. RTs ≠ endorsements."
wx,11:01 AM - 5 May 2008,WMUR9,http://www.wmur.com,110347,382,New Hampshire,"43.48491,-71.6553899","News, weather and sports updates from WMUR News 9 and http://WMUR.com ."
wx,2:00 PM - 22 Dec 2009,KyleWeather,http://www.facebook.com/KyleRobertsWeather,1760,498,"DFW, TX","32.90534,-97.0403099",Meteorologist for @wfaachannel8 | @ametsoc Certified Broadcast Meteorologist and @nwas Seal of Approval | Texas A&M grad | Back home in North Texas
fire/emt,8:01 AM - 14 May 2009,ColumbusPolice,http://www.columbus.gov/police,25863,339,"Columbus, Ohio","39.96226,-83.0006999","Columbus Division of Police, 120 Marconi Blvd., Columbus, OH 43215. Twitter is not monitored 24/7. If you have a police, fire, or medical emergency, call 911."
wx,7:56 AM - 25 Mar 2009,wbznewsradio,http://www.cbsboston.com,35206,1838,Boston,"42.36048,-71.0595599",Breaking News when it happens. Traffic & Weather Together on the 3s. Listen Live: http://player.radio.com/listen/station/wbz-newsradio-1030 …
news,12:15 PM - 10 Jun 2009,USARedOrchestra,http://factsdomatter.com,46358,29708,"PA, USA","40.96998,-77.7278799","This is NOT normal. This was a capitalist takeover of democracy, aided by Russia, FBI & corporate media, all the ingredients needed for autocracy to survive."
fire/emt,11:28 AM - 9 Mar 2015,boonecosheriff,http://www.boonecountyindianasheriff.com/,1212,27,"Lebanon, Indiana","40.04837,-86.4691599",Boone County Indiana Sheriff's Office. To report a crime contact dispatch at 765-482-1412. In case of an emergency call 911. Account not monitored 24hrs a day.
journalist,6:39 AM - 10 Feb 2009,BathChron,http://www.bathchronicle.co.uk/news,36388,2340,"Bath, UK","51.38138,-2.3596899","The latest from The Bath Chronicle. The new name for @BathNews; News, views and hullaballoos"
fire/emt,8:33 AM - 8 May 2012,HertsFRSControl,http://www.hertsdirect.org/services/commsafe/commprotect/hfrs/,10585,505,"Hertfordshire, UK","52.08052,-0.157324483333338",The official Twitter site for HFRS Fire Control. Answering and mobilising to emergency calls and managing incidents. ALWAYS USE in EMERGENCIES.
journalist,3:45 PM - 17 Sep 2009,Barbi_Twins,http://barbitwins.com/,33841,17807,"Malibu, CA","33.79321,-116.5023499",ex-Playboy celebs/VEGAN Book Authors/Eco Films/HOST @LATalkradio-@CaptPaulWatson EDITOR @OriginMagazine-Famous for NOTHING-Prolife4AllLife-Mrs @KenWahl1
wx,2:13 PM - 13 Feb 2009,ctvedmonton,http://edmonton.ctvnews.ca,154337,1385,"Edmonton, Alberta, Canada","53.53436,-113.5064999",Breaking news headlines & weather updates from North central Alberta's most comprehensive local news and information source on-air and online.
fire/emt,9:06 AM - 1 Dec 2009,IndStatePolice,http://www.in.gov/isp,66261,341,"UT: 40.238994,-85.380985",,"Official Twitter for the Indiana State Police - This account is not monitored 24/7. In the event of an emergency, call 9-1-1 for immediate assistance."
wx,9:27 AM - 23 Oct 2007,FOX61News,http://www.fox61.com,114154,784,"Hartford, CT","41.76349,-72.6830499","Follow us for the latest breaking news, weather, sports, and entertainment. FOX 61 News - Expect More."
news,8:42 AM - 29 Apr 2011,HuffPostCanada,http://huffingtonpost.ca,378227,2882,Canada,"61.06669,-107.9916999",HuffPost Canada: Canada's Internet newspaper (Cover photo: Getty)
journalist,1:55 AM - 18 Jan 2010,gergcahiles,,1455,629,Manila,"14.59062,120.97996","Correspondent, CNN Philippines"
journalist,10:37 PM - 3 Mar 2016,usaircraftspots,http://www.usaircraftspots.blogspot.com,4856,201,"Southern California, USA","34.021965,-118.285864851123",".Feeder to FA, Fr24 & ADS-B Exchange .Monitoring Military & Civil Aircraft Radio Comms locally as well as Radar Data Globally ! .DB Editor for ADS-B Exchange"
fire/emt,10:17 AM - 14 Oct 2009,CincyPD,http://www.cincinnati-oh.gov,18214,163,"Cincinnati, Ohio 45214","39.10108,-84.5285599",Official Twitter Account for the Cincinnati Police Department. THIS ACCOUNT IS NOT MONITORED ON A 24-HR BASIS. FOR EMERGENCIES CALL 9-1-1 or 513.765.1212
wx,1:42 PM - 20 Aug 2008,4029news,http://4029tv.com/,57480,1115,"Rogers, Arkansas","36.33201,-94.1185299",Breaking News and Weather for Northwest Arkansas and the River Valley. #4029News
journalist,10:00 PM - 9 Feb 2009,JasonWhitely,http://bit.ly/1T9VU0x,21576,856,Dallas/Fort Worth,"32.73579,-97.2299499",Senior Reporter @ WFAA-TV Channel 8 jwhitely@wfaa.com Instagram: @jasonwhitely
journalist,3:11 AM - 22 May 2009,SriLankaTweet,http://www.lankauniversity-news.com,35916,12380,Sri Lanka,"7.23714,80.82092",Follow Sri Lanka Tweet #SriLanka 's #ශ්‍රීලංකා #இலங்கை Breaking News #LKA l Journalist #University #SAITM #Cricket #LionsRoar Now #RainSL #FloodSL #CT17 l
journalist,10:11 PM - 26 Jul 2009,JoshButler,http://huffingtonpost.com.au/josh-butler/,9571,1845,"Sydney, New South Wales","-33.8548099,151.21645","Associate Editor @HuffPostAU, mostly politics .. My DMs are open, send me news/tips/memes .. josh.butler@huffingtonpost.com.au .."
news,1:59 AM - 28 Aug 2009,ANI_multimedia,https://www.youtube.com/channel/UCtFQDgA8J8_iiwc5-KoAQlg,973,0,New Delhi,"28.61389,77.21595","ANI News - Multi-media news agency, content for information platforms: TV, Internet, broadband, newspapers, mobiles http://www.aninews.in/"
journalist,10:10 PM - 19 Jun 2012,AzenithKTVU,http://www.facebook.com/azenithktvu,2818,1819,#BayArea #SouthBay Bureau,,Proud #Milpitas / #SanJose native @KTVU #reporter #journalist living the dream! News tip? azenith.smith@foxtv.com Instagram: AzenithKTVU #ktvu
news,12:57 PM - 13 Sep 2007,Newsday,http://www.newsday.com,239620,612,"Long Island, NY","40.85178,-73.0991749",Breaking news and daily discussion on the latest happenings on Long Island. Send news tips or questions and join the conversation.
journalist,4:41 PM - 10 Jun 2012,HeerJeet,http://www.tnr.com,122466,854,Canada,"61.06669,-107.9916999","1. Senior Editor, The New Republic 2. Work found here: http://www.newrepublic.com/authors/jeet-heer … 3. Twitter Essayist. 4. Profile drawing by Joe Ollmann"
police/traffic,12:51 PM - 24 Mar 2010,detroitpolice,http://www.detroitmi.gov/Departments/PoliceDepartment/tabid/141/Default.aspx,14182,318,"City of Detroit, MI","42.33415,-83.0516899",Official Twitter Site of the Detroit Police Department. Follow us for up-to-the minute information about the City and the Department.
disaster/accident,12:19 PM - 19 Jul 2012,LAWinkley,http://www.sandiegouniontribune.com/staff/lyndsay-winkley/,818,443,"San Diego, CA","32.71742,-117.1627699","@sdut, pretending to be Lois Lane on the pub safe beat. Also a military wife, one of 23 Italian cousins and mother of a terrific 3 y.o."
fire/emt,12:13 PM - 30 Apr 2008,PortlandPolice,http://www.portlandpolice.com,143251,409,"Portland, Oregon","45.52024,-122.6741899","Sworn to Protect. Dedicated to Serve. Portland, Oregon, USA. Call or Text 911 for Emergencies / 503-823-3333 for Non-Emergencies."
news,1:48 PM - 25 Apr 2009,israelnatbriefs,http://www.israelnationalnews.com/News/AllFlashes.aspx,1760,9,Israel,"30.87602,35.00151",Arutz Sheva News Briefs. Also see @israelnatnews @israelnatopin. (unofficial)
journalist,2:44 PM - 16 Jan 2012,JeremyCliffe,http://www.economist.com/blogs/kaffeeklatsch,40895,2164,Berlin,"52.51703,13.38885",Berlin Bureau Chief at The Economist. Author of Britain's Cosmopolitan Future: http://www.policy-network.net/publications/4905/Britains-Cosmopolitan-Future …
news,12:15 AM - 4 Jun 2013,vanmark5,https://www.samaa.tv/,1340,877,Pakistan,"30.33084,71.24749",Watch latest news update
news,4:43 PM - 27 Jul 2009,AtlantaNewsHeds,http://www.NewsByState.com/atlantaga.htm,1617,0,USA,"39.78373,-100.4458799","Latest news headlines about Atlanta, Georgia"
news,5:53 PM - 30 Jan 2008,littlebytesnews,http://littlebytesnews.blogspot.com,27039,22539,USA,"39.78373,-100.4458799",SAHM/blogger;tweet abt politics to parenting&everything in btwn[autofeed]#FederalistParty #prolife #tcot #news http://littlebytesnews.com  submit parenting news
journalist,10:06 AM - 1 May 2009,victorcmambor,http://victormambor.wordpress.com,6094,594,West Papua,"-1.3842299,132.90252",Dopis Distributor at Pineapple Garden/We are not separatists. We simply deliver what we think is right!/Journalist in West Papua/All tweets is personal!
journalist,6:22 AM - 13 May 2009,ginarush,https://www.buzzfeed.com/ginarushton,5598,1280,Glorious Sydney,,@BuzzFeedNews reporter (allegedly)
police/traffic,3:44 AM - 21 Jan 2016,TelanganaDGP,http://www.tspolice.gov.in,22056,453,"Hyderabad, Telangana","17.36162,78.47473",Official Twitter handle of the Police Chief of Telangana State
news,9:49 AM - 11 Jun 2012,RadioTamazuj,http://radiotamazuj.org,15675,959,Sudan + South Sudan,"7.86994,29.66678",Radio Tamazuj is an independent daily news service covering current affairs in #Sudan and #SouthSudan since 2011. Tamazuj means ‘blend’ in Arabic.
police/traffic,9:25 AM - 19 Jan 2010,OPP_GTATraffic,http://www.opp.ca,138954,125,"Ontario, Canada","50,-85.9999999","The OPP is one of North America's largest deployed police services with more than 6,100 uniformed officers, 2,700 civilian employees and 850 Auxiliary officers."
news,2:19 PM - 28 May 2015,aenewsline,http://alternativeeconomics.co/newsline,50713,10762,,,"@aenewsline Delivers news and educational videos from around the world, curated by the @alterneconomics team"
wx,7:56 PM - 13 Dec 2013,EricSnitilWx,,5871,2697,"Montgomery, Alabama","32.36696,-86.3006399",Morning Meteorologist at WSFA 12 News. NWA Seal Holder.
news,2:35 PM - 13 Apr 2015,TimesofIslambad,https://timesofislamabad.com,102373,5273,Islamabad | Pakistan,"33.69457,73.06437","Pakistan's premier News Agency covering National, Regional and International News. #NationalSecurity #ForeignPolicy #Defence"
police/traffic,6:08 AM - 18 Mar 2016,JoeStollWTOL,http://www.wtol.com,970,1522,"Toledo, OH","41.67867,-83.5127199","WTOL 11 Morning Traffic Anchor, Noon News Anchor, Husband, Point Place Native, Central Catholic Grad. and Bowling Green State University Alum. Tweets are my own"
police/traffic,5:47 AM - 2 Jun 2011,JohnHillTraffic,,1934,765,,,"A voice of calm in a kinda crazy world. Reporting traffic on I Heart Radio in Columbus, Dayton (PM). Also, WOSU (NPR), WRFD & WXMG! @ohiou BS-COM grad."
journalist,10:24 PM - 6 Apr 2011,AshleyWCBD,http://ashleyraeyost.com,1762,507,Atlanta ⇒ Athens ⇒ Charleston,,"Reporter for @WCBD in Charleston, SC | Proud @FootballUGA Fan #GoDawgs | Coffee Addict | Saved by Grace ✞| #ChsNews"
news,7:10 AM - 30 Mar 2009,UxbridgeGazette,http://www.uxbridgegazette.co.uk/,8544,24,Uxbridge,"51.54495,-0.4816599","News for all of Hillingdon, from Ruislip to Harefield, Uxbridge and Heathrow."
wx,6:47 AM - 3 Apr 2015,UWFWxSTEM,https://escambia.weatherstem.com/uwf,339,30,"Pensacola, FL","30.4213,-87.2169099",Providing real-time weather data for the University of West Florida and surrounding neighborhoods
wx,9:50 AM - 5 Feb 2009,katiefehlinger,http://www.cbsphilly.com,13769,1158,"Philadelphia, PA","39.95239,-75.1635799","On-air meteorologist at CBS3 & CW Philly; lover of good tv & music, meteorology, our Phila Union (DOOP!), college football, YouTube, coffee, most things girly."
police/traffic,1:43 PM - 27 Jun 2013,indy_traffic,http://Fox59.com/traffic,7971,382,,,Latest information on traffic in Indianapolis and surrounding counties powered by @CBS4Indy and @FOX59
journalist,11:48 AM - 13 Apr 2010,MarkLehman6,http://www.clickorlando.com,1507,927,"Orlando, FL","28.54211,-81.3790399",Welcome to the official twitter page for News 6 Reporter Mark Lehman.
wx,5:17 AM - 22 Aug 2011,ChrisWTOL,http://www.wtol.com/weather,6062,1194,"Toledo, OH","41.67867,-83.5127199","Morning meteorologist at WTOL in Toledo, OH. Certified Broadcast Meteorologist (CBM #282). #Cleveland born. @OhioU Bobcat. @Stjude Hero & NYC Marathon finisher."
news,12:50 AM - 29 Mar 2014,HashSharjah,http://edufive.com/services,4571,2949,Sharjah,"25.229715,55.7822507077579",Finding latest news about #Sharjah & RT them.What's happening in #mySharjah? Part of the #NetworK (@hashNetworK) & Managed by @edufive.com team #InSharjah #UAE
news,2:30 AM - 31 Oct 2013,IntCrimDatabase,http://www.internationalcrimesdatabase.org,2564,923,"The Hague, The Netherlands","52.07998,4.31134","ICD is a comprehensive database on #internationalcrimes. With case law from all courts, working papers, news articles, etc #ICL #internationalcriminallaw"
news,8:25 PM - 30 Nov 2016,Go_MelbourneGo,,7,3,"Melbourne, Victoria","-37.8142099,144.96316",Melbourne News Update
news,7:45 AM - 16 Mar 2009,TheTorontoSun,http://www.torontosun.com,278501,467,"365 Bloor St. E., Toronto, ON","43.671897368421,-79.3783756894737","Toronto's best local news, sports, entertainment, comment, pictures and video."
news,7:30 PM - 25 Jul 2008,CBS12,http://www.cbs12.com,87985,469,"West Palm Beach, FL","26.71534,-80.0533699","WPEC CBS12 News | Covering Palm Beach, Martin, St. Lucie, Indian River + Okeechobee . Got a newstip? Email us @ newstips@cbs12.com . (561) 881-0796"
news,11:08 AM - 5 Feb 2014,HectorCannabis,http://amzn.to/2ki144c,8267,5900,,,Cannabis News. Hemp Products. Penny Stocks. Disclosure: All posts are my opinion and for information purposes only.
news,9:29 AM - 20 Jun 2015,1ChicagoOrg,http://1chicago.org,3829,151,Chicago,"41.87555,-87.6244199",1 Chicago News Search Music Sports Business Videos
wx,7:25 AM - 31 May 2012,NWSMBRFC,http://www.crh.noaa.gov/mbrfc/,1134,84,"Pleasant Hill, Missouri","38.7875,-94.2693899",Official Twitter account for the National Weather Service Missouri Basin River Forecast Center. Details: http://weather.gov/twitter
news,8:58 AM - 5 Apr 2009,WFSBnews,http://www.wfsb.com,186791,541,"Rocky Hill, Connecticut","41.66482,-72.6392499","The official Twitter page for WFSB, Channel 3 Eyewitness News"
disaster/accident,9:49 PM - 10 Mar 2012,xinfengcao,,3979,320,中国,,#military #PLA
police/traffic,9:26 AM - 14 Jan 2009,660NEWSTraffic,http://660news.com/traffic,37120,113,Calgary,"51.05305,-114.0625599",660News Traffic brings you the most up to date traffic reports 24/7. Traffic every 10 minutes on the ones.
journalist,4:56 PM - 13 Aug 2010,NassimBnchabane,http://www.stltoday.com/,1275,3573,St Louis / Algiers,,"Night reporter @stltoday. Past @APSouthRegion, others"
journalist,8:07 AM - 9 Mar 2009,JoannaKIRO7,http://www.kirotv.com,2803,671,"Seattle, WA","47.60383,-122.3300599","I'm a reporter & huge outdoor enthusiast/PNW lover. I like pina coladas, getting caught in the rain, & while I'm not into yoga, I have at least 1/2 a brain."
journalist,11:51 PM - 22 Jun 2009,saikatd,http://cis-india.org/about/people/our-team#saikat,111365,415,"New Delhi, India","28.61389,77.21595","Frmr Editor (Nat Sec) @htTweets Author 'India's Special Forces' Policy Director @cis_india, Consulting Ed @Scroll_in Views personal. RTs are not endorsements"
journalist,3:26 PM - 11 Feb 2011,MariamBarghouti,http://ramallahbantustan.wordpress.com/,20797,384,Palestine,"31.64974,35.16207","I write, sometimes. barghoutimariam@gmail.com"
disaster/accident,3:39 PM - 29 May 2014,WithoutATraceFL,http://www.WithoutATraceLLC.com,52,226,"Tampa, FL","27.94775,-82.4584399","Without A Trace LLC is Florida's best Crime Scene Cleanup company using advanced treatment methods to safely clean up biohazard, trauma, death, and suicide."
journalist,9:20 AM - 1 Mar 2010,tavleen_singh,http://www.tavleensingh.com,252187,281,,,"columnist, author"
police/traffic,2:14 AM - 23 Jun 2014,MyAATraffic,http://www.aa.co.za,9880,14,Kyalami,"-25.9968899,28.0705796875",LIVE traffic updates from your trusted roadside partner. Call 0861 000 234
news,10:23 AM - 22 Jul 2011,Arab_Lawyers,http://www.arablawyers.com,152,101,,,"Arab legal news, resources, and Arab lawyers directory. We connect Arab lawyers with those seeking legal aid in Middle East and Arabs around the world."
news,2:52 AM - 7 Aug 2008,breakingnewsie,http://www.breakingnews.ie,41248,717,Ireland,"52.86519,-7.9794499",Ireland's premier breaking news website providing up to the minute news and sports reports.
news,1:07 AM - 2 Oct 2009,sandiegonewz,,12653,475,San Diego California 92101,"32.71742,-117.1627699",#SanDiego News . 600 West Broadway . @visitSanDiego . #California . @GaslampQuarter . #PB . #MB . #OB . #IB . @USNavy . @padres . @chargers . #stayclassy . #SD
police/traffic,5:33 AM - 28 Oct 2013,BCHPoliceDogs,,5538,298,"Beds, Cambs & Herts","52.203,-0.0454972040309407","The Bedfordshire, Cambridgeshire and Hertfordshire Police Dog Unit. Please do not use Twitter to report crime - this account is not monitored 24/7."
fire/emt,12:05 PM - 4 Apr 2009,DispatchDemon,,8563,8331,"San Antonio, TX","29.4246,-98.4951399","#PTSD Survivor. #Veteran. Public Safety Career. Fire, LEO, EMS. Night Shift!"
news,11:49 AM - 14 Aug 2010,BBCEssex,http://www.bbc.co.uk/essex,40615,626,"Essex, UK","51.796705,0.579334404388714","Where Essex comes to talk & home of breaking Essex news. On 103.5 & 95.3FM, digital radio, Freeview and online. Story? 0300 200 40 41 or email essex@bbc.co.uk."
police/traffic,4:27 AM - 18 Jan 2011,SAPoliceNews,https://www.police.sa.gov.au/police-news/sa-police-news,125197,241,South Australia,"-30.5343599,135.63012","The official Twitter account of South Australia Police. Follow us for the latest police news. A reminder, DO NOT report crime here. http://ow.ly/Ijn6e"
news,9:16 AM - 5 Feb 2009,MidDevonGazette,http://www.devonlive.com,3307,435,Tiverton,"50.90273,-3.4891899","Providing Tiverton, Crediton, Culm Valley, Bampton and Dulverton with the best local news 24/7, in print and online"
journalist,2:42 AM - 19 Feb 2009,CandaceMcCowan7,http://abc7ny.com,3167,387,"New York, NY","40.73059,-73.9865799","REPORTER WITH @ABC7NY Atlanta raised, BAMA grad, NY via Savannah, Memphis, and Tampa!"
news,7:01 AM - 25 Feb 2014,DailySignal,http://www.dailysignal.com,47410,5226,"Washington, DC","38.89495,-77.0366399","We believe high-quality, credible news reporting on political and policy issues is of paramount importance to an informed and free society."
journalist,2:54 PM - 24 May 2009,BrodieHart,http://www.abcnews4.com,1083,801,"Charleston, SC","32.7876,-79.9402699","Jesus follower. Reporter for 'Good Morning Charleston' on @ABCNews4 & @FOX24Charleston, husband, Kentucky fan, Wofford College Grad, Corgi picture-taker."
police/traffic,3:59 AM - 7 Jun 2012,PoliceMutual,http://www.policemutual.co.uk,4762,2647,Lichfield,"52.68436,-1.8275199","Helping members of the #Police Service and their families since 1866. Around 200,000 members trust us with their finances and wellbeing. https://www.facebook.com/policemutual"
govt,4:24 AM - 12 Dec 2012,observesyria,http://www.syrianobserver.com,6739,1918,,,"A website translating Syria's daily press and providing a who's who profile of Syrian civil society, government and opposition."
journalist,10:49 AM - 11 Aug 2009,malungelob,,10041,2766,Johannesburg and PSJ,,"Award winning TV Reporter @eNCA, hope to work as a foreign correspondent in the future. Into gym, running, hiking."
news,2:24 PM - 14 Mar 2009,ActionNewsJax,http://www.actionnewsjax.com,77908,640,"Jacksonville, Florida","30.33218,-81.6556499",Action News Jax CBS47/FOX30 is your No. 1 source for news in Northeast Florida and Southeast Georgia
police/traffic,5:03 PM - 25 Feb 2011,WestYorksPolFed,http://www.wypf.polfed.org,4416,2030,"Wakefield, West Yorkshire","53.692,-1.6259299",News and views from West Yorkshire Police Federation. A retweet doesn't mean we endorse it or hold the same opinion.
journalist,12:01 PM - 27 Jul 2007,ryanjreilly,http://www.huffingtonpost.com/ryan-j-reilly,86660,7203,"Adams Morgan, Washington","38.9215,-77.0421899","@HuffPost senior justice reporter, bike commuter, dad. priors: @TPM @CatholicUniv @SJPREP phone / signal: 202.527.9261 ryan.reilly@huffingtonpost.com"
news,5:28 AM - 20 Jun 2011,IPOmaven,https://www.facebook.com/IPOMaven,13157,13274,"Overland Park, KS","38.98222,-94.6707899",Tweeting late breaking news from around the world. Find even more breaking news here at https://www.facebook.com/IPOMaven
journalist,7:32 PM - 3 Dec 2011,HalfAtlanta,http://urbansoulatlanta.com,16528,547,,,poet writer artist hip-hop scholar activist. editor: @OffThaRecord. media: @Rodneyproject.
journalist,4:37 AM - 24 Nov 2013,LostKashmirHist,http://www.LostKashmiriHistory.com,12229,6,Kashmir,"35.24449,58.46424",The struggle of memory against forgetting. | Got something for us? Submit it here: editor@lostkashmirihistory.com
quake,1:05 PM - 23 Jan 2010,earthshook,,6172,1,,,Reports earthquakes recorded by the USGS and sent out via their Earthquake Notification Service. Not associated with USGS.
news,8:14 PM - 5 Dec 2011,Sec_Cyber,http://www.securecybersolution.com,8241,1070,255.255.255.255,"5.34202743589744,-4.1005240025641","Sharing up to the minute #cybersecurity #news from across the globe, #security tips and best practices. c[○┬●]כ #cyber #infosec collaboration"
police/traffic,9:21 AM - 11 Feb 2012,MichaelAWoodJr,http://www.veterans-stand.org,38935,673,"Los Angeles, CA","34.05439,-118.2439399",CEO Veterans Stand - Police Scientist -CivilianLed Policing - LinkedIn http://bit.ly/2gClgZ5  - michael@veterans-stand.org
news,1:48 PM - 26 Dec 2011,Ateutiv,http://ate-u-tiv.com,393,59,"Nigeria, West Africa","6.43836,7.52842",Trending News ... Ate-u-Tiv is the first interactive social network for the Tiv Language speaking & writing people! Subscribe to news at http://bit.ly/tiv_news
fire/emt,4:05 AM - 28 Feb 2012,MPSHackney,http://bit.ly/HV6fMf,46419,791,London Borough of Hackney,"51.548805,-0.047664360714286","We are your police who tweet from the streets, as such this account isn't monitored 24/7. In an emergency call 999 otherwise 101. Policy: http://bit.ly/GTEaCi"
journalist,7:25 AM - 14 Nov 2011,JenniferTomazic,http://wpxi.com,7728,1403,"Pittsburgh, PA","40.44169,-79.9900799","Journalist, runner, animal lover, cereal enthusiast. Re-Tweets are not endorsements."
journalist,6:48 AM - 5 Dec 2010,LizArtzWSB,http://lizartz.com,5247,2202,"Atlanta, Ga","33.74909,-84.3901799",Emmy award winning Reporter and Fill in Anchor @wsbtv Mom. Wife. EMAIL News Tips liz.artz@wsbtv.com
journalist,6:48 AM - 3 Nov 2012,fastFT,http://www.ft.com/fastft,43857,92,"London, NYC, Hong Kong",,Market-moving news and views 24-hours a day.
police/traffic,6:03 PM - 13 Feb 2011,MassStatePolice,http://www.mass.gov/msp,416173,700,"Massachusetts, USA","42.37887,-72.0323599",Official Twitter account of the Massachusetts State Police. Account is not monitored 24/7. To report a crime dial 9-1-1 https://www.facebook.com/MassStatePolice
news,10:09 AM - 17 Dec 2015,Officialoscrape,http://Oscrape.com,1560,1789,Universe,"55.858805,-4.00208215790514",visit http://oscrape.com  to gather all the gists and news in the world all to yourself
journalist,2:21 PM - 6 Oct 2011,dancohen3000,http://www.dancohenmedia.com/,23106,1794,,,Journalist and filmmaker. Arizona-raised.
news,2:43 PM - 14 Jan 2009,CBCManitoba,http://www.cbc.ca/manitoba,86222,2629,"Winnipeg, Manitoba, Canada","49.88333,-97.1666699","Local & breaking news, information & community events. #lovecbc | #lovecbcmb | CBC Submissions Policy: http://cbc.ca/aboutcbc/discover/submissions …"
fire/emt,7:58 AM - 24 Feb 2010,fairfaxpolice,http://www.fairfaxcounty.gov/police,192203,172,"Fairfax County, VA","38.81563,-77.2836799","Official Fairfax County Police Dept. Report crimes: call/text 911 for emergencies, 703-691-2131 for non-emergencies. RTs not endorsements. Not monitored 24/7."
journalist,6:46 PM - 22 Aug 2008,AriBerman,http://ari-berman.com/,67875,2272,New York,"40.73059,-73.9865799",Author: Give Us the Ballot: The Modern Struggle for Voting Rights in America http://amzn.to/2asHld2  Writer: @thenation Speaking: annette@andersonliterary.com
journalist,10:35 PM - 1 Sep 2016,theBreakerNews,http://theBreaker.news,1342,196,"Vancouver, British Columbia","49.26089,-123.1139299","Read theBreaker for news and views on British Columbia and beyond, published by @BobMackin. Tips welcomed: http://thebreaker.news/contact/"
news,8:48 AM - 28 Mar 2014,blockast,http://www.blockast.com,23,0,,,Hyperlocal news near you for Android (https://play.google.com/store/apps/details?id=com.blockast.swipe …) or iOS (https://itunes.apple.com/us/app/id1013424661 …).
news,7:21 AM - 11 Feb 2010,KenMOJA,http://www.KenyaMOJA.com,10134,2127,"Nairobi, Kenya","-1.2832499,36.81724",Kenyan News & Videos
govt,6:55 AM - 21 Aug 2009,jamewils,https://decipherdemon.blogspot.in/,11298,958,"Kerala, India","10.35295,76.51197","Member, Mullaperiyar Special Cell, Govt of Kerala~a civil engineer, who fall in love with water disputes & law~love to read, click & travel~learning to unlearn!"
fire/emt,12:16 AM - 4 Apr 2009,DallasPD,http://www.dallaspolice.net,277036,5872,"Dallas, TX","32.77627,-96.7968499",Official Twitter Account for the Dallas Police Department. THIS ACCT IS NOT MONITORED ON A 24 HOUR BASIS. FOR EMERGENCY CALL 9-1-1.
news,5:37 PM - 16 Dec 2014,montgomery_new,,363,1282,Montgomery - AL,"40.85415,-78.2710999","#news #realtime #update Montgomery, Alabama."
journalist,9:25 AM - 1 Apr 2007,RedState,http://www.redstate.com,194021,516,"Washington, D.C.","36.29885,-82.3591834",RedState: Political News - Conservative Blog & Right Wing Views | Get the RedState Morning Briefing here: http://bit.ly/WihXFA
journalist,5:06 AM - 6 Jun 2011,pdanahar,http://www.amazon.co.uk/The-New-Middle-East-Spring/dp/1408870177/ref=dp_ob_title_bk,48801,805,"Washington, DC","38.89495,-77.0366399","BBC's North America Bureau Editor. Author of 'The New Middle East'. Was BBC's Middle East Bureau Chief. My personal Twitter account, not BBC's"
journalist,4:58 PM - 12 Mar 2009,grlopez4,http://nbcdfw.com,1672,2440,"Dallas, TX","32.77627,-96.7968499","KXAS-TV Managing Editor. Opinions are my own, retweets and links are not endorsements."
fire/emt,8:02 AM - 24 Aug 2012,IrvingPD,http://cityofirving.org/police/index.asp,15194,82,"Irving, TX","32.862915,-96.9791641155095","Official Irving Police Department Twitter feed. This site is not monitored for calls for police service. For emergencies, please call 911."
journalist,9:17 AM - 7 May 2009,samknight1,http://DistrictSentinel.com,14863,5073,"Washington, DC","38.89495,-77.0366399","Co-founder, reporter, editor @TheDCSentinel. Work in @truthout, @the_intercept, @washmonthly, @mondoweiss & @inthesetimesmag. Al! 2018 Staffer"
news,7:45 AM - 9 Sep 2011,charisma_news,http://www.charismanews.com,16085,2969,"Lake Mary, Fla.","28.756615,-81.3388805692913","To passionate, Spirit-filled Christians, Charisma News is the most trusted source for credible news and insight from a charismatic perspective."
journalist,8:27 AM - 1 Jul 2009,lmcgaughy,http://www.dallasnews.com/author/lauren-mcgaughy,9314,3071,"Austin, TX","30.27112,-97.7436899","@dallasnews state politics reporter. Live in Austin, heart in NOLA. Hoya saxa! Ex-@houstonchron @nolanews @asahi. I cats & comics. lmcgaughy@dallasnews.com"
police/traffic,7:50 PM - 27 Aug 2010,rlopezwfaa,,16362,1777,Dallas,"32.77627,-96.7968499",Reporter at WFAA_TV since 1998 Covers the Dallas police department.
journalist,3:05 PM - 11 May 2010,chucklindell,http://www.statesman.com,4476,485,"Austin, Texas","30.27112,-97.7436899","25-year reporter for the Austin American-Statesman. Legal issues, Texas Senate, criminal justice, politics. Father of 2, husband of 1, fool for poker."
news,12:42 PM - 30 Mar 2009,Fox40News,http://www.msnewsnow.com/,16834,530,"Jackson, MS","32.410435,-90.1620574",A leading source of local news and information. A part of the WLBT news family since 2012. Have a story idea? Breaking news tip? Call us at 601-965-7540
news,9:44 AM - 21 Jul 2009,BlackAmericaWeb,http://www.blackamericaweb.com,34381,50,"Dallas, TX","32.77627,-96.7968499","A blend of news, entertainment and gossip for Black America."
journalist,4:55 PM - 16 Oct 2012,alwaystheself,http://www.crystalfleming.com,26270,1124,New York,"40.73059,-73.9865799",Sociologist. Author of #ResurrectingSlavery: Racial Legacies and White Supremacy in France. Writing my next books. Literary agent: @MichaelBourret.
news,10:56 AM - 27 May 2014,newsatire,,468,216,India,"22.35111,78.66774","News at ire, News satire; Will tweet breaking news"
news,8:36 AM - 6 Aug 2015,businessplus_tv,http://www.businessplustv.pk/,2192,181,"Karachi, Pakistan","24.86677,67.03112",Business plus TV started in 2004 to represent Pakistan’s business industry and cover news and business analysis. LIVE streaming http://businessplustv.pk/live-tv/
news,1:15 AM - 28 Apr 2016,ph_billboard,http://billboard.ph,20924,314,Republic of the Philippines,"12.442485,122.160388697425","Your ultimate go-to for the world's most popular international and local charts, music news, videos, analysis, events, and more! Instagram: @billboard_ph"
news,12:51 PM - 5 Aug 2013,SaveTWest,,74932,27,,,Your patriotic anti-establishment news source of the Western world.
news,4:28 AM - 1 Dec 2014,Seattle_news_,http://www.newslocker.com/en-us/region/seattle/,174,300,,,Find your latest news about Seattle with just one click. Don't miss out on anything happening in your region!
journalist,2:53 PM - 1 Dec 2009,trymainelee,,40686,2162,"New York, NY","40.73059,-73.9865799",Journalist. Pulitzer Prize Winner. National Reporter @msnbc and @NBCNews * 2016 New America Fellow * Proud Milton Hershey School alum trymaine.lee@nbcuni.com
news,7:12 AM - 1 Oct 2014,headlinesWIKI,http://headlineswiki.com,441,165,"Washington, DC","38.89495,-77.0366399","http://headlinesWIKI.com  is a trending headlines with a collaboration of different news writers, broadcasters or reference sources. YES AGA!"
news,3:08 PM - 25 Nov 2016,BigBreakNews,,2054,4823,"Miami, FL","25.77426,-80.1936499",We're sharing with you the Country Breaking News
news,3:33 AM - 14 Jan 2013,biteszHQNews,http://bitesz.com,15984,7972,"Sydney, Australia","-33.8548099,151.21645",The official aggregated world news feed for http://bitesz.com ...maker of fine podcasts. Check us out...#listen #subscribe
wx,1:19 PM - 14 Oct 2008,getsurrey,http://www.getsurrey.co.uk,129878,2126,"Surrey, UK","51.27153,-0.341455199999998","Latest Surrey news, sport, weather and events from Get Surrey, the Surrey Advertiser, News & Mail and Woking Advertiser. Also on Facebook http://fb.me/getsurrey"
journalist,9:58 PM - 15 Jul 2008,Greg_Palast,http://www.GregPalast.com,45339,1682,"London, New York, Los Angeles",,"Author of Best Democracy Money Can Buy & Armed Madhouse. New film, The Best Democracy Money Can Buy: A Tale of Billionaires & Ballot Bandits, out NOW!"
fire/emt,10:47 AM - 6 Jul 2011,santamonicafd,http://www.santamonicafire.org,5871,183,Santa Monica,"34.01955,-118.4869699","Welcome to the Santa Monica Fire Department's official Twitter feed. To report an emergency, call 9-1-1. This feed is not monitored live, 24/7."
police/traffic,11:36 AM - 5 Feb 2016,JenniferNBC4,http://nbc4i.com/,1022,235,"Columbus, OH","39.96226,-83.0006999","Traffic & Digital Anchor at NBC4 Columbus, OH | Ohio Born & Bred | Ohio U Alum | #4yourdrive #WakeUpToday"
news,11:57 AM - 8 Mar 2010,SAgovnews,http://www.sanews.gov.za,103073,224,,,Official South African Government news agency. Live tweets and links to news stories. For queries contact @GovernmentZA
wx,12:29 PM - 2 Oct 2016,westkywxwarn,https://twitter.com/westkysevere,31,51,"Owensboro, KY","37.77421,-87.1133299","Watches/Warnings for area covered by @westkysevere. This account is NOT monitored. Only manual posts are Tornado Warnings, which go on the main account as well."
news,3:10 AM - 29 Apr 2016,WorldNews7777,,5900,6099,United States,"39.78373,-100.4458799","The main world news. Breaking News, policy, chronicle, finance, sport, enviromental, scienze, health, etc."
fire/emt,11:08 AM - 5 Aug 2009,Tucson_Police,http://cms3.tucsonaz.gov/police,33147,291,"Tucson, AZ","32.22174,-110.9264699","Official Twitter for the Tucson Police Department. Ready to Protect, Proud to Serve. (Not for emergency reporting) http://www.facebook.com/TucsonPoliceDepartmen …"
news,2:38 AM - 27 Feb 2009,SAMAATV,http://www.samaa.tv,843254,77,Pakistan,"30.33084,71.24749","Breaking news from Pakistan including Politics insights, Sports, Entertainment and much more"
news,2:24 PM - 29 Apr 2008,BDnews,https://twitter.com/Ekushey,142754,11,Bangladesh,"24.47687,90.29324",Latest news on Bangladesh
journalist,9:45 AM - 11 Apr 2008,bradheath,http://usatoday.com,20814,930,Washington,"38.89495,-77.0366399",Investigative reporter for @usatoday covering law and justice. Collector of █████.. bheath@usatoday.com . 202 527-9709 . http://bradheath.org/contact
journalist,8:27 AM - 14 Dec 2012,ToddFeathers,http://lowellsun.com,1105,762,"Lowell, MA","42.63342,-71.3161699","Reporter at @LowellSunNews covering City Hall, opioids, & health care. Send tips to: tfeathers@lowellsun.com"
fire/emt,6:16 PM - 24 Dec 2011,RedPawRelief,http://www.redpawemergencyreliefteam.org/,7105,2314,"Philadelphia, PA","39.95239,-75.1635799",An emergency response nonprofit run by firefighters that provides 24/7 emergency assistance to families w/pets involved in fires & residential disasters.
news,8:27 AM - 27 Oct 2008,NESN,http://nesn.com/,282090,7650,"Boston, MA","42.36048,-71.0595599","http://NESN.com  - Sports News - Red Sox, Bruins, Celtics, Patriots, LFC"
disaster/accident,11:32 AM - 2 May 2011,ConflictNI,,11417,5429,,,"The conflict in Northern Ireland. ""Everybody leans on the crime of the other to justify himself""- Albert Camus, Algeria 1955"
news,8:03 AM - 22 Jun 2009,CFRAOttawa,http://www.cfra.com,45746,254,Ottawa Ontario Canada,"45.42103,-75.6900199",Newstalk 580 CFRA is Ottawa's only 24 hour local radio news centre.
fire/emt,2:44 PM - 26 Nov 2014,RentonFireL864,http://www.iaff864.org,2161,493,"Renton, WA","47.4799,-122.2034399",Official Twitter account of Renton Firefighters IAFF Local 864. Views are solely that of L864 and not City of Renton/KCFD 25/40. Incident posts are unofficial.
wx,10:18 PM - 16 Jul 2016,kenmichaelslive,,41,37,"Meridian, MS","32.3643,-88.7036499",".Meridian, Mississippi Weather Alerts...and beyond! . -Ken Michaels (aka) Trevor Chase/The Afternoon Chase... @kenmichaels91"
wx,7:10 PM - 21 Jun 2010,GroganontheGO,http://www.newson6.com/story/14498548/michael-grogan,4956,1682,"Tulsa, OK","36.15568,-95.9929099","Meteorologist on the News on 6 WARN Team (CBM #629). Christ-follower, Storm chaser, Valpo grad, adventure-seeker."
news,1:50 PM - 6 Mar 2008,ksprnews,http://www.kspr.com,28073,591,"Springfield, Missouri, USA","37.21533,-93.2982499","The official Twitter account for KSPR News in Springfield, Missouri, bringing you the latest news and info from across the Ozarks."
wx,11:45 AM - 4 Mar 2009,DanielleBreezy,https://Instagram.com/daniellebreezytv,27457,671,"Nashville, TN","36.16222,-86.7743499",@WKRN Chief Meteorologist! CBM sealed & Emmy nominated @Cornell grad! Married to @JoeBreezyRadio. I love running & all things sports! RTs ≠ endorsements
wx,8:49 AM - 25 May 2012,NWSFlagstaff,http://weather.gov/Flagstaff,26293,152,"Flagstaff, AZ","35.19945,-111.6514199",Official Twitter account for the National Weather Service Flagstaff. Details: http://weather.gov/twitter
news,3:52 PM - 7 Jan 2014,bitcoinagile,http://bitcoinagile.com/Insights,21768,9852,Matter Doesn't Matter,,"Streaming News: Bitcoin, Blockchain & Beyond #FINTECH #bitcoin #blockchain #ethereum #venturecapital #startups #smartcontracts #dapps #cryptocurrencies"
news,7:32 PM - 14 Jan 2016,StockMonsterUSA,,91998,57166,,,"Latest Predictions, News & Information on Market. Tweets are NOT recommendations to Buy/Sell. LOVE TRUMP !! Followed by @dineshdsousa @Hannity Etc #MAGA"
news,10:55 AM - 24 Sep 2010,apurposefulwife,http://www.nordicsunrise.worpress.com,25260,6607,D and C 38:20,"31.86835,-102.3966999","This is a ministry. Former SJW, now #TradLife. Christian wife & mom of 6. #WhiteCulture is about heritage, not hate. All glory to God! Media: AylaMedia@zoho.com"
wx,1:30 PM - 9 Aug 2012,KTVM6,http://nbcmontana.com/ktvm,10572,80,"Butte & Bozeman, Montana","45.98432,-112.5014599","KTVM 6 is your Severe Weather station, bringing you news, weather and sports on NBC Montana in Butte, Bozeman and the surrounding area."
journalist,9:10 PM - 28 Dec 2007,davidfolkenflik,http://MurdochsWorld.com,64392,1490,"New York, N.Y.","40.73059,-73.9865799","NPR media correspondent || Author, Murdoch's World"
police/traffic,10:15 AM - 6 Oct 2010,fl511_southwest,http://www.FL511.com,2289,72,Southwest Florida,"27.75676,-81.4639799","511 #traffic info for Southwest Florida provided by @MyFDOT. Know before you go, don’t tweet & drive. #Naples #FtMyers #CapeCoral #Sarasota #SWFL"
fire/emt,8:54 AM - 25 Nov 2009,hfdincidents,http://cohweb.houstontx.gov/ActiveIncidents/Combined.aspx?agency=F,2988,249,"Houston, Texas","29.75893,-95.3676899",Unofficial Twittercast of active Houston Fire Department non-EMS incidents
journalist,7:36 AM - 14 Apr 2009,iKabirBedi,https://twitter.com/iKabirBedi,109639,447,City once known as Bombay,,International Actor: B'wood H'wood Rome. Knighted by Italian Republic. Oscar Voter. Presenter. Producer. Writer. Creative soul.
disaster/accident,7:10 AM - 23 Jan 2014,SarpyCounty911,http://www.sarpy.com/e911/,3740,0,Sarpy County Nebraska,"41.11934,-96.0930799","This information is provided as-is, as reported, with no expressed accuracy or timeliness of the information."
wx,6:32 AM - 16 Dec 2011,DaveAgCBS,http://facebook.com/dave.aguilera.12,2834,1752,The Mile High City,"55.9504,-3.1858399",CBS4 Denver Meteorologist /Native #Colorado #Pueblo Emmy Winning #Meteorologist #CBS4 Instagram DAVEAG
disaster/accident,1:54 AM - 21 Jul 2009,911news,http://911investigate.blogspot.com/p/911truth.html,6342,122,"California, Usa","36.70146,-118.7559899","9/11 Controlled Demolition inside conspiracy, per irrefutable scientific evidence. http://ae911truth.org , http://krunchd.com/911 , @newsroll"
fire/emt,2:15 AM - 2 Jul 2015,emergenciainter,http://ea1htg.blogspot.com.es/,526,3021,"Cantabria, Espana","43.15956,-4.0878299",Alerta Internacional de personas desaparecidas y emergencias International Alert on Missing Persons and Emergencies
news,7:17 AM - 29 Jan 2008,thestate,http://www.thestate.com,83145,2917,"Columbia, SC","34.00074,-81.0343299","South Carolina's capital city newspaper. For a complete list of staffers on Twitter, visit https://twitter.com/thestate/the-state-staffers/members …."
journalist,5:10 PM - 21 Mar 2014,NinaDontPlayMtG,http://ninaillingworth.com,3753,535,in the fray,"43.288,-0.0926399","In a nation ruled by swine, all pigs are upwardly mobile Writer Govt & Media Critic Anarcho-Syndicalist Patreon: https://www.patreon.com/ninaillingworth?ty=h …"
news,6:45 PM - 29 Oct 2011,LeftonMain,,4458,5001,Northern California,"39.035145,-84.4655249964059",News about Politics/Activism. #Activist #Peacenik #OWS #Climate #Eco #NoGMO #NoNukes #NoFracking #NoDAPL #Independent
news,9:30 PM - 22 Jan 2013,TomCruisePro,,2183,580,"San Francisco, CA","37.77928,-122.4192299","Breaking news about Tom Cruise, curated by @quiboatnews."
wx,1:35 PM - 11 Feb 2009,wpdeabc15,http://www.wpde.com,53906,491,"Myrtle Beach, SC","33.69564,-78.8900399","News, weather and sports for the Grand Strand and Pee Dee."
news,7:23 PM - 3 Jan 2016,phnews24x7,https://play.google.com/store/apps/details?id=com.theusefulapps.phnews,34,3,Philippines,"12.75034,122.73121",All the PH News you need to read.
wx,7:10 PM - 28 Nov 2009,news_watcher1,,1597,1508,South East Queensland Aust,,"Federal Politics a special area of interest as it affects everyone. Other interests, Communications, what's breaking on the Weather&News front.. ."
police/traffic,12:25 PM - 10 Jan 2008,CollierSheriff,http://www.colliersheriff.org,11555,301,"Naples, Florida","26.14203,-81.7948099",Collier County Sheriff's Office
news,6:35 PM - 9 Apr 2009,riwired,http://DemExit.com,33743,35849,Broadway,"40.84177,-73.9392799","Dogs, Theater, Music, Art, Dog Training, Peace, Social Media Strategist, LGBT. RT not necessarily endorsement. Followback & Unfollowback."
disaster/accident,10:28 PM - 1 Nov 2014,PalestineExists,,2743,696,Australia,"-24.7760999,134.755",Aussie teacher who lived & taught in Middle East for 3 yrs. DISGUSTED at Aus/Eng/USA financial & amoral support of Israeli Zionist terrorism.
news,12:28 PM - 17 Feb 2012,CenturyAgoToday,,17024,37,The Year 1917,"54.11543,-0.7651899","Today in History. Currently live-tweeting WWI, among other news. By Ryo Kawashima. Contact: 100yearsagotoday@gmail.com"
journalist,3:49 AM - 22 Jan 2014,vikramwkarve,http://karvediat.blogspot.in,6957,7564,Pune India,"18.643955,73.9325641441199","A creative person with a zest for life, alumnus IIT Delhi, Lawrence School Lovedale, Vikram Karve is a retired Navy Officer turned full time Writer and Blogger"
news,10:27 AM - 5 Dec 2011,cenkuygur,http://tytnetwork.com,294762,491,Los Angeles,"34.05439,-118.2439399",Host of @TheYoungTurks the largest online news show in the world. Founder & CEO of @TYTnetwork
journalist,8:39 AM - 6 Sep 2010,MJohnsonWSB,http://www.wsbtv.com,3783,814,"Atlanta, GA","33.74909,-84.3901799",Reporter @WSBTV. Squeezing in some tweets and reporting in the streets.
journalist,8:23 PM - 9 Jan 2012,RadioFreeTom,https://www.facebook.com/DeathOfExpertise/,82098,1322,"Newport, RI","41.48998,-71.3137699","Author, ""The Death of Expertise,"" Prof at @NavalWarCollege and @HarvardEXT. Fmr US Senate aide. Sr. Cont. @FDRLST. Views my own. deathofexpertise@gmail.com"
news,2:31 PM - 28 Jan 2008,KPCC,http://www.kpcc.org,113004,2207,"Los Angeles, California","34.05439,-118.2439399","News and conversation from 89.3 KPCC, Southern California Public Radio. http://Instagram.com/kpcc  http://kpcc.tumblr.com/  Snapchat: kpccradio"
wx,9:46 AM - 26 Feb 2010,ChasingtheMeso,https://www.facebook.com/JustinRudicel/,4108,1215,"Oklahoma city, Oklahoma","35.47298,-97.5170499","TV Meteorologist for KWTV News 9 (CBS) Oklahoma city. I love weather, football, photography, IndyCars & chasing. http://instagram.com/justinrudicelphotography/ …"
fire/emt,2:57 PM - 31 Jul 2011,WNYFireAlerts,,1480,9,"Buffalo, NY","42.88644,-78.8783599","Breaking Police, Fire and EMS scanner events from the WNY Area. We Do Not tweet Weather Alerts."
journalist,12:16 PM - 2 Sep 2009,juliaioffe,,116696,1946,"Washington, DC","38.89495,-77.0366399",Staff writer at The Atlantic. All views my own. Retweets not endorsements. Void where prohibited.
police/traffic,12:51 PM - 9 Aug 2014,MajorNews911,,13242,14595,,,"Police, Crime Reporter."
journalist,10:49 AM - 5 Aug 2014,KREMRyan,http://www.krem.com/,1459,1201,"Spokane, Wash.","47.65886,-117.4247099",#KREM2 reporter in #Spokane / Las Vegas native/ University of Nevada alum / runner / traveler / foodie
news,2:16 PM - 21 Dec 2013,Aljazirahnewsng,http://www.aljazirahnews.com,297477,5231,Abuja,"9.06433,7.48929","This is the official Twitter Handle of Aljazirah Nigeria Newspapers, the first in breaking the news around the world"
journalist,10:30 PM - 13 Aug 2010,DeborahKIRO7,http://www.kirotv.com,4769,1690,,,"KIRO TV Reporter/InColor Executive Producer. Lover of the Arts, Hiking in the Pacific Northwest, Skiing (at least trying to), and Foodie!"
disaster/accident,3:42 PM - 11 Apr 2010,wolfpjw,http://www.facebook.com/wolfpjw,874,1825,"ABQ Metro, New Mexico",,"Liberty Minded, Non-Partisan, Music Lover, Animal Care Specialist, & Dealing With Life Issues, including Justice, Injustice, Crime,"
police/traffic,8:22 AM - 3 Dec 2012,ChiefSolomon,http://www.ci.methuen.ma.us,2704,1129,"Methuen, MA.","42.7262,-71.1908899","Methuen Police Chief serving 48k resds. We are located between 3 major cities of Lawrence, Haverhill and Lowell. Official Spokesperson 4 Methuen Police."
journalist,8:04 PM - 11 Aug 2009,joshgerstein,http://www.politico.com/blogs/joshgerstein/,24830,1483,"Arlington, Va.","38.89039,-77.0841499","POLITICO reporter covering White House, Justice Department, the courts and more. Contact me via email or Signal: http://goo.gl/rM8fQV"
news,6:23 PM - 13 Nov 2016,NuTVNetWork,http://www.nutvnet.com,4145,269,NewYork,"40.76424,-73.9545199",NU TV is a top Independent Television Network Available on Roku now! Coming July 2017 to your City. Demand Nutvnet from your cable today! ig: #nutvnetwork_
news,8:25 PM - 19 Mar 2009,KTVZ,http://www.ktvz.com,18774,113,"Bend, Oregon","44.05817,-121.3152999","Central Oregon's News Leader - KTVZ NewsChannel 21, Bend, Oregon"
journalist,10:46 PM - 3 Feb 2010,scharada_d,,568,497,"Pune, India","18.643955,73.9325641441199","writer, cat lover"
