news,2:53 AM - 10 Aug 2014,republic_syrian,https://www.facebook.com/United.Syrian.Republic?ref=hl,2769,79,Syria,"34.64018,39.04941","Current news and updates about Syria - detailed maps, videos, and analysis."
journalist,12:07 PM - 16 Mar 2010,BeatrizVNews,http://dailybulletin.com,6101,1176,,,"I'm the crime and safety reporter in San Bernardino County for the Southern California News Group. Full-time journalist, part-time nerd. bvalenzuela@scng.com"
news,3:05 AM - 1 Aug 2008,BBCScotlandNews,http://www.bbc.co.uk/scotlandnews,358812,39,"Pacific Quay, Glasgow","55.85721,-4.2943299",Breaking news direct from @BBCScotland. For sport updates follow @BBCSportScot. On Instagram at bbcscotnews.
news,9:40 AM - 9 Feb 2009,kfdmnews,http://www.kfdm.com,12919,712,"Beaumont, Texas","30.08604,-94.1018399",Providing news our viewers have been counting on for more than 50 years
journalist,3:56 AM - 5 Sep 2014,SomreetbTOI,,459,189,"New Delhi, India","28.61389,77.21595","Senior Correspondent at The Times of India, extremely conscious about happenings around. Talkative. views here are personal, RTs are not endorsements"
journalist,7:21 PM - 1 Mar 2009,bryan_horwath,http://www.facebook.com/JournalistBryan,2229,998,"Wichita, KS","37.69223,-97.3375399","Journalist at @kansasdotcom, @SDStateMMC grad, #ScannerLife, MN native, Wisconsin raised, views my own and RTs not endorsements."
police/traffic,6:54 AM - 7 Apr 2011,965traffic,http://www.news965.com/traffic/,1565,276,"Orlando, FL","28.54211,-81.3790399","Giving you triple team coverage of traffic every 6 minutes in the morning on Orlando's Morning News, & updates throughout the day."
disaster/accident,12:07 PM - 26 Aug 2010,AmarAmarasingam,https://gwu.academia.edu/AmarnathAmarasingam,14216,995,"Toronto, Canada","43.65292,-79.3848999","Senior Research Fellow, @Institute4SD | Fellow, @gwupoe | Postdoctoral Fellow, @UWaterloo | Work on terrorism, jihadism, social movements, sociology of religion"
news,2:27 PM - 7 Aug 2008,edmontonjournal,http://www.edmontonjournal.com,146778,212,"Edmonton, Alberta, Canada","53.53436,-113.5064999",Headlines on all subjects from the Edmonton Journal. A list of our journalists: https://twitter.com/edmontonjournal/lists/edmonton-journal …
journalist,3:33 PM - 6 Jun 2010,MurtazaGeoNews,https://www.thenews.com.pk/writer/murtaza-ali-shah,204758,820,,,"GEO News, JANG & THE NEWS correspondent from London. Tweets strictly personal views Contact: ams0409@gmail.com"
news,8:25 AM - 13 Jul 2015,Joe_America1776,,3295,147,BROOKLYN NEW YORK,"40.6501,-73.9495799",YOUR PATRIOT NEWS SOURCE! #WakeUpAmerica Don't Tread on Me! Reagan Coalition! Tea Party! My Sword is Liberty and Freedom! My Shield is The US Constitution!
fire/emt,5:32 PM - 8 Oct 2012,SouthSimcoePS,http://southsimcoepolice.on.ca,12533,614,"Bradford/Innisfil, Ontario",,The official Twitter account of South Simcoe Police. This account is not monitored 24/7. Call 9-1-1 to report an emergency.
news,6:44 AM - 24 Apr 2009,cnsnews,http://facebook.com/cnsnewscom,112223,29541,DC Metro Area,,"http://CNSNews.com , a division of the Media Research Center, seeks to bring you the news the leftist media won't cover."
police/traffic,12:31 PM - 20 Jul 2011,MattF_News,http://whdh.com/area-traffic/,925,678,,,2 Time Associated Press & Emmy Award Winner. Afternoon/evening Traffic Anchor for @7News @BloombergRadio @SiriusXM and more. Proud @CurryEdu alum
disaster/accident,6:29 AM - 8 May 2016,BritainsMilHist,http://facebook.com/BritainsMilitaryHistory,13162,12215,,,To create an awareness & appreciation of Britain's rich & diverse military heritage.
news,8:08 AM - 25 May 2012,uknip247,http://www.uknip.co.uk,7200,3633,"Portsmouth, England","50.80368,-1.0756099","Stories direct from the field as they Break 24/7 as they happens Tweet us your queries and questions. For breaking news, http://www.uknip.co.uk"
police/traffic,10:08 AM - 10 Dec 2008,drgridlock,http://wapo.st/drgridlock,33513,413,"Washington, D.C.","36.29885,-82.3591834",Your transportation guide around the Beltway and beyond. Tweets by @RT_Thomson and others on the Post Transportation team.
news,10:14 AM - 6 Jun 2016,HoustonPatch,http://patch.com/texas/houston/,95,416,"Houston, TX","29.75893,-95.3676899","Hyperlocal news, alerts, events and more. We're your source for all things Houston."
police/traffic,7:33 AM - 17 Mar 2014,SoBrunswickPD,http://www.sbtnj.net,2376,168,"So Brunswick, New Jersey","40.39333,-74.5849899",The Public Information Office of the South Brunswick Township Police Department. This account not monitored 24/7. For assistance call 732-329-4646
journalist,3:36 PM - 9 Nov 2011,cbs11jack,http://www.cbsdfw.com,5074,935,Dallas/Fort Worth,"32.73579,-97.2299499",Political reporter at KTVT-TV CBS-11 in Dallas-Fort Worth. RTs not endorsements.
news,3:44 PM - 17 Jun 2015,NBCOUT,http://nbcout.com,8423,555,nbcout@nbcuni.com,,LGBTQ News and Information section of @NBCNews. Elevating the conversation surrounding LGBTQ life and culture in the US and abroad.
journalist,9:40 AM - 17 Jul 2010,SatishBharadwaj,,16026,61,"Lucknow, India","26.834505,80.9080152894179",IGP PAC Central Zone Lucknow Bachelor of Engineering in Computer Science Views are personal. RTs are not endorsement.
fire/emt,4:38 PM - 23 Oct 2009,HamiltonPolice,http://www.hamiltonpolice.on.ca,54123,762,Hamilton Ontario,"43.25468,-79.8678099",#CrimePrevention & #Publicsafety in partnership with #HamOnt. Not monitored 24/7. To request #police or report Non-Emergencies 905-546-4925.
news,8:32 PM - 23 Jan 2014,CopBlockPressID,http://nvcopblock.org/presspass/,1245,948,Anywhere and Everywhere,,"I make the official Cop Block press passes, for any and all affiliates. I can and will also create press passes for any individual or independent media outlet."
news,7:31 AM - 14 Aug 2013,OnibokunAlex,,2048,1459,"Lekki, Nigeria","6.36067,4.83331","Hi, my name Is Alex, I am a social media/web designer based in Lagos. I run social media campaigns (trend) should you want your event to go viral."
news,5:59 AM - 17 Apr 2013,IranWireEnglish,http://en.iranwire.com,16868,1257,,,News and stories from the heart of #Iran.
journalist,12:15 PM - 9 Sep 2008,emilytroutman,http://www.aid.works,6421,771,"Washington, DC","38.89495,-77.0366399","Writer + Photographer at http://Aid.Works . Watch my talk at Harvard, Why Prevention in Humanitarian Aid Often Fails https://www.youtube.com/watch?v=wZwFG63TNxQ …"
fire/emt,7:38 AM - 5 Mar 2009,wsdot_tacoma,http://wsdot.wa.gov/traffic/tacoma/,40154,330,"Tacoma, WA","47.24957,-122.4398699","Emergency? Dial 9-1-1. Covering Pierce, Thurston, Kitsap, Jefferson, Mason, Grays Harbor & Clallam counties. http://www.wsdot.wa.gov/regions/Olympic/ …"
news,11:26 AM - 15 Aug 2008,NiemanLab,http://niemanlab.org,266902,831,"Cambridge, Mass.","42.37509,-71.1056099",We are the Nieman Journalism Lab at Harvard. We're trying to figure out the future of news.
news,9:24 PM - 1 Dec 2008,pjstar,http://www.pjstar.com,30690,36,"Peoria, IL","40.69386,-89.5890999","We are the Journal Star newspaper in Peoria, Illinois. We're also @pjstarsports and @bradleyhoops. Need help? @pjstarRS is for you."
journalist,9:09 AM - 11 Mar 2007,lauras,http://rarepattern.com,4518,1146,Colorado,"38.72517,-105.6077099","SFF, web, design, fast cars, slow cooking, outer space, inner demons, books, author, editor, binder, geek, shouter at the tv just book stuff @lauralisscott"
disaster/accident,8:14 PM - 20 Jan 2008,adage,http://adage.com,954734,12028,New York and beyond...,"40.76256,-73.8948219588235","Ad Age is the leading global source of news, intelligence and conversation for marketing and media communities. http://facebook.com/AdAge  http://instagram.com/advertisingage"
journalist,8:58 AM - 24 Jun 2008,DavidCornDC,http://www.motherjones.com,433206,1375,"Washington, DC","38.89495,-77.0366399","Washington bureau chief of Mother Jones, MSNBC analyst & author of SHOWDOWN and (with Michael Isikoff) HUBRIS."
journalist,6:21 AM - 25 Dec 2010,gdebenedetti,,39348,226,DC | NY,"38.89962,-77.0159799","National political reporter, @politico. gdebenedetti@politico.com"
news,9:39 AM - 4 Apr 2008,PennLive,http://www.pennlive.com,92239,940,"Pennsylvania, USA","40.96998,-77.7278799","Pennsylvania's source for news, sports, entertainment and more. Tips: DM or email newstips at pennlive dot com. Snapchat: http://www.snapchat.com/add/pennlive"
fire/emt,1:37 PM - 22 Jul 2011,HaltonPolice,http://www.haltonpolice.ca,56310,2728,Halton Region,"-25.3974199,-51.4910599","Halton Regional Police Service Official Site - NOT monitored 24/7. For emergencies call 911, non-emergencies 905-825-4777."
news,10:55 AM - 3 Sep 2012,kathrynburcham,,3725,1232,,,"Newshound at Boston 25 News, purveyor of pop culture and karaoke queen. Exploring Boston one bite at a time."
wx,2:32 PM - 26 Jun 2009,KATVBarry,http://www.katv.com,20967,227,"Little Rock, AR","34.74648,-92.2895899",KATV Meteorologist
wx,9:51 PM - 8 Mar 2009,KDLTNews,http://www.kdlt.com,23401,1035,"Sioux Falls, SD","43.54997,-96.7003199","KDLT News, Sports & Weather Email news tips to news@kdlt.com"
news,3:32 PM - 23 Oct 2015,KamVTV,https://m.youtube.com/channel/UCDUBtFtIu13ZqD1VTaUYk_w,58719,941,"SoCal, Texas, Hawai'i",,Entrepreneur Business Owner/VP of Field Relations OC Political News/Radio/TV Contributor Mindset/Leadership Public SpeakerProud No BS Centrist
news,10:40 AM - 29 Jul 2013,vicenews,http://www.vicenews.com,787883,556,,,VICE News Tonight airs Mon-Thurs 7:30PM on @HBO / #VICEonHBO airs Fridays 7:30PM and 11PM / SecureDrop: https://news.vice.com/securedrop
journalist,12:44 PM - 8 Jul 2010,justinjm1,,28704,2036,NYC,"40.73059,-73.9865799","National Editor @thedailybeast. Alumnus of @NYMag, @TheAtlantic, @umich"
wx,12:37 PM - 9 May 2016,TopWichitaNow,http://toplocalnow.com/united-states/kansas/wichita,151,9,"Wichita, KS","37.69223,-97.3375399","Breaking news, trending topics, and weather updates from Wichita."
disaster/accident,7:58 AM - 22 Jun 2011,BillionDollarID,http://pentagon-data-links.blogspot.com,348445,291454,Washington DC London,"38.89495,-77.0366399","Carroll Foundation Trust $1,OOO,OOO,OOO, Criminal Case: Largest Ever White Collar Organized Crime Offshore Tax Evasion Fraud Heist In Modern Economic History."
news,1:42 PM - 9 Jul 2009,thinkprogress,http://www.thinkprogress.org,795918,974,"Washington, D.C.","36.29885,-82.3591834",Moving news forward.
journalist,9:51 AM - 18 May 2009,JustinElliott,http://www.propublica.org/,14601,1314,New York,"40.73059,-73.9865799",ProPublica reporter. Email tips/comments/complaints: justin@propublica.org PGP: https://goo.gl/FISLVH  Leak to us: https://goo.gl/LtJvCs
disaster/accident,8:25 PM - 25 Apr 2012,CrimeChatt,http://www.facebook.com/CrimeReport,2403,1141,"Chattanooga, TN","35.04562,-85.3096799","Real-time crime updates in the Chattanooga, Tennessee area."
wx,10:57 AM - 25 May 2012,NWSBrownsville,http://www.srh.noaa.gov/bro,7651,1184,"Brownsville, Texas","25.91402,-97.4890799",Official Twitter account for the National Weather Service Brownsville. Details: http://weather.gov/twitter
news,1:29 PM - 9 Nov 2012,DinamoPress,http://www.dinamopress.it,12857,2570,"Roma, Europa, Mondo",,DINAMOPRESS Roma Europa Mondo DINAMOPRESS news indipendenti dentro i movimenti e i conflitti DINAMOPRESS una voce del 99%
news,2:20 PM - 27 Oct 2008,standardex,http://standard.net,20328,1896,"Ogden, Utah","41.223,-111.9738399","Breaking, community and feature news serving Northern Utah since 1888. Like us on Facebook: http://www.facebook.com/standardexaminer … | Sports at @standardexsport"
fire/emt,10:40 AM - 1 Aug 2015,KawlF,http://Reach-Iraq.org,1233,256,Kurdistan/UK,"52.9117,-1.47690989999999","Human Rights activist | Livelihood Officer, Emergency Market Mapping, #DRR & Conflict Analysis Specialist, A Shaper @Erbil_Shapers @WEF. Lawqo446@hotmail.com"
fire/emt,6:44 AM - 17 Jul 2009,CDDFRS,http://www.ddfire.gov.uk/,9605,275,Co. Durham & Darlington,"54.66666,-1.7499999",County Durham & Darlington Fire & Rescue Service the official Twitter site for DDFire. This account is not monitored 24/7. In an emergency dial 999.
journalist,9:50 PM - 31 Jul 2010,ElizabethWAFB,http://www.wafb.com,2455,484,"Baton Rouge, LA","30.45074,-91.1545499",Award winning reporter/ anchor for @WAFB 9News. Ole Miss Alum. Previously @WLOX. Opinions are just that. evowell@wafb.com
fire/emt,8:19 AM - 23 May 2012,SnoCoSheriff,http://www.snohomishcountywa.gov/Sheriff,27253,641,"Snohomish County, Washington","48.00747,-121.7304799","Under the leadership of Sheriff Ty Trenary, we put #CommunityFirst. Account not monitored 24/7. Call 911 to report crime or emergencies."
journalist,12:51 PM - 26 Apr 2013,theAfroLegalise,http://www.theafrolegalise.com,7971,983,Cali girl in the DMV,,"Social justice attorney. I @BYP_100 .Black Nigerian Feminist. Hire me to write. Author of ""Ako na Uche: http://bit.ly/akonauche  | #freebresha #freeblackmamas"
journalist,4:15 PM - 29 Jan 2011,colincampbell,https://www.yahoo.com/news/politics,18020,2973,"Boerum Hill, Brooklyn","40.68622,-73.9841999",politics editor @YahooNews. follow for bad puns and important Animal News.
journalist,6:01 PM - 20 Apr 2009,Joannahausmann,http://www.joannahausmann.com,29802,1955,"New York, NY","40.73059,-73.9865799",UCB Comedian. Writer. Venezuelan Youtube Person. Joanna Rants Host. Jewish in the Seinfeld way. Correspondent for @Netflix's series @BillNye Saves the World
disaster/accident,6:22 PM - 25 Mar 2009,heifer109,,44137,41228,TEXAS,"31.81603,-99.5120899",%TRUMPWhistling Dixie~INDEPENDENT: Family of Military Men * Love all things Military * SHOUT OUT TO HUSBAND AF FATHER ARMY BROTHER NAVY
journalist,5:03 AM - 13 Sep 2014,J_amesp,http://www.jjpatrick.com,8775,6979,Bucks,"40.34516,-75.1263899",Writer. Journo. Ex cop. Whistleblower. Moonlit dreamer. Goat to @rubiesb4swine. Creator of @cynefinroad. Embodiment of 'If'. Incredibly awkward. NUJ.
journalist,1:27 AM - 12 Mar 2011,mmodaser,https://www.facebook.com/ModaserIslami,4119,487,#Kabul,,President @najm_af. Communication expert. Social activist. Tweets about #MyAfghanistan and the world. Views are personal.
journalist,3:43 PM - 12 Feb 2010,HowellONeill,http://www.patrickhowelloneill.com,5803,905,"San Francisco, CA","37.77928,-122.4192299",journalist @CyberScoopNews -- Signal: 19174126913 Email: patrick.oneill@cyberscoop.com https://keybase.io/howelloneill
journalist,9:36 PM - 6 Feb 2009,bob_owens,http://BearingArms.com,18563,1139,"Raleigh, NC, USA","35.78039,-78.6390899","Editor of @BearingArmsCom covering firearms news, gun laws, and use-of-force. Training junkie. Farce multiplier."
news,11:03 AM - 13 Dec 2013,Recode,http://recode.net,314579,615,"San Francisco, CA","37.77928,-122.4192299","Reimagining tech news, reviews and events at http://recode.net . Brought to you by @waltmossberg, @karaswisher and the entire Recode team."
journalist,2:53 PM - 5 Dec 2011,MPetchenikWSB,http://www.wsbtv.com/staff/mike-petchenik/,6487,3210,"Atlanta, Ga.","33.74909,-84.3901799","Reporter, Husband, Daddy, Drummer. Mizzou Tiger. Native Chicagoan. Retweets aren't endorsements."
news,2:36 PM - 6 Feb 2011,raffertybaker,http://Instagram.com/raffertybaker,2605,485,"Vancouver, BC","49.26089,-123.1139299","Photos, stories, radio, and TV for @cbcnewsbc @cbcnews"
fire/emt,2:08 PM - 28 Apr 2009,SFPD,http://www.sanfranciscopolice.org,90298,98,"San Francisco, CA","37.77928,-122.4192299",Official Twitter of the SFPD. Social Media Policy & Public Records Request: http://sanfranciscopolice.org/policy  Call 911 to report emergencies. Tweets not monitored 24/7.
news,11:43 PM - 28 Sep 2015,3NovicesEngland,http://www.3novicesunitedkingdom.wordpress.com,467,664,"England, United Kingdom","52.795475,-0.540240094230767","The First Online Media Updater Founder Meghashyam, Vaishnavi, Bharath"
news,11:47 AM - 6 Jun 2011,CTVWindsor,http://Windsor.ctvnews.ca,20159,1309,"Windsor, Ont.","43.49651,-79.6457399",Windsor's News Leader
journalist,2:09 PM - 23 Jun 2010,MalaliBashir,http://afghanwatch.blogspot.com/,31864,897,Afghanistan,"33.00008,64.99984",Journalist. @RFERL @pazadiradio. #Afghanistan #Pakistan.Writer. Researcher. Painter. Twitter Power-User-Award winner. Views are personal. RTs Not Endorsement.
journalist,7:00 AM - 11 Oct 2007,joshmillard,http://joshmillard.com/,2955,346,"Portland, OR","45.52024,-122.6741899",I run Metafilter (I'm cortex there); I make weird internet art & humor stuff; I podcast and record music. Feel free to write me at joshjosh@gmail.com
fire/emt,12:17 AM - 14 Apr 2009,waEMD,http://www.mil.wa.gov,16073,1852,"Camp Murray, Wash.","47.117405,-122.56813194588",Official site of Washington Military Dept. & its Emergency Management Div. Content Guidelines: http://1.usa.gov/1JmKJ4p  Not monitored 24 hours. Call 911.
news,8:40 AM - 13 Feb 2013,LucasFoxNews,http://www.foxnews.com/archive/lucas-tomilson/index.html,8308,544,Washington,"38.89495,-77.0366399","Pentagon/State Dept Producer, Fox News"
news,10:18 AM - 22 May 2014,NewsroomGC,http://Canada.ca/en/news.html,14024,1,Canada,"61.06669,-107.9916999",Government of Canada Newsroom: News Centre. Terms of Use: http://ow.ly/OQhpI  En français: @salledepresseGC
news,1:58 PM - 5 Apr 2008,ABAJournal,http://www.ABAJournal.com,87444,22,Chicago,"41.87555,-87.6244199",Continuous news updates from the United States’ most-read and most-respected legal affairs magazine and website
news,4:40 AM - 23 Dec 2016,Hareesh_5554,,43,132,National Capital Region,"14.57361,121.03297",Social Media Expert
journalist,5:32 PM - 10 Mar 2011,GlobalLiamNixon,http://globalnews.ca/author/liam-nixon/,2747,1732,"Lethbridge, AB","49.69324,-112.8509299",Anchor/Newsroom Manager at Global News in Lethbridge. Send me story ideas to: liam.nixon@globalnews.ca. RTs are not endorsements.
fire/emt,12:16 PM - 20 Aug 2012,wpgpolice,http://winnipeg.ca/police,99739,302,"Winnipeg, Manitoba Canada","49.88333,-97.1666699",The official Winnipeg Police Service Twitter feed. Not monitored 24/7. *EMERGENCY CALL 911* Non-Emergency 204-986-6222. Do not submit reports via Twitter.
news,5:57 AM - 11 Mar 2008,MLiveSports,http://www.mlive.com/sports/,9858,92,Michigan,"43.62119,-84.6824299","Sports news, links & more from @LionsMLive @TigersMLive @RedWingsMLive @PistonsMLive @WolverinesMLive @SpartansMLive & @MichHSSports"
disaster/accident,7:55 AM - 20 Feb 2016,inteldose,https://www.facebook.com/Intelligence-Dose-485339988333863/?fref=ts,91,1,Classified,"34.96688,-80.9087999","This is a tailored news feed focused on Geopolitics, Intelligence, and Espionage."
journalist,6:22 PM - 20 Oct 2011,Shannon_Houser,,3168,1828,Indianapolis,"39.76833,-86.1583499",@fox59 @cbs4indy Reporter. Chicago born. Cleveland/Akron raised. Typical dog obsessed owner. Opinions are my own. Follow me on insta: shannonhousertv
wx,4:54 AM - 30 Apr 2009,610wtvnnews,http://www.610wtvn.com,9733,882,"Columbus, Ohio","39.96226,-83.0006999","Central Ohio's News, Traffic, and Weather Station."
police/traffic,2:14 PM - 26 Mar 2012,YouthJusticeLA,http://www.youth4justice.org/,7745,3662,"1137 E Redondo Bl Inglewood,CA",,"The Youth Justice Coalition works to build a youth-led movement to end police violence, mass incarceration & criminalization of youth of color in L.A & abroad."
police/traffic,9:22 AM - 6 Feb 2015,WestMercPolFed,http://www.westmerciapolfed.co.uk/,1404,1262,,,West Mercia Police Federation. Here to assist officers and promote the welfare and efficiency of the Force.
wx,2:31 PM - 20 Feb 2014,KRBCnews,http://bigcountryhomepage.com,2778,304,"Abilene, TX","32.44645,-99.7333399",Home of Abilene's Local News & First Alert Weather
news,2:32 AM - 27 Dec 2014,TodayMiami,,20129,8325,"Miami, FL","25.77426,-80.1936499","Miami's local news on Twitter. Breaking news, sports, events and international news. Tweet us or DM"
news,1:41 AM - 4 Oct 2010,MissJupiter1957,https://www.youtube.com/channel/UCFUtCeqbhN5hkr74uv56TYA,8608,9470,Show Me Misery,,#Ferguson #StL #BlackLivesMatter #DisabledBlackLIvesMatterToo #EDS Ustream: http://ustream.tv/channel/heathe …
news,2:24 PM - 22 Feb 2013,OANN,http://oann.com,84036,53,,,"An independent, cutting edge platform for keeping viewers informed. Your nation. Your news. #OANN"
news,10:49 AM - 23 Feb 2011,BronxvilleDV,http://bronxville.dailyvoice.com,606,99,"Bronxville, NY","40.93815,-73.8320699","The Bronxville Daily Voice is a local news organization. Our town-based reporters cover the most important news, sports and information in our community."
news,2:09 AM - 24 Apr 2014,allEDMnews,,636,0,Worldwide,,We have all the news related to #EDM. || News are aggregated from the best sources on the web.
journalist,5:24 PM - 7 Jan 2012,cheryldhanna,https://www.examiner.com/pet-rescue-in-national/cheryl-hanna,1212,946,Florida,"27.75676,-81.4639799","Freelance writer, animal lover, local realtor with Keyes Real Estate in Palm Beach Gardens"
news,5:50 AM - 10 Apr 2008,peterboroughtel,http://www.peterboroughtoday.co.uk/,20376,2230,"Peterborough, England","52.57388,-0.2416699","Breaking news and comment from the Peterborough Telegraph in Cambridgeshire, UK: share your stories/comments news@peterboroughtoday.co.uk 01733 588713."
news,9:04 AM - 24 Apr 2008,crooksandliars,http://www.crooksandliars.com/,70380,449,U.S.A.,"31.19327,30.05401",Watching the media since 2004! Follow the entire C&L staff at https://twitter.com/#!/Karoli/crooks-and-liars/members …
wx,6:24 AM - 21 Apr 2009,bn9weather,http://www.baynews9.com/Weather.html,113006,659,"Tampa Bay, Florida","27.68864,-82.5723099","Home of Klystron9, TV's most powerful weather radar."
fire/emt,4:03 PM - 2 Feb 2011,DFWscanner,http://dfwscanner.net,237150,1575,"Dallas/Fort Worth, Texas","32.73792,-97.2394199","North Texas' go-to source for Fire/EMS & Police incidents, severe weather alerts, and other emergency information. App: DFW Scanner. #BackTheBlue"
news,1:56 PM - 2 Jun 2007,notiven,http://notiven.com,49298,192,venezuela,"8.00187,-66.1109299",notiven . com Venezuelan news curator and agg regator Posteo mensajes de los twiteros que sigo no sus RT. Sígame tambien por http://notiven.com
journalist,2:00 PM - 17 Dec 2006,melissagira,http://melissagiragrant.com,33698,3698,New York,"40.73059,-73.9865799","Contributing writer, @PacificStand & @villagevoice // Author, Playing The Whore: The Work of Sex Work (http://a.co/9hJIMAs )"
journalist,11:14 AM - 20 Mar 2009,WSBscott,http://www.wsbtv.com,2553,2706,"Atlanta, G.A.","33.65063,-84.4252799","Web Content Producer for WSB-TV (ABC) in Atlanta, GA. Originally from Rochester, NY area and lived in Charlotte, NC for 3 years! All views are my own!"
journalist,4:02 PM - 29 Dec 2010,kejalvyas,,3258,2605,"Bogotá, D.C., Colombia",,Guju guy from New Jersey. Between Colombia and Venezuela corresponding for @DowJones & @WSJ. Retweets ain't nor . I have no views.
journalist,8:54 PM - 30 Dec 2011,aegallo,http://theadvocate.com,2950,1849,Baton Rouge,"30.45074,-91.1545499","Spirited city hall reporter for @theadvocatebr. Previous intern @wsj, @dallasnews, @sacbee_news. Former @lsureveille EIC. Lover of discussion & dessert."
wx,2:42 PM - 8 Dec 2008,WJTV,http://www.wjtv.com,69084,385,"Jackson, MS","32.410435,-90.1620574","We're Mississippi's Original News Team! Join us on-air and online for local news, weather, and sports from our studio in Central Mississippi."
fire/emt,12:59 PM - 23 Jul 2014,LRpolice,http://www.lrpolice.org,10750,805,"Little Rock, AR","34.74648,-92.2895899",This is the official page of the Little Rock Police Dept. This page is not monitored 24/7. For emergencies call 911. For non-emergencies call (501) 371-4829.
journalist,3:55 PM - 30 Dec 2008,margotch,https://www.youtube.com/watch?v=vnRjGYaqvIM,931,1056,,,Periodista. Journalist. Reports on Venezuelan breaking news in English and more
wx,4:33 PM - 27 Jul 2009,WeatherWatchNZ,http://www.WeatherWatch.co.nz,27825,4176,New Zealand,"-41.5000799,172.8344","#NZ's official weather news authority. 1500 forecast locations, 10 day maps, live Lightning Tracker, drought reporting for the #NZGovernment & a @CNN affiliate."
news,4:53 PM - 20 Feb 2008,WBEZ,http://www.wbez.org,115760,2085,Chicago,"41.87555,-87.6244199","Creative, hard-hitting public radio in Chicago. Home of @WBEZMorning @WBEZWorldview @soundopinions @nerdettepodcast and more."
wx,2:30 PM - 9 Feb 2011,TotalTrafficBNA,http://www.ttwnetwork.com,1535,73,"Nashville, TN","36.16222,-86.7743499",Local Nashville traffic info powered by Total Traffic + Weather Network.
news,6:16 AM - 12 Apr 2009,normangoldman,http://www.normangoldman.com,15209,7551,Los Angeles,"34.05439,-118.2439399","Radio Host of The Norman Goldman Show. Lawyer, radio Senior Legal Analyst. Teacher of law, civics and politics! A broad-based radio show that eschews labels."
news,3:52 PM - 10 Sep 2016,MancunianBuzz,,68,0,"Manchester, England","53.47913,-2.2440999","Manchester life, news, events and other Mancunian stuff!"
news,6:08 AM - 19 Mar 2009,CTVAtlantic,http://atlantic.ctvnews.ca/,112096,557,"Maritime Provinces, Canada",,The Maritimes' #1 Newscast
fire/emt,11:14 AM - 12 Apr 2011,deltapolice,http://deltapolice.ca/socialmedia-disclaimer/,11792,348,"Delta, BC, Canada","49.08468,-123.0579899","Delta Police Department Official Twitter. Emergency call 9-1-1, Non-Emergency 604.946.4411. Not monitored 24/7"
news,4:52 AM - 3 Sep 2008,wmbfnews,http://www.wmbfnews.com,24448,2384,"Myrtle Beach, SC","33.69564,-78.8900399","Live, Local, Late Breaking news from the Grand Strand and Pee Dee. Privacy Policy: http://bit.ly/1pCpQWX  & Terms of service: http://bit.ly/1ilskDU"
news,10:06 AM - 1 Feb 2008,MLive,http://bit.ly/1SKqGxw,234792,9409,Michigan,"43.62119,-84.6824299",Bringing you the best in local and statewide news across Michigan.
police/traffic,10:31 AM - 4 Aug 2009,TotalTrafficDC,,915,234,Washington DC,"38.89495,-77.0366399",Traffic Tip Line 1.877.TTN.JAMS
govt,10:08 AM - 22 Jan 2009,byaaroncdavis,http://www.washingtonpost.com/pb/aaron-davis,6710,969,Washington,"38.89495,-77.0366399",I cover D.C. politics and government accountability for The Washington Post.
news,4:22 PM - 24 Feb 2009,TheLostOgle,http://www.TheLostOgle.com,49191,681,Oklahoma City,"35.47298,-97.5170499","OKC's most trusted-trusted mix of news, irreverence, satire and typos. Although tempting, don't take us too seriously. Angry sports tweets via @OKCPatrick."
journalist,3:37 PM - 21 Oct 2014,GraemePowell3,,4511,3828,Perth,"-31.9527099,115.86047",ABC journalist
journalist,9:53 AM - 12 Feb 2009,RbtKing,https://www.facebook.com/bobby.king.5686,3691,958,Indianapolis,"39.76833,-86.1583499","@IndyStar writer, storyteller. Guy who moved his family to Near Eastside. Mistrustful of those who overuse exclamation marks."
journalist,9:12 AM - 24 May 2010,ABC7Annalysa,http://WJLA.com,3458,2613,"Washington, DC","38.89495,-77.0366399",Reporter for @ABC7News at 11 & @NewsChannel8 at 10 p.m. |@HowardU alumna | AP award-winning journalist|Born in JANY/NJKY#DMV
news,5:44 PM - 22 Aug 2011,RamCoban,,123929,96949,Behind The Light,,#LOVE & #PEACE https://www.youtube.com/channel/UCyr1h-KJXRKKmNpGAwjWiYg?spfreload=5 …
wx,5:00 PM - 10 Mar 2009,WKBW,http://www.wkbw.com,59132,1207,Buffalo,"42.88644,-78.8783599","7 Eyewitness News is Buffalo and Western New York's source for news, sports, and weather. #7everywhere"
news,12:43 PM - 16 Feb 2009,AP_Images,http://www.apimages.com,146036,731,"New York, NY","40.73059,-73.9865799","AP Images, a division of The Associated Press, is the definitive source for editorial news, sports, and entertainment images."
journalist,6:39 PM - 5 Jul 2009,corinhoggard,https://www.youtube.com/channel/UCtqgkm2FLurUrHjDy3k-QwQ,4616,991,"Fresno, CA","36.729525,-119.7088549",Husband. Father. @ABC30 anchor/reporter/investigator. @HonorsCollegeUH graduate. @UHCougarFB fan. I've seen Hamilton.
news,12:19 AM - 4 Dec 2014,SaintPaul_News,http://www.newslocker.com/en-us/region/saint-paul/,464,581,,,Find your latest news about Saint Paul with just one click. Don't miss out on anything happening in your region!
journalist,2:55 PM - 19 Nov 2013,VicWJZ,http://cbsbaltimore.com,3534,416,"Baltimore, MD","39.29086,-76.6107999","WJZ 430pm, 6pm & 11pm Anchor"
news,3:57 AM - 11 Mar 2009,sjredmond,http://www.steveredmond.com,42597,42471,Earth,"34.23313,-102.4107399","Free Opinions. IT Pro, Dad of Special Needs Child, News Junkie, Satirist (in my own mind) #TheResistance #SeeTheAbility #Inclusion #TwoCountryFamily"
disaster/accident,12:02 PM - 3 May 2015,RichardTBurnett,https://thoughtsfromamustardseed.wordpress.com/,52030,40258,USA,"39.78373,-100.4458799",President of the United States of America. Making America Great Again! Jobs. Law and Order. The Wall. Strong Military. Peace. Prosperity. TCB n a flash
journalist,4:51 PM - 18 Apr 2009,KJBar,,30806,8546,Canberra,"-35.2819299,149.12889",Sabina's mama. Politics Editor at @HuffPostAU. Canberra Press Gallery. Blocked by One Nation senator Malcolm Roberts karen.barlow@huffingtonpost.com.au
journalist,6:31 AM - 14 Nov 2012,CarlWillisWSB,http://www.wsbtv.com/staff/carl-willis/,3858,1035,"Atlanta, GA","33.74909,-84.3901799",Metro Atlanta reporter @WSBTV | Husband & dad ♚ | AΦA | FSU Grad & fanatic | Carl.Willis@wsbtv.com
news,7:56 AM - 27 Apr 2014,RT_NYC_News,,650,1259,New York City,"40.73059,-73.9865799",News of #NYC
news,6:08 PM - 18 Feb 2009,iTnews_au,http://itnews.com.au,12495,1551,Australia,"-24.7760999,134.755",Australia's leading source of enterprise IT + telco news. We are @alliecoyne @rycrozier @juhasaarinen Favourites ≠ endorsements.
news,7:06 AM - 7 Jun 2011,ftworldnews,http://ft.com/world,110613,26,London,"51.50732,-0.1276399",Latest world news stories and posts from The World blog. Our customer service team is @FTcare.
journalist,10:54 AM - 16 Apr 2014,VeronicaABC30,,4773,1108,"Fresno, CA","36.729525,-119.7088549",@ABC30 Anchor/Reporter. @SyracuseU Grad Student. #AAJA. @sagaftra. @ire_nicar. Fresno 2016 #40under40.
wx,9:19 AM - 16 Sep 2010,ObservatoryHK,http://www.weather.gov.hk,9948,1,Hong Kong,"22.27932,114.16281","Innovate with Science, Serve with Heart. The HKO is a gov. dept. of HKSAR responsible for forecasting weather and issuing warnings on weather-related hazards."
news,8:05 AM - 5 Aug 2013,News0pk,http://abbtakk.tv,1645,166,PakiStaN,"30.33084,71.24749","قومی, انٹرنیشنل, سپورٹس, انٹرٹینمنٹ اور ہر میچ کی اپڈیٹ.. وہ بھی اردو میں #Abbtakk #News"
news,12:59 PM - 10 Nov 2008,SportsDayHS,http://sportsday.dallasnews.com/high-school,101618,1145,"Dallas, Texas","32.77627,-96.7968499","The No.1 source for D-FW high school sports news, powered by The Dallas Morning News."
journalist,4:52 PM - 6 Oct 2010,lmitri_krqe,http://KRQE.com,1719,759,"Albuquerque, NM","35.0841,-106.6509799",I tweet about my work as a reporter for KRQE and my adventures as a SoCal native exploring NM. #FightOn
journalist,7:43 PM - 16 Jun 2012,DTeambanning,http://www.sunlakescountryclubhomes.com,2133,1966,Southern California,"34.021965,-118.285864851123","Educator, Writer, Real Estate Pro, Conservative, former Business Executive, Business Consultant, College Football Player."
news,7:52 AM - 25 Feb 2011,NewsSyndicators,https://www.google.com/+NewsSyndicators,466,521,Planet Earth,"12.8831,77.75016",Web syndication has been increasingly used as a way to syndicate online news. We collect from available sources and twitter them with the links to the original
news,3:05 AM - 5 Feb 2015,scoopwhoopnews,http://www.scoopwhoop.com/news/,9546,310,"New Delhi, India","28.61389,77.21595","News, simplified."
wx,10:30 PM - 16 Jun 2011,SimpleWeatherID,http://www.simpleweatheralert.com,87,61,Idaho,"43.64476,-114.0153999",Provide a valuable service. Get more page views. Attract Twitter followers. Add real-time weather alerts to your social media. See our home page for details.
news,2:30 PM - 30 Apr 2011,Collider,http://collider.com,85017,961,"Los Angeles, CA / New York, NY",,High Impact Entertainment News: Where Cinephiles and Fandoms Meet
news,3:42 AM - 19 Nov 2009,BurlcoTimes,http://www.burlingtoncountytimes.com,8232,689,"Burlington County, NJ","39.93254,-74.7226599","The Burlington County Times. The best place in print and online to get news about Burlington, Moorestown, Mount Holly, Mount Laurel, Pemberton and Willingboro."
news,3:47 PM - 20 Aug 2013,ForumNewsSVC,,1189,484,"Fargo, N.D.","46.87722,-96.7898199",Forum News Service is a Fargo-based regional news wire dedicated to distributing the highest quality journalism content to customers across all mediums.
news,4:47 AM - 8 Jan 2016,BitzSci,http://science.bitznews.com,29,17,,,News from today's science. http://bitznews.com/feeds/posts/default/-/Science …
journalist,3:16 PM - 18 Jun 2009,KimZetter,http://www.amazon.com/Countdown-Zero-Day-Stuxnet-Digital/dp/077043617X/ref=tmm_hrd_title_0,25616,1637,San Francisco,"37.77928,-122.4192299",Journalist cybersecurity/national security. Author COUNTDOWN TO ZERO DAY: Stuxnet and the Launch of the World's First Digital Weapon. Conference speaker. Signal
journalist,4:34 PM - 9 Sep 2011,EmmaDischer,http://www.emmadischer.com,1253,944,"Baton Rouge, LA","30.45074,-91.1545499",Crime reporter @theadvocatebr // Former bayou politics writer @dailycomet & @houmatoday // former mom @the_hullabaloo // #RollWave // EmmaDischer@gmail.com
wx,6:16 AM - 4 Sep 2008,wsls,http://www.wsls.com,54199,669,"Roanoke, Virginia","37.27097,-79.9414299","Thank you for stopping by @WSLS -- the place to go for local stories, the latest breaking news, weather updates, sports and more. Email: news@wsls.com"
journalist,1:33 PM - 22 Jun 2011,JacquiHeinrich,http://www.fox25boston.com,19763,1947,"Boston, MA","42.36048,-71.0595599",Emmy award-winning reporter/anchor for @Boston25. Prone to indulge in good food and good company. More pics/vids http://facebook.com/JacquiOnTheNews
news,5:27 PM - 14 Mar 2009,CenterForBioDiv,http://www.biologicaldiversity.org,52936,2029,U.S.,"45.18958,-88.7321519","The Center works through science, law, and creative media to secure a future for all species, great or small, hovering on the brink of extinction."
wx,5:22 AM - 17 Sep 2009,SeattleCP,http://toplocalnow.com/us/seattle,2165,11,"Seattle, WA","47.60383,-122.3300599",Breaking news and weather updates from Seattle.
journalist,8:45 PM - 14 Nov 2010,NinaCulver,http://www.spokesman.com/blogs/spokanevalley/,937,385,"Spokane, WA","47.65886,-117.4247099",Spokesman-Review reporter covering crime news and a little bit of everything else. Star Trek fan. Gonzaga grad.
news,2:46 PM - 16 Dec 2016,LadyLiberty411,http://moveon.org,5117,5251,In The Know,"49.61947,20.02727",Daily News for #TheResistance #BLM #StayWoke #MoralResistance #nodapl #ThirdReconstruction #UniteBlue #FlipTheHouse #Indivisible #DemForce
journalist,2:27 PM - 16 Jan 2009,JadiannTV,http://www.facebook.com/pages/Jadiann-Thompson/302672156433103?ref=ts,12155,2031,"Boston, MA","42.36048,-71.0595599",3X Emmy award winner. Boston @7News anchor 4-5|5:30|6:30|9:00 p.m. Razorback. Black Belt. Horse Rider https://www.instagram.com/jadianntv/
journalist,12:44 PM - 27 Sep 2013,AndreaFloresTV,http://CBSDenver.com,1508,121,"Denver, CO","39.73915,-104.9846999",CBS4 News Reporter. California girl. Born and raised Broncos fan! Facebook: Andrea Flores || http://Instagram.com/AndreaFloresTV
disaster/accident,6:07 PM - 20 Feb 2011,GoldCoastBureau,http://couriermail.com.au,6950,637,Gold Coast,"-28.0023699,153.41459","We run the Courier Mail's Gold Coast Bureau. Whether it's crime, business, sport or quirky animal stories, we cover it. AKA Jeremy Pierce & @GregStolzJourno"
journalist,3:37 AM - 28 Apr 2009,Shamsher_IPS,http://www.facebook.com/shamsher.singh.ips,2476,584,india,"22.35111,78.66774","Addl DGP, Surat Range. Ph.D, IIT Delhi, Passion in citizen-centric #policing & #transparency in #Governance, Marathon running. Views r strictly personal."
news,8:50 AM - 18 Sep 2016,NewsHandle_News,http://newshandle.com,344,467,Nigeria,"9.60003,7.99997",Latest Nigeria and world news update
journalist,11:05 PM - 25 Jun 2009,smitaprakash,http://www.smitaprakash.com/,346661,204,"New Delhi, India","28.61389,77.21595","Editor, News at ANI. Will block those who use abusive language. Please don't masstag or tag me unnecessarily."
news,8:47 AM - 3 Jun 2009,MikeGottschamer,,1048,364,"Falls Church, Va.","38.88233,-77.1710899","Making local news national at @USATODAY. All things '80s. Fan of football, futbol, fußball, calcio, soccer and the NFL."
news,11:36 PM - 3 Jul 2011,SediqSediqqi,http://gmic.gov.af,233329,249,Kabul Afghanistan,"34.541,69.043",This is the official Twitter Account of The Director of Government Media and Information Center | Presidential Palace ARG
fire/emt,12:42 AM - 12 Jan 2014,Netcare911_sa,http://www.Netcare911.co.za,25567,456,,,Netcare911 is the wholly-owned Pre-Hospital risk Management and Emergency Assistance subsidiary of Netcare LTD.
news,5:02 AM - 18 Sep 2016,annanoteenglish,http://www.annanote.com,1836,73,"Kathmandu, Nepal","27.70879,85.32024","News from Nepal and elsewhere, online English daily of @annapurna_post ll E: annanote@amn.com.np || Managed 24/7 by staff: http://bit.ly/2emuXPZ"
news,7:03 AM - 10 Apr 2009,globesec,http://www.globalsecurity.org/,1663,9,,,"Reliable Security Information. News, analyses and documents. (unofficial)"
journalist,4:33 AM - 7 Jul 2014,azizkahmad,,1780,1336,Erbil and Zakho,,"Personal account. Interested in Kurdish history. Aspiring writer. Great admirer of Mulla Mustafa Barzani, Thoreau and McCandless. PGP: https://goo.gl/2yH7Wg"
journalist,3:25 AM - 27 Oct 2013,NordhausenFrank,http://gruss-vom-bosporus.berliner-zeitung.de/,8339,2807,Istanbul,"41.00963,28.96516","Journalist, Author, Foreign Correspondent in Istanbul: Berliner Zeitung/Frankfurter Rundschau. Views expressed are my own and retweets are not endorsements."
news,12:17 PM - 14 Apr 2008,HonestReporting,http://honestreporting.com,22403,2143,,,"Defending Israel from media bias. Promoting fairness and accuracy, effecting change in media coverage of Israel. RT, follows do not constitute endorsement."
news,9:01 AM - 2 Apr 2014,TheCartelMatt,http://www.theconservativecartel.com,40831,39259,Conservative Talk Show Host,,"Co-host of The Conservative Cartel radio program. Not politically correct. Listen to The Cartel M-W-F 8-10 pm EST. #MAGA http://Spreaker.com , rednationrising.us"
news,7:24 AM - 17 Jan 2012,RefugeesMedia,http://www.unhcr.org,34614,479,"Geneva, Switzerland","46.20175,6.1466","UNHCR's official account for media professionals. Follow for news releases, updates, developing stories on @refugees"
journalist,11:11 AM - 30 Mar 2011,MHarroldCTV,http://montreal.ctvnews.ca/,3678,777,"Montreal, QC","45.50879,-73.5539799",Reporter & assignment editor for CTV Montreal / Journaliste et affectateur pour CTV Montreal max.harrold@bellmedia.ca
fire/emt,12:02 PM - 4 Jun 2011,WAFireNews,,1260,59,Washington State,"47.28683,-120.2126099",Washington State Fire News - Monitoring Fire & Severe weather related incidents in WA State. - Posting Aggragated Feeds - #Wa #FireNews
news,6:56 PM - 31 May 2011,NaijaYarnz,,4351,1930,JAGABAN HQ,,ADVERT & PUBLICITY || Head of Media @forceanoilfc Mail - naijayarnz@gmail.com C00422828
news,4:58 AM - 19 Feb 2009,thisismoney,http://thisismoney.co.uk/,45877,1336,"London, United Kingdom","51.50732,-0.1276399","Top articles, advice and opinion from the team at the UK's best financial website and money channel of @MailOnline. Also on http://www.facebook.com/thisismoney"
fire/emt,8:23 AM - 31 Oct 2012,DRPS,http://www.drps.ca,44258,420,"Durham Region, Ontario, Canada","44.15639,-79.0187721224208",The official DRPS Twitter account is not monitored 24/7. Please do not report a crime or use this account to report an emergency.
journalist,2:04 PM - 8 Jan 2015,ztsamudzi,http://paypal.me/ZSamudzi,32414,2947,Occupied Ohlone Land,,"(she/her) lil resistance thug, mwana wevhu | writer + Medical Sociology PhD student @UCSF; interested in STS, whiteness/race, trans health"
fire/emt,10:45 AM - 3 Jan 2010,BreakngNewsPhtg,http://www.providencefirevideos.com,8721,3330,Massachusetts,"42.37887,-72.0323599","Freelance videographer for a Boston news station, Retired Woonsocket, RI Fire Dept L-732. IAFF, RI CISM team"
wx,11:23 AM - 25 Jul 2009,SanDiegoCP,http://toplocalnow.com/us/san-diego,4086,20,"San Diego, CA","32.71742,-117.1627699",Breaking news and weather updates from San Diego.
journalist,8:00 PM - 4 Aug 2009,PoliticusSarah,http://www.PoliticusUSA.com,52817,5113,"Pennsylvania, USA","40.96998,-77.7278799",Publisher/Managing Editor at @PoliticusUSA. SAG/AFTRA “Scandalous trash” – Rick Perry campaign Header: Jim Lawrence
news,7:42 PM - 13 Jan 2009,CBCCanada,http://www.cbc.ca/canada/,144698,7,Canada,"61.06669,-107.9916999","Canadian news and features, and the Politics Bytes blog from CBCNews.ca"
journalist,7:56 AM - 14 Oct 2010,resentfultweet,http://jpatbrown.com,2586,2627,Quote Boston Unquote,,"Executive Editor @MuckRock, Veteran of the Alt-Weekly Wars @DigBoston, Unintentionally Hurtful. Lurking on #FOIA. Neutral Evil trying for Chaotic Good."
news,10:35 AM - 7 Apr 2012,ReliableSources,http://cnn.com/shows/reliable-sources/,42596,318,CNN,"-16.5568499,15.78673",The story behind the story -- how news and pop culture get made. Sundays at 11am ET and online all the time! @BrianStelter is the host.
news,1:49 AM - 1 May 2016,Yemenpress_org,http://www.yemenpress.org/,27346,3906,,,youtube.yemenpress https://www.youtube.com/channel/UChhdkct6zQ1ux8L7zwXATVg …
news,10:09 PM - 23 Nov 2015,deonaija,http://www.deonaija.com,836,462,"Lagos, Nigeria","6.45505,3.39417","This is the official Twitter Account of http://deonaija.com  A media company focusing on entertainment, relationship tips, lifestyle, music & news."
wx,12:13 AM - 11 Aug 2010,Rainmaker1973,http://www.astratelescope.org/,15701,220,"Italy, North by Northwest",,"Astronomy, space imaging & processing, astronautics, meteorology, #CitizenScience. @AstronautiNEWS columnist (IT). Engineer, #STEM » Science & Space news"
news,10:25 AM - 24 Jan 2013,USPoliBreakNews,,1569,2841,United States,"39.78373,-100.4458799",USA Political Break News #Trump #BreakNews #USA #News
news,10:02 AM - 7 May 2009,NC9,http://www.elpasoproud.com,56043,459,"El Paso, Texas","31.76003,-106.4872799","Bringing local news to residents of El Paso, Las Cruces, and Juarez. http://facebook.com/NewsChannel9ElPaso …"
police/traffic,3:55 PM - 12 Jun 2009,quincymapolice,http://www.quincypolice.org,12032,556,"1 Sea Street, Quincy, MA 02169","42.26226,-70.9891399",Official Twitter account for the Quincy MA Police Dept. Not monitored 24/7. Call 911 or 617-479-1212 to report crime.
police/traffic,8:35 PM - 6 Apr 2009,Guntalk,http://www.guntalk.com,35634,50,Louisiana,"30.87038,-92.0071199","Host of Gun Talk Radio, GunVenture, Guns & Gear. Talk about guns and sometimes airplanes! When seconds count, the police are only minutes away!"
news,9:17 AM - 27 Jul 2010,RadioNLNews,http://www.radionl.com/,5163,2105,Kamloops,"50.67655,-120.3417299",Welcome to the Twitter page of BC's hardest working newsroom. Serving Kamloops and breaking news for 40 years. The site is monitored by NL reporters.
news,7:17 AM - 29 Jun 2010,ParamusPatch,http://paramus.patch.com,2231,432,"Paramus, NJ","40.94454,-74.0754099",Paramus Patch is your source for local news.
news,8:36 AM - 29 May 2009,CTVKitchener,http://kitchener.ctvnews.ca,146223,361,"Kitchener, Waterloo, Cambridge","43.45657,-80.4638299",Get the latest news on what's happening in your community from the CTV Kitchener news team.
fire/emt,7:04 AM - 8 Feb 2017,FEHeroes_News,https://fire-emblem-heroes.com,23020,15,Askr Kingdom,,※Bringing you the most up to date news on Fire Emblem Heroes in English! 「Feh」the owl will try to answer any inquiries. Fan account. Translates Japanese news.
fire/emt,3:30 AM - 1 Nov 2016,OfficerJxn,https://beta.met.police.uk/your-area/haringey/st-anns/,3940,1904,"London, England","51.50732,-0.1276399",Police Officer in #London Promoting #GoodPoliceWork on Social Media #PSFM #ComplimentACop #SuppportOldBill To report a crime call 101/999 in emergencies
news,7:07 AM - 18 Mar 2007,pressgazette,http://www.pressgazette.co.uk,61982,12359,"London, UK","51.50732,-0.1276399",Latest UK journalism news. Free daily email newsletter: http://bit.ly/1Pfl3s4  Jobs4Journalists: http://bit.ly/29YDhhL  Podcast: http://bit.ly/29XfvSs
news,3:58 AM - 27 Jul 2010,digitalspybrk,http://www.digitalspy.co.uk/headlines/,10941,2,London; New York; LA,"51.540085,0.0819237500000033","Breaking news tweet-by-tweet from Digital Spy, the worldwide leader in entertainment news."
wx,11:16 AM - 11 Dec 2015,TopFresnoNow,http://toplocalnow.com/us/fresno,230,12,"Fresno, CA","36.729525,-119.7088549",Breaking news and weather updates from Fresno.
journalist,9:25 PM - 26 Mar 2007,ElisaHahnK5,http://king5.com,7301,2153,"Seattle, Wa","47.60383,-122.3300599","KING 5 News reporter. Loves good food, watching son play soccer, travel, good stories."
fire/emt,5:21 AM - 12 Mar 2009,OttawaPolice,http://www.ottawapolice.ca,107552,1019,"Ottawa, Ontario, CANADA","45.42103,-75.6900199","Account not monitored 24/7. For emergencies,call 911. Non-emergency 613-236-1222. Nous ne surveillons pas ce compte 24/7. Pour urgences, composez 911. #ottnews"
news,3:41 PM - 9 Apr 2013,arkjournal,http://www.arkansasjournal.com,828,0,Little Rock,"34.74648,-92.2895899",News From Around The Great State Of Arkansas
govt,8:30 AM - 19 Feb 2009,AGOWA,http://www.atg.wa.gov,34496,7073,"Olympia, WA","47.04501,-122.8948699",Official Twitter account of the Washington State Attorney General's Office │ Tweets by AGO staff unless signed “-BF” by AG Ferguson │ retweet/follow≠endorsement
journalist,6:36 AM - 11 Feb 2010,JordanChariton,http://www.JordanChariton.com,78110,456,"New York, NY","40.73059,-73.9865799","Political Reporter @TheYoungTurks http://YouTube.com/TYTPolitics ; Founder @TATMNews; Columnist for @Mediaite; Previous @msnbc @FoxNews, Hater of bullshit"
news,11:42 PM - 7 Sep 2014,Guardian_Ex,http://www.communitynews.com.au,1045,316,Perth,"-31.9527099,115.86047","Guardian Express is the @Commnewsgroup paper that covers Perth's CBD and inner city suburbs. Published Tuesdays, delivered to letterboxes and online."
journalist,5:23 PM - 10 May 2010,jlepolastewart,https://www.facebook.com/pages/Joy-Lepola-WBFF-Fox45-Baltimore/203140173117916?ref=hl,3174,1904,"Baltimore, MD","39.29086,-76.6107999",Fox 45 News Crime & Justice Reporter
journalist,2:37 AM - 9 Dec 2014,ChandniCNA,http://channelnewsasia.com,425,498,Jakarta,"-6.1753899,106.82718",Indonesia correspondent @ChannelNewsAsia | Retweets ≠ endorsements | Views my own
news,12:14 PM - 11 May 2007,BoingBoing,http://www.boingboing.net,234711,1985,Directory of Wonderful Things,,"We began as an '80s cyberpunk zine. Still fiercely weird. Watch our in-flight TV channel on @virginamerica, buy cool stuff at http://store.boingboing.net . #resist"
news,11:19 PM - 4 Jul 2013,IBNMoney_com,http://ibnmoney.com/,1001,87,,,http://IBNMoney.com  International Business News Bringing you News as it happens; Indepth analysis of Money & Markets
disaster/accident,9:37 AM - 21 Mar 2011,RedCrossDakotas,http://www.redcross.org,1862,730,"ND, SD, & NW Minnesota","45.94027,-99.3765799","Helping people prevent, prepare for, respond to, and recover from disasters. Powered by volunteers, supported by generous donors."
news,11:58 AM - 1 Mar 2017,Pets_Newz,,3781,4668,Global,,The latest news of interest about #pets in one place!
journalist,11:26 AM - 20 Apr 2010,hodgeamanda,,3216,1307,"Jakarta, Indonesia","-6.1753899,106.82718",South East Asia correspondent for The Australian Newspaper based in Jakarta covering Indonesia to Myanmar. Former South Asia correspondent and Delhi Walla
disaster/accident,11:52 PM - 17 Aug 2012,MezDoang,http://mezishere.tumblr.com,541,1240,Po Chi Lam,"22.49126,114.035327612108",ワンピース/ジョーカー・ゲーム/Star Wars/FGO/アメコミ/BL-GL-NL ok! ^_^b Eng/ID/日本語の少し...
journalist,3:22 AM - 20 Feb 2009,andyksheffield,http://www.bbc.co.uk/sheffield,6875,7284,"Sheffield, South Yorkshire UK","53.38066,-1.4702199","Journalist & Nosey Parker for BBC Radio Sheffield, cyclist, politics junkie & jazz lover, Tell me your news andy.kershaw.01@bbc.co.uk #GE2017"
journalist,6:54 AM - 29 May 2009,pmanzo70,http://www.facebook.com/TopLatinAmericaInsider,57381,48945,Sao Paulo,"-21.9549799,-49.0232299",Correspondent in Brazil - I write in 4 languages #LatAm #geopolitics #finance #HRs #intelligence #NGOs pmanzo70@gmail.com
news,7:47 AM - 8 Oct 2013,BaracoaRadio,,1321,1891,,,"This is the community radio station CMDX La Voz del Toa, which broadcasts from Baracoa, First City of Cuba and National Monument."
news,9:58 AM - 26 Nov 2013,Worldnews_Media,,636,307,World,,"Get the latest World News, International news from Africa, Asia-Pacific, Europe, Latin America, the Middle East, South Asia, Canada & United States of America."
news,6:37 PM - 9 Jan 2012,DeansDailyDoses,http://www.deansdailydoses.com,1539,3595,"Topeka,KS","39.04901,-95.6775499",Dean's Daily Doses is about having fun and living life to the fullest!Check out my YouTube channel like and subscribe. https://www.youtube.com/c/deansdailydoses …
news,2:16 AM - 30 Nov 2014,Hialeah_News_,http://www.newslocker.com/en-us/region/hialeah/,230,342,,,Find your latest news about Hialeah with just one click. Don't miss out on anything happening in your region!
journalist,8:44 AM - 3 Aug 2012,TGlobePost,http://theglobepost.com,111029,1880,Washington D.C.,"38.89495,-77.0366399","News That Matters. For op-ed submissions, job and internship opportunities: editor@theglobepost.com"
news,11:35 PM - 3 Oct 2009,jarariya91,https://m.facebook.com/jarariya/,5506,2596,new Delhi,"28.61389,77.21595","constitutionalist, secular, activist, member & media representative @bspup2017 . RTs are not endorsement email- devashish@bsplive.org"
journalist,12:42 AM - 23 Mar 2014,KeithWalkerNews,,2667,1165,France via London,"48.21034,6.71981",Irish Broadcast journalist @Euronews TV. Tweeting about Brexit | #GE2017 | Trump | RTs ≠ Es
news,1:40 PM - 13 Nov 2013,MaryEdwardsSays,http://www.wpde.com,1117,735,"Myrtle Beach, SC","33.69564,-78.8900399",@CCUChanticleers alumna turned Good Morning Carolinas news producer on @wpdeabc15. RTs mean I agree or want to share! Philippians 2:3 ™
disaster/accident,2:57 AM - 6 Dec 2012,OpenSecretsZA,http://www.opensecrets.org.za,2098,465,South Africa,"-28.8166199,24.99163",OPEN SECRETS is a non-profit that promotes private sector accountability for economic crime and related human rights violations in Southern Africa.
news,7:52 AM - 19 Mar 2009,ipswichstar24,http://www.ipswichstar.co.uk,17283,1176,"Ipswich, Suffolk","52.05794,1.15263",The official Twitter account for the Ipswich Star - the champion of Ipswich. Delivering the latest #Ipswich news and sports headlines straight to you.
disaster/accident,9:34 AM - 15 Feb 2011,djkevking,,1517,905,South Africa,"-28.8166199,24.99163","Crime, sports, politics, numbers. RT does not equal endorsement!"
police/traffic,12:54 PM - 10 Sep 2010,EPPOLICE,http://eppd.org,20023,166,El Paso Texas,"-15.7586399,-47.8875499",Visit http://bit.ly/29PXjtC  to view the City of El Paso's Social Media Policy.
wx,1:14 PM - 22 Aug 2009,OttawaCP,http://toplocalnow.com/canada/ontario/ottawa,1737,4,"Ottawa, ON","45.42103,-75.6900199",Breaking news and weather updates from Ottawa.
fire/emt,8:05 AM - 12 Mar 2009,CheshireFire,http://www.cheshirefire.gov.uk,37565,293,Cheshire,"41.49898,-72.9006499",The official Twitter page for Cheshire Fire and Rescue Service. Making Cheshire safer. This account is not monitored 24/7. In an Emergency Dial 999.
fire/emt,10:37 AM - 10 Jun 2014,FireInfo1,,799,557,"US: 41.951211,-71.867936","41.95843,-71.8633999",Firefighter / EMS / PD news.
journalist,4:51 AM - 8 Aug 2013,MelissaLeeOnTV,https://www.facebook.com/MelissaLeeJournalist,1625,1095,"CA born, FL raised, NY living",,"@CBS6Albany Anchor. Up before the sun to cover #BreakingNews + Noon Anchor. Wife & Rescue Dog Mom. @USouthFlorida Bull. Priors: TN, GA. RTs ≠ endorsements."
disaster/accident,2:46 PM - 27 Jul 2007,objkshn,http://objkshn.wordpress.com/,8373,9032,San Diego,"32.71742,-117.1627699","mom, criminal defense attorney, 4th wave feminist, policy wonk, egalitarian, poly bisexual, professor #OnwardTogether #ShePersisted #TrustWomen #Lysistrata #BLM"
journalist,8:52 AM - 12 Sep 2010,waglenikhil,,681462,1418,nikhil.wagle23@gmail.com,,"Journalist. Former editor of Mahanagar, IBN-Lokmat n Maharashra1. Anchor, Poltical analyst n Author. Hopes another world is possible. RTs not endorsements."
journalist,5:24 AM - 26 Jun 2013,ConorGaffey,http://europe.newsweek.com/authors/conor-gaffey,1934,2080,London,"51.50732,-0.1276399","Reporter @Newsweek_INT. Covering Africa, in particular Nigeria, security and conflict. Trained @NewsAssociates. Views my own."
journalist,7:02 AM - 9 May 2014,MicahWBTV,http://www.wbtv.com/,1605,795,"Charlotte, NC","35.22708,-80.8431199",Reporter for @WBTV_News bringing you news from around Charlotte/The Carolinas. A proud University of Missouri (Mizzou) alum. St. Louis native. 1908
news,11:14 AM - 14 Apr 2012,MarylandPlaza,,2548,2815,,,Your best source of Maryland News on Twitter.
journalist,5:24 PM - 26 May 2012,Para_glider69,,4520,4995,Democratic Christian England,,Ex-Soldier. No PC. Will respect your views only if you respect mine. Fully support gun ownership - Molon Labe.
news,7:04 AM - 23 Mar 2009,annarbornews,http://mlive.com/annarbor,50515,1215,"Ann Arbor, Michigan","42.26815,-83.7312199",Local news covering Ann Arbor and the Washtenaw County region online 24/7 and in print Thur+Sun. RT does not equal endorsement.
journalist,10:50 AM - 2 Oct 2008,bluestein,http://on-ajc.com/1N1ZsPq,13437,893,ATL,"10.75,-74.9999999",@AJC political reporter. Atlanta native working to tell my city's story. Also at @GApoliticsnews. gbluestein@ajc.com
wx,6:03 PM - 31 Jul 2012,STLNEWSWEATHER,,320,0,"Saint Louis, Missouri","38.62727,-90.1978799",We bring you St. Louis breaking news and weather. Like us on facebook at http://facebook.com/stlnews  e-mail: twitter@stlnews.tk
journalist,10:41 AM - 21 Mar 2012,markprice_obs,http://charlotteobserver.com,869,732,"Charlotte, NC","35.22708,-80.8431199","Reporter for The Charlotte Observer covering LGBT, immigration and nonprofit issues facing the Western North Carolina region."
disaster/accident,8:49 AM - 6 May 2015,warplanefeed,,3911,1939,,,Tweeting facts and articles about military aviation.
journalist,12:18 PM - 20 Mar 2012,AudreyWSBTV,http://www.wsbtv.com,4774,1570,Atlanta,"33.74909,-84.3901799",God. Marie & Johnny's daughter. Award-winning Journalist. WSB-TV Reporter. NY born & raised. ATL. Retweets not endorsements. Email:audrey.washington@wsbtv.com
journalist,2:51 PM - 6 Dec 2008,BattlingStorms,http://www.battlingthestormwithin.com,1902,2564,Michigan,"43.62119,-84.6824299",Founder/CEO Michigan Women Veterans Empowerment- Gulf War Vet. Army Sgt. Best Selling Author Inspirational Speaker-Vet.Advocate that Empowers others thru Faith
news,5:00 AM - 14 Sep 2010,MaramGaza,https://electronicintifada.net/content/forced-divorce-israel/18381,9098,1127,"Gaza, Palestine","31.50772,34.46074",الأسرى هم من تبقى من فلسطين.. باقة ورد لأم أنجبت وطنا و لوطن أنجب الشهداء.. Media Translator #SocialMedia Activist English- French
police/traffic,12:32 PM - 16 Jan 2014,elizabeth_joh,http://ssrn.com/author=86638,5125,940,academic cave,,"Law professor @UCDavisLaw @ucdavis Affiliate @StanfordCIS. Contributes @Slate @FutureTenseNow. Law, Police & Tech. Not legal advice. I have a short attention sp"
journalist,8:39 PM - 12 Jun 2009,brikeilarcnn,https://open.spotify.com/user/briannakeilar/playlist/2h5gCBpN6xD38EeLwwUzjN,100134,980,"Washington, DC","38.89495,-77.0366399","CNN Senior Washington Correspondent, @GUPolitics advisory board, I gram @briannakeilar, I snap @bribriannabri"
news,7:22 PM - 7 Apr 2010,Scr1nRusher,http://disobedientmedia.com/,698,77,United States,"39.78373,-100.4458799","Supporter of those who get information out & redpill others. Articles,links,news & reports."
news,11:18 AM - 6 Oct 2009,ACLU_WV,http://www.acluwv.org/,4865,1560,"Charleston, West Virginia","38.35059,-81.6332799",Ensuring that the Bill of Rights and rights guaranteed by the U.S. & WV Constitutions are protected for each new generation. Media Inquiries: media@acluwv.org
news,6:15 AM - 26 Apr 2013,AmritaDhawan1,,24655,569,,,"National President @nsui Media Panelist AICC, Spokesperson Delhi Pradesh Congress Committee, Municipal Councillor Delhi, Ex DUSU President & a Lawyer"
news,12:45 PM - 20 Jul 2009,DPRK_News,http://www.kcna.kp/kcna.user.home.retrieveHomeInfoList.kcmsf?lang=eng,194827,99,"Pyongyang, DPRK","39.07984,125.801450271518",Official News feed of Democratic Peoples Republic of Korea
news,6:23 AM - 28 Jan 2014,EntheosShines,https://www.youtube.com/watch?v=M2biE0HT7XA&feature=youtu.be,36084,33478,#JusticeForSethRich,,"Provide intel & stories for Patriot, Conservative, Pro-Israel, Veteran, Independent, Political, Christian & other news organizations. #Extortion17"
journalist,5:10 AM - 17 Feb 2010,SikhProf,http://www.simranjeetsingh.org,17996,2877,New York I Texas,"43.98506,-75.5049099","Father. Writer. Teacher. Speaker. Ally. Professor. Activist. Marathoner. Affiliations: @Trinity_U, @Sikh_Coalition, @TrumanProject, @ReligionReport."
journalist,8:51 PM - 24 Apr 2010,NewBlackMan,http://newblackman.blogspot.com/,50275,26707,"Durham, NC","35.99403,-78.8986099",AfroPoMo. Feminist. Host @LeftofBlack. Daddy. Husband. BX Cat. Duke Professor. Writer. Swim Parent.
wx,7:59 PM - 12 Aug 2012,mikerawlins,http://www.krtv.com/weather/,2366,1605,"Great Falls, Montana","47.50488,-111.2918899","Montana's biggest weather nerd, huge tech geek & chief meteorologist for @KRTV in Great Falls, MT (CBS). Always looking for amazing #mtwx #weather photos."
govt,9:48 PM - 24 Jul 2009,ajaymaken,http://ajaymakenblog.wordpress.com,430450,1132,"New Delhi, India","28.61389,77.21595",Practice and Firmly believe 'Truthful and Sane Politics'; President Delhi State Congress; 5 Terms MP/MLA- Former Cabinet Minister Govt. of India & Delhi Govt.
journalist,7:48 AM - 8 Jun 2014,loosebool,,33012,6444,,,Indian with emotional Heart ! Only people For healthy discussion R welcomed. #AAPtards Stay Away ! RT's Not Endorsement.My views R personal.Jai Hind !
journalist,3:33 PM - 2 Sep 2010,HarPasha,http://hnpasha.tumblr.com/,7461,791,"Atlanta, GA","33.74909,-84.3901799","Writer and contributor to @TheNewsonSunday and @DailyTimesPk Liberal in thoughts, conservative in approach."
news,9:11 AM - 14 Jul 2008,LiveScience,http://www.livescience.com,296901,518,NYC,"40.73059,-73.9865799","Science news covering top stories of the day in health, environment, animals, technology and space. Part of @Purch"
news,2:46 PM - 13 Jul 2009,CTVNewsVI,http://vancouverisland.ctvnews.ca,51198,815,"Vancouver Island, BC","49.592945,-125.702550758748","Official account for CTV Vancouver Island News. Your online source for local, breaking news |Also find us at http://facebook.com/CTVVI  |News tip?islandnews@ctv.ca"
journalist,10:11 AM - 30 Jan 2012,apihtawikosisan,http://apihtawikosisan.com,18873,494,amiskwacîwâskahikan/Edmonton,,"Award-losing Metis author from manitow-sâkahikan (Lac Ste. Anne), repopulating the Metis nation. Trying to debunk myths. http://paypal.me/apihtawikosisan"
news,11:33 AM - 26 Aug 2016,son_kenzie,,447,564,,,Sales &Marketing Director Secretary General ACTSA. Radio & TV Sport Local News World News Politics International Politics Government Entertainment
news,2:21 PM - 10 Mar 2009,BBCCornwall,http://www.bbc.co.uk/radiocornwall,53914,1512,Truro,"50.26275,-5.0520399",BBC Radio Cornwall's main twitter page for Cornwall & Scilly. Call us on 01872 22 22 22 Also see @CornwallSport and http://facebook.com/BBCRadioCornwall …
journalist,9:12 PM - 7 Feb 2012,kdrajagopal,,5720,120,New Delhi,"28.61389,77.21595","Legal Correspondent, The Hindu. Retweets are not endorsements."
fire/emt,12:27 PM - 24 Mar 2009,LVMPD,http://www.lvmpd.com,162582,384,"Las Vegas, Nevada","36.16628,-115.1492199",Official Twitter for the Las Vegas Metropolitan Police Department. For emergencies call 9-1-1 and for assistance call (702) 828-3111. Twitter not monitored 24/7
journalist,6:11 AM - 18 Jan 2012,teddyeugene,https://www.facebook.com/teddy.e.ortiz,3076,78,"Nairobi, Kenya","-1.2832499,36.81724",Radio Presenter-Hot 96 FM Kenya. Writer. Voice Over Artist-Citizen T.V.
journalist,12:07 AM - 17 Jun 2015,Birder_Griffon,http://www.griffonholidays.com,356,11,Devon and Extremadura,,"Writer & Bird Guide, Griffon Holidays. Extremadura Spring Tours for small groups/individuals. Author of A Tree Miscellany & A Years Birding in Extremadura"
journalist,9:40 AM - 7 Aug 2009,TheDavenReport,http://www.WBTV.com,3424,757,"Charlotte, NC","35.22708,-80.8431199",Morning Reporter @WBTV_News. Idea man with a heart for history and enough energy to power a small city. #UGA alum. #49ers Faithful.
police/traffic,8:27 PM - 17 Apr 2009,thejuliewright,http://www.facebook.com/thejuliewright,21470,738,IG & SnapChat: thejuliewright,"45.95924,14.5276",Emmy winning traffic anchor @ABC7News & @ABC7GMW - Anchor @LetsTalkLiveDC 4:25-11am - 757 beach bum - Beagle Bailey's biscuit provider
journalist,10:19 AM - 16 Nov 2016,NickKnudsen80,http://www.huffingtonpost.com/author/nick-knudsen,3753,3133,"Oregon, USA","43.97927,-120.7372499","HuffPost Contributor. Oregonian. Writer. SF Giants fan. Workforce guy & political agitator. Armed with logic, a laptop, and love of country."
journalist,11:56 AM - 3 May 2012,SportsTakeJames,,54523,34704,watching sports or degrassi,,"20. Packers/Heat/MIA,STL/Panthers #FAU19 Degrassi is underrated. Aspiring TV Writer. Yes I know there's a typo in my pinned tweet."
journalist,7:45 AM - 9 Jan 2015,IbnNabih1,,5163,699,Sweden,"59.67497,14.52085",Freelance reporter with an interest in Syria and Jihadism. Semi-retired. (re)tweets ≠ endorsements etc.
wx,4:32 AM - 4 Mar 2009,Evansweather,http://forums.abclocal.go.com/n/pfx/forum.aspx?nav=messages&webtag=wabc_weather,35089,1962,"New York, NY","40.73059,-73.9865799","2016 Ellis Island Medal of Honor Recipient,15 Emmys, Senior Meteorologist WABC-TV New York,NY 77 WABC AM Radio, NASH FM 94.7 NY Times Best Selling Author"
journalist,9:25 AM - 13 Mar 2009,AndrewRuizWPTV,,2198,1072,"West Palm Beach, FL","26.71534,-80.0533699","Reporter at @WPTV @Fox29WFLX covering #breakingnews, @UF grad and #SoFla Native Newstips? Andrew.Ruiz@wptv.com"
journalist,9:12 AM - 14 Jun 2014,naretevduorp,https://proud-navy-veteran.com,23320,10312,Midwestern Humorist,,"American, Navy Veteran, True Patriot, Business Owner, Corporate VP, Author, Blogger, Political Junkie, Anti-Trump, Anti-Hate #TheResistance"
journalist,2:46 PM - 1 Feb 2010,chrisslaterMEN,http://www.manchestereveningnews.co.uk/authors/chris-slater,5389,3036,Manchester,"53.47913,-2.2440999",Sports News correspondent for @MENnewsdesk. Views my own. DM's are open or e-mail chris.slater@men-news.co.uk. I'm also on Facebook http://facebook.com/chrisslaterMEN/
news,1:53 PM - 30 Sep 2008,chronicleherald,http://thechronicleherald.ca,109068,804,"Halifax, Nova Scotia, Canada","44.64842,-63.5749699",The biggest and best news site in Atlantic Canada. Email us at newsroom@herald.ca
news,7:40 AM - 30 Nov 2014,Post_Nigeria,http://www.post-nigeria.com,13752,71,Abuja,"9.06433,7.48929","A Nigerian news house dishing out fresh, balanced, and informative news.We present the most unpopular arguments to aid informed choices."
wx,10:48 AM - 3 Aug 2009,AshleyRuizWx,http://weartv.com,1903,1049,"Pensacola, FL","30.4213,-87.2169099","@WEARTV ABC 3 Meteorologist. I love animals, Walking Dead, Harry Potter, & my doxie, Cappie the #WeatherWeenie. Mississippi State Alumna."
news,5:18 AM - 11 Feb 2016,gbeduonline,http://www.gbeduonline.com,417,801,Nigeria,"9.60003,7.99997","BBM pin:2879BF10.CONTACT:08137301738 INFORMATION,ENTERTAINMENT,CAMPUS GIST,NAIJA NEWS,MUSIC AND VIDEO"
journalist,1:40 PM - 30 Mar 2014,melynda_brant,,1333,299,"Austin, Texas","30.27112,-97.7436899","#ATXTraffic Anchor/Reporter & Fill In Talk Show Host, Emmis Austin. News Junkie, Dance Teacher & Houston TEXANS Fan! Opinions all mine!"
news,10:22 PM - 2 May 2015,63red,http://63red.com,280,88,,,Leading source for conservative news.
fire/emt,1:18 PM - 9 Apr 2013,FFS_Bunnell,,843,217,"Bunnell, FL","29.46577,-81.2576799","Wildfire Mitigation Specialist / Information Officer serving St. Johns, Flagler and Volusia counties."
journalist,9:01 AM - 19 Feb 2009,ZekeJMiller,http://time.com/politics,189656,5403,"Washington, DC","38.89495,-77.0366399","White House Correspondent @TIME, Email: zekejmiller@gmail.com Links&RTs≠Endorsements"
fire/emt,8:28 AM - 1 Oct 2009,OKCFD,http://www.okc.gov/fire/index.html,8671,126,"Oklahoma City, OK, USA","35.47298,-97.5170499",The Official Twitter Feed of the Oklahoma City Fire Department
journalist,12:27 PM - 16 Jun 2010,imraansiddiqi,http://hatehurts.net,31462,793,"Phoenix, AZ","33.44858,-112.0773399",writer + activist + head of nonprofit
news,2:44 PM - 15 Jul 2008,mattyglesias,http://www.tinyletter.com/mattyglesias,283886,713,"Washington, DC","38.89495,-77.0366399",Fake news. Totally biased. Coastal. Elite. Sharpshooter Bar Three. Shill. Dad. Bad tweets & bad takes.
journalist,4:11 PM - 13 Mar 2011,JamesPearceEcho,http://www.liverpoolecho.co.uk/lfc,234433,763,Liverpool,"53.40547,-2.9805299",Liverpool FC reporter for the Liverpool Echo. These are my own views.
news,7:19 AM - 31 Jul 2009,siteintelgroup,http://www.siteintelgroup.com,47061,3,,,"Official Twitter for SITE Intel Group, provider of Jihadist/Far Right & Far Left/Cyber Security News. For subscription info, visit http://news.siteintelgroup.com ."
journalist,4:39 PM - 5 Jul 2014,AJ_BNavarette,http://lonestarvarsity.com,760,265,"Lubbock, TX","33.672515,-101.858009347439",Sports reporter for Frenship Today and Lubbock Avalanche Journal.
news,7:41 PM - 14 Sep 2010,QuorumCall,,15312,14736,USA,"39.78373,-100.4458799",US SENATE NEWS FEED. Aggregating and tweeting news items covering all 100 United States Senators. RT or reply directly to Senators in the feed.
news,7:27 AM - 31 Jul 2007,thegarance,https://www.yahoo.com/author/garance-franke-ruta,62185,7507,"Washington, D.C.","36.29885,-82.3591834","High-volume tweeter. Politics, media, breaking. @YahooNews."
journalist,1:51 AM - 28 Feb 2011,drakefenton,http://ottawacitizen.com/,3940,1727,Ottawa,"45.42103,-75.6900199",City editor at the Ottawa Citizen
journalist,4:07 PM - 12 Mar 2012,RyanS_Chieftain,,1157,805,Pueblo,"38.25444,-104.6091399",Crime/Breaking News writer and more for The Pueblo Chieftain. CU Buffs alum. Sports junkie. Lover of good times and sloppers. Pueblo is where my heart is.
journalist,1:39 PM - 4 Feb 2009,eorden,,15305,924,New York,"40.73059,-73.9865799",White House investigative reporter for The Wall Street Journal. I'm good at weaseling my way to the front of a gaggle. erica.orden@wsj.com
journalist,1:41 AM - 14 Apr 2009,yolisanjamela,https://twitter.com/YolisaNjamela,17527,1350,Johannesburg,"-26.2049999,28.04972",Award Winning Broadcast Journalist. RTs are NOT endorsements at all. To contact me: yolisanjamela@gmail.com
journalist,7:45 AM - 23 Sep 2013,dpradhanbjp,http://dpradhanbjp.com,362450,1318,"New Delhi, India","28.61389,77.21595",Minister of State(Independent Charge) Petroleum & Natural Gas(http://petroleum.nic.in ). Views personal. RTs not endorsement
news,7:23 AM - 19 Jan 2010,BreakingNewsCan,,1756,76,Canada,"61.06669,-107.9916999",Monitoring news from across Canada
govt,10:04 AM - 19 Dec 2008,JudicialWatch,http://www.judicialwatch.org,483315,1942,"Washington, DC","38.89495,-77.0366399","A conservative, non-partisan educational foundation, promoting transparency and accountability in government. Snapchat: judicialwatch"
news,7:01 AM - 9 Feb 2013,NAVARRE__,,679,1642,"South Central , Louisiana",,"Sharing Information on Domestic, National , and World News Events ! Thank You In Advance To All Who Follow. Welcome !"
fire/emt,3:55 AM - 19 Aug 2008,sacsheriff,http://www.sacsheriff.com/,51939,253,"Sacramento,CA","38.58157,-121.4943899","Official Twitter page for the Sacramento County Sheriff's Department. If you want to report an emergency, please call 911. Our non-emergency number is 874-5115."
journalist,10:39 PM - 10 Dec 2009,JennSchanz4,http://www.wivb.com,3305,2019,"Buffalo, NY","42.88644,-78.8783599","#Journalist, #Reporter for @news4buffalo. #Murrow winner. @DePaulU Alum. Love traveling & #FirstAmendment. Feminist. Retweets ≠ endorsements."
news,2:56 AM - 21 Feb 2010,Tukang_Update,,2903,19,Around You,"51.47081,-2.6167299",The Latest News #TU
news,11:01 AM - 7 Sep 2012,LubnaZahir,,7647,833,Maldives,"4.22184,73.48679",Lawyer | Former Minister of State for Health|Former NDA Chairman| Director of Haveeru Media Group|EX MP Constitutional Assembly| Creator /Proprietor Skin Candy
wx,12:35 AM - 17 Dec 2011,SoMDWx,http://somdweather.com,197,19,"California, MD","38.3004,-76.5074499",Southern Maryland Weather provides real time local weather information to the Southern Maryland area.
