journalist,1:05 PM - 23 Nov 2011,MaxDarrowTV,http://www.kgun9.com/about-us/staff/max-darrow,853,723,"Tucson, AZ","32.22174,-110.9264699","@KGUN9 Reporter / #MMJ. Proud @NewhouseSU alum. @SyracuseU taught me a lot, & made my favorite color turn orange. Story tip? Email me max.darrow@kgun9.com"
news,2:50 PM - 22 Jan 2008,helenaironline,http://www.helenair.com,6227,397,"Helena, Montana","46.59271,-112.0360999",The Helena Independent Record is the Newspaper of Montana's capital.
news,10:56 PM - 10 Nov 2014,ComicBookNOW,http://www.comicbook.com,262533,11561,Barb deserved better,,"The OFFICIAL ComicBook NOW! Twitter account. We're the leading source of news on comic books, movies, TV shows and all things #HYPE!"
news,2:57 PM - 23 Feb 2014,SAPublicity,http://santaanita.com,6353,544,"Arcadia, CA","34.1362,-118.0401399","Official Press Box account for Santa Anita Park- Live Race Results, Industry News, Quotes & Scratches from The Great Race Place. All horse racing, all the time."
journalist,3:11 AM - 12 Feb 2009,georgeeaton,http://www.newstatesman.com/writers/george_eaton,55765,3548,London,"51.50732,-0.1276399","Political Editor, New Statesman george@newstatesman.co.uk"
wx,5:31 PM - 27 Feb 2009,wxbrad,http://about.me/wxbrad,60380,6319,"Charlotte, NC","35.22708,-80.8431199","Chief Meteorologist @wcnc NBC Charlotte, Weather & Tech Geek! Cleveland & Charlotte Sports Fan & @OhioState grad. http://wxbrad.com  #cltwx #ncwx #scwx"
news,2:43 PM - 16 Mar 2010,JGTCOnline,http://www.jg-tc.com,2039,43,"Mattoon, Illinois","39.48428,-88.3773199","Covering the people, towns and businesses of east central Illinois. Also check out full sports coverage for Charleston, Mattoon and beyond over at @jgtcsports."
journalist,12:41 PM - 2 Nov 2011,AnaliseKTNV,http://www.facebook.com/AnaliseOrtizTV,2526,1713,"Las Vegas, NV","36.16628,-115.1492199","Reporter for @KTNV | @Cronkite_ASU alumna | @NAHJ member | Native of Scottsdale, AZ | ""Give light and the people will find their own way"""
disaster/accident,12:50 AM - 29 Apr 2015,NobleMorkie,https://storify.com/MadSCWT/katie-bug-gets-married,2122,1728,Sergeant in Zombie Squad #ZSHQ,,"Me mum calls me 'Becks' & me is da sweetest 3yr old morkie boy. Me luv me mum, toys, carrots & walkies. Married to @cheesecake7777 WE SUPPORT OUR MILITARY&VETS"
wx,11:27 AM - 3 Sep 2008,RyanMaue,http://models.weatherbell.com,35172,2671,"Atlanta, GA","33.74909,-84.3901799",Evening Meteorologist (PhD) Free ex parte opinions on Weather | Climate | Politics | Big Data | Sports #Noles #Michigan | Think Tanker @CatoCSS | Make Me Think
wx,3:39 AM - 17 Nov 2008,simpsonwhnt,http://www.whnt.com,39185,18196,"Huntsville, AL","34.746775,-86.7086188994222","I'm the Chief Meteorologist at WHNT News 19 in Huntsville, Alabama. I tweet about weather, football, and whatever else is happening!"
news,9:52 PM - 20 Jun 2012,TheNepalNews,,1318,1613,,,"Breaking news about Nepal, curated by @quiboatnews."
journalist,1:05 PM - 5 Dec 2008,timkmak,,36974,1366,"Washington, DC","38.89495,-77.0366399","Daily Beast Senior Correspondent, writing about national security and politics. 202/870-7566 Gmail: timkmak"
journalist,4:33 PM - 1 Dec 2010,Shuaibalmosawa,http://shuaibalmosawa.wordpress.com,4032,551,Yemen,"16.34712,47.89152",Freelance Yemeni journalist. shuaibalmosawa@gmail.com
wx,9:39 AM - 2 Dec 2011,TerriApostleCTV,,7517,1737,Winnipeg,"49.88333,-97.1666699",I run up and down 744 stairs every morning to deliver the weather on CTV Morning Live. sometimes I tweet from the roof top while I catch my breath.
fire/emt,10:25 PM - 31 May 2011,IanKrimmer,,310,51,Sydney,"-33.8548099,151.21645",Media Officer Fire& Rescue NSW Australia. Please note that this account is not monitored 24/7.
journalist,6:41 PM - 18 Nov 2011,shane_bauer,http://www.shanebauer.net,29609,639,Oakland,"37.80445,-122.2713499",Senior Reporter @motherjones. Co-author of A Sliver of Light: Three Americans Imprisoned in Iran. 2016 winner of National Magazine Awards for best reporting.
news,6:18 AM - 30 Jul 2013,LudingtonDN,http://www.ludingtondailynews.com,878,234,"Ludington, Mich.","43.95543,-86.4527199","The Ludington Daily News in Ludington, Michigan, covering life and the lives in and around Mason County for more than 100 years."
news,8:41 AM - 13 Nov 2014,SouthHoustonBL,http://SouthHoustonTX.BubbleLife.com,150,0,"South Houston, Texas","29.663,-95.2354899","South Houston BubbleLife features community news, photos and events. Share your business, organization or personal news and events at http://southhoustontx.bubblelife.com ."
journalist,10:27 AM - 26 Aug 2014,EmmaMci,,918,1501,Seattle/Toronto,,"Reporter on brief hiatus from @TorontoStar & up to no good. U.S. expat. Old bylines @calgaryherald/@calgarysun, @nationalpost. http://seedisclaimer.com"
fire/emt,5:54 PM - 23 Mar 2009,BillyGoldfeder,http://www.FireFighterCloseCalls.com,16553,2333,"Loveland, OH","39.26895,-84.2638399","Deputy Fire Chief: Loveland-Symmes FD, Ohio. Fireman since 1973. Happy Husband, Dad & Poppie! Check out the books: PASS IT ON 1 & 2: http://tinyurl.com/zmy2ae8"
fire/emt,10:43 AM - 3 Jan 2012,LACOOEM,http://LACOA.org,5446,1226,Los Angeles County,"34.3155,-118.2096799",The Official Account of the Los Angeles County Office of Emergency Management (OEM). Helping you prepare for and recover from disasters and other emergencies.
news,10:05 AM - 21 Apr 2017,AntWSCPursuits,,79,107,"Los Angeles, California","34.05439,-118.2439399",Helps out @SoCalPursuits on High Speed Pursuits in the SoCal. Areas! Tweeting Breaking News(Updates & More)
disaster/accident,2:51 AM - 9 Mar 2011,capt_amarinder,http://www.captainamarindersingh.com,78767,91,Punjab,"30.92932,75.50048",Chief Minister of Punjab and a Military historian.
news,4:31 AM - 30 May 2012,rachology216,http://thelightlive.weebly.com,1684,1112,"Cleveland, OH","41.50516,-81.6934399","#organizeCLE Mother, lover, law student, activist, feminist, & general pain in the rear. Saturday mornings they let me talk on the radio."
news,3:07 AM - 15 May 2009,SundayWorldZA,http://www.sundayworld.co.za,103619,1219,Johannesburg,"-26.2049999,28.04972","Leader in celebrity news, sports news with attitude, lifestyle & personal finance information that matter and Shwashwi brings you all Mzansi's hot gossip."
journalist,3:20 PM - 17 Dec 2009,michaelkoziol,http://www.smh.com.au,6956,1527,Canberra,"-35.2819299,149.12889","Federal politics reporter, The SMH and The Age | Never happy in the middle, got to be up or down | michael.koziol@fairfaxmedia.com.au"
journalist,11:17 AM - 27 May 2010,BriereBear,,2100,2795,"Richland, NJ, USA","39.49178,-74.8707199","Long-time local journalist; Ebbsfleet, Slough Town and #Philly pro sports supporter; friend of the underdog; last liberal in my #RWNJ family."
disaster/accident,1:30 PM - 16 Dec 2011,burt30285,,846,2032,Rural Missouri Heartland,,"LEO Supporter, @BlueAlertUs #BlueLivesMatter @bluelivesmtr,@chicagosfines19 #BreakingNews Crime Courts #YouDecide"
news,9:56 AM - 11 Mar 2017,iPromosmedia,,11,25,"Orlando, FL","28.54211,-81.3790399","iPromosMedia is a media firm specializing in publishing, web development, advertising, marketing, $ sales. We are are here to help you DOUBLE your Sales."
journalist,7:56 AM - 11 Aug 2015,ChrisRogersTV,http://www.kcentv.com/,338,389,"Texas, USA","31.81603,-99.5120899","Weekend Anchor, KCEN-TV Channel 6 News | Dog Dad | Former All-American special teams specialist"
journalist,5:26 AM - 3 May 2009,cbhanp,http://www.dalitfoods.com,5511,451,,,"Fond of English the Dalit Goddess, promoter of the idea of Dalit Capitalism, Mr Chandra Bhan Prasad is a researcher, writer, and idea player."
journalist,11:01 PM - 27 Apr 2009,IanEsguerra,,7275,478,Manila,"14.59062,120.97996",Reporter
fire/emt,2:36 AM - 8 Mar 2013,jmbuckman3rd,,864,947,Evansville IN,"4.57782,-7.6473799",John M. Buckman III served as Chief German Twp. VFD for 35 yrs President Int'l Assn of Fire Chiefs Photographer Author Instructor most important title GRANDPAW
journalist,9:41 PM - 19 Apr 2011,GerronJordan,http://fox2now.com,2730,3104,"St. Louis, MO","38.62727,-90.1978799","Reporter @Fox2Now in St. Louis, MO | @HowardU Grad | News Breaker | Karaoke Perfomer | Mardi Gras Reveler | Chicagoan in STL |Laissez Les Bon Temps Rouler"
journalist,6:49 PM - 2 Jul 2014,Jodan_Perry,,969,690,Sydney,"-33.8548099,151.21645","Sports Journalist @abcnews. Proud Worimi/Wiradjuri man from Newcastle. insta - jodanryan : Perry.Jodan@abc.net.au, DM's open and views are all mine."
news,6:25 PM - 1 Feb 2010,ksandler71,,620,109,"Celina, OH","40.54893,-84.5702299",News Director at WCSM radio
news,11:46 AM - 29 Oct 2016,OlikaReporters,,103,303,,,"We Break the News As They Break in. Sports, Politics, Entertainment, International Politics. 24 hours."
police/traffic,9:57 AM - 16 Dec 2009,EPCSheriff,http://epcsheriffsoffice.com,29140,60,"Colorado Springs, CO","38.83395,-104.8253399",El Paso County Sheriff's Office Post/Comment Policy http://on.fb.me/1DCctwf
journalist,6:55 AM - 8 Sep 2014,BelcherWSB,http://wsbtv.com,1255,32,WSB-TV,"33.76437,-84.3615799","I was born in Atlanta, graduated from Cross Keys HS and GSU. I've been a reporter with one radio station and 3 TV stations -- all in Atlanta -- since 1971."
news,7:45 PM - 6 Jun 2010,WorldLatinStar,http://www.WorldLatinStar.com,11931,852,United States,"39.78373,-100.4458799","WORLDLATINSTAR OFFICIAL TWITTER of Latin Urban Media Music,Video's,Models & Dj's #TEAMWLS Email : Info@WorldLatinStar.com"
journalist,12:44 PM - 30 Jan 2012,PaulKendrick84,http://www.huffingtonpost.com/author/paul-kendrick,3220,1738,Great unfinished symphony,,Served on President Obama's Wisconsin campaign & in his White House. Formally @HCZorg & @OppNation. Writer: Douglass and Lincoln; Sarah's Long Walk; HuffPo blog
journalist,6:09 AM - 9 Apr 2009,monaeltahawy,http://www.monaeltahawy.com,250587,2737,Cairo/NYC,,"Feminist author/public speaker: Arab & Muslim issues, global feminism. Book: Headscarves & Hymens http://goo.gl/sq405g . NYT opinion columnist. Tattoos. #MUFC"
journalist,12:11 PM - 26 Jan 2009,BlakeWSOC9,http://www.wsoctv.com,2986,1609,"Charlotte, NC","35.22708,-80.8431199","Reporter & Sunday Anchor for @WSOCTV. Fan of great writing. @DSAGC_NC board member. Husband, son, big bro. @Mizzou, @mnwild & @vikings fan. Ephesians 5:11. #MN"
wx,6:44 PM - 4 Mar 2009,thebig1063,http://www.thebig1063.com,1057,42,"Middlesboro, KY 40965","36.60841,-83.7165799","We Are The Big One. Local News, Weather and Sports for SE Ky, Uppereast TN and SW Va. BUT plenty of music for EVERYONE!"
journalist,5:00 AM - 19 Jan 2009,therealbakari,http://www.bakarikitwana.com,7711,4125,,,"Author of The Hip-Hop Generation, Director of Rap Sessions, Senior Media Fellow The Jamestown Project. 2017 book -- Hip-Hop Activism in the Obama Era."
wx,10:06 PM - 25 Oct 2013,WJRSRadio,http://www.lakercountry.com,880,59,Jamestown-Russell Springs,"37.0554,-85.0880199","Laker Country 104.9 WJRS. Best local news coverage, responsible weather coverage, and UK and Laker Sports, with best in country music."
news,9:50 AM - 3 Sep 2014,Gossip9aija1,http://gossip9aija.com,828,125,Lagos,"6.45505,3.39417",Nigeria's #1 Portal For Latest News
disaster/accident,3:31 PM - 13 Dec 2009,Miriam2626,http://midlandtxattorney.com,9162,8315,"Midland, Texas","31.99736,-102.0779399",Midland Texas Criminal Defense Attorney. http://midlandtxattorney.com  Passionate advocate.
journalist,8:50 AM - 23 Jan 2012,PatriotsOfMars,https://www.amazon.com/Patriots-Mars-God-That-Failed-ebook/dp/B01KOV059A/ref=sr_1_1?s=digital-text&i,151482,96673,on the Jersey side (NYC area),,"The words of the prophets are written on the subway walls… and Twitter ❉ Author, designer ❉ Sci-fi ❉ Contact via Facebook ❉ 'Patriots' available at link ❉"
journalist,1:14 AM - 9 Feb 2012,danielpfitz,http://www.abc.net.au/news/rural/,890,1059,"Katherine, NT","-14.4656599,132.2631","@ABCRural reporter, wandering the Top End for the @NTCountryHour. Views are mine, not oldmate's"
news,1:21 AM - 15 Apr 2013,Presidency_Sy,,36364,0,,,"This is the official Twitter account for the Presidency of the Syrian Arab Republic, offering updates on Presidential news and events."
journalist,12:54 PM - 3 Nov 2011,WSAZKaty,http://katyandersenjournalist.com,1667,493,"Charleston, WV","38.35059,-81.6332799",MMJ/Weekend Anchor @WSAZnews | @scrippsjschool Bobcat | @OhioUPiPhi | Love exploring & great food | Email if you have story ideas katy.andersen@wsaz.com
fire/emt,9:12 AM - 19 Jun 2009,GreenvilleCoEMD,http://www.gceoc.com,1023,210,"Greenville, SC","34.85135,-82.3984799",The Greenville County SC Emergency Management Division is a division of the Greenville County Sheriff's Office.
news,6:36 AM - 15 Nov 2008,m_jfrench,,991,461,"Albany, NY","42.65116,-73.7549599","Energy and environment for @politicony Political news junkie, aspiring beer critic. Past: @AlbanyBizReview @AP @BloombergNews @stltoday"
journalist,11:26 AM - 26 Feb 2009,meghanmongillo,http://facebook.com/MeghanMongillo,4715,1082,"Cincinnati, Ohio","39.10145,-84.5124599",WKRC- TV Anchor/Reporter Local12
journalist,9:37 PM - 4 Apr 2009,dsureshkumar,,1623,182,India,"22.35111,78.66774",Journalist from India
news,10:11 AM - 11 May 2016,IMReadingLyrics,https://www.reverbnation.com/delaray,44,24,,,Christian Music News
journalist,5:37 PM - 24 Aug 2009,WorldLatin,http://WorldLatinStar.com,897,229,"Bronx, NYC","40.85278,-73.8390481000199",Promoter/Editor Of http://WorldLatinStar.com  /#TEAMWLS CONTACT : INFO@WORLDLATINSTAR.com
news,7:12 PM - 22 Jan 2014,SoapOperaSpy,http://www.soapoperaspy.com,23146,14679,,,"Your #1 Source for Soap news, recaps, fashion, polls, trivia, spoilers. #YR #GH #Bold #Days"
news,5:08 AM - 23 Jul 2010,holland_travel,http://www.travel-trick.com,970,264,,,"Holland travel news, and flowers"
wx,8:05 PM - 27 Feb 2009,LIVE5WEATHER,http://live5news.com,4708,108,"Charleston, SC","32.7876,-79.9402699",
wx,7:12 PM - 30 Jun 2009,laniepope_wxii,http://wxii12.com,5096,77,winston-salem north carolina,"36.09981,-80.2440499","WXII 12 News- Chief Meteorologist. Love chocolate, anything outdoors, and music. Check live radar any time here: http://wxii12.com/weather/radar"
wx,6:54 PM - 20 Apr 2009,news5wcyb,http://www.wcyb.com,12465,2244,"Bristol, VA","36.59649,-82.1884599",Getting The Facts Right every day. Storm Track 5: Alerting You to Severe Weather Danger.
journalist,8:38 AM - 15 Sep 2010,RexCNNPH,,1362,560,"Quezon City, Philippines","14.65099,121.04861",@cnnphilippines correspondent | @WhartonBizJourn fellow | link: http://cnnphilippines.com/tags/author/Rex_Remitio …
journalist,7:33 AM - 26 Oct 2010,mtobiasNETNews,http://www.facebook.com/MikeTobiasNET/,1018,923,"Lincoln, NE","40.80005,-96.6673999","Senior Reporter/Producer (TV & radio story creator) @NETNewsNebraska. Alum of @Unl_CoJMC, @1011_News, @NEWesleyan PR. From Bellevue, NE with a few other stops!"
govt,11:38 PM - 10 Jun 2010,CloverMoore,http://clovermoore.com.au/westconnex,89239,6687,"Sydney, Australia","-33.8548099,151.21645",Community advocate. Progressive champion. Sydney Lord Mayor.
journalist,12:09 PM - 19 Jun 2016,AAPkaSudarshan,https://www.facebook.com/AAPkaSudarshan/,116,506,"Hyderabad, Telangana State","17.373725,78.561944751462","Official State Spokesperson in AAP -Telangana.. Socio, Political Activist & Analyst. Views personal, retweets not endorsement"
disaster/accident,6:21 PM - 7 Dec 2014,PenologyRR,http://bit.ly/1w40STY,9456,5564,,,"Live #criminaljustice content curated by top Criminal Justice System (mostly American), Penology & Prison Reform Influencers. (Pic:http://bit.ly/1tfPUha )"
govt,3:43 PM - 25 Jan 2016,JohnAdamsforVA,http://www.johnadamsforva.com/,721,148,"Virginia, USA","37.12322,-78.4927699",Republican nominee for Attorney General in Virginia. Fmr federal prosecutor and Naval officer. VMI & UVa grad. Avid cook and fisherman. Husband & dad to 4 boys.
journalist,1:41 PM - 22 Apr 2011,robtdfischl,,17125,18760,"Glennville, GA","31.93659,-81.9284499",Author OBAMA'S LACK OF HONOR Christ follower Tea Party #Sentinel USNA U of MI MBA #PJNET #tcot no vulgarity Trump-Pence 2020
journalist,5:50 PM - 16 Feb 2011,APDillon_,http://AmericanLens.com,5489,3472,United States,"39.78373,-100.4458799","@American_Lens Co-founder & Exec. Editor *Tweets Are My Own* Contributor: @INJO, Breitbart, Civitas, DaTechGuy, Heartland."
disaster/accident,10:11 AM - 8 Oct 2016,OphiuchusOvers,,566,957,,,"Independent voter, parent, wife of an Iraq War Veteran, cancer survivor and near death experiencer. #resist"
disaster/accident,11:26 PM - 28 Oct 2009,silverstar22b,http://apple.com,51736,45774,Tokyo,"34.225575,139.294773938122","Ph.D (Neuroscience), Tech enthusiast,photographer, into Motoracing. I am a certified Competitive Intelligence Professional."
disaster/accident,5:36 AM - 18 May 2012,CrimeVictimsOrg,http://victimsofcrime.org/,5294,1198,"Washington, DC","38.89495,-77.0366399",The leading resource and advocacy organization for crime victims and those who serve them. Rebuilding lives for three decades. Follow ≠ endorsement
journalist,11:27 AM - 9 Sep 2015,velveteenrabit,,1127,3040,NJ,"40.07573,-74.4041599","entertainer,artist,writer, advocate,rescuer ,either my label fell off or i wasn.t born with one n no warnin on the box! .empower educate NEVER forget the victim"
news,8:03 PM - 4 Aug 2008,SGnews,,50128,1,Singapore,"1.29045,103.85203",Singapore news consolidated and twittered. Managed by @benkoe.
journalist,6:14 AM - 20 Jun 2013,davidmoore_7,,281,494,,,"Dickenson County, VA Administrator via Big Stone Gap, VA / Part-time Score Reporter for Ridgeview sports as assistant to @ThePackFootball"
fire/emt,5:45 PM - 5 Jul 2013,SPrziborowski,,2384,3223,"Santa Clara County, CA","37.23332,-121.6846299",Deputy Chief & also the Northern Division Director for the California Fire Chiefs Association
news,9:42 AM - 14 Jan 2014,southafi,,7,18,United States,"39.78373,-100.4458799",another paper cut survivor
news,5:00 PM - 9 Apr 2011,Nevada,http://en.wikipedia.org/wiki/Nevada,3648,3,"Nevada, USA","39.51588,-116.8537199",Latest news for Nevada.
wx,1:04 PM - 22 Sep 2011,ColdFrontCarlo,http://okcfox.com/weather,1075,121,"Oklahoma City, OK","35.47298,-97.5170499","AMS Certified Meteorologist at KOKH @OkcFox in Oklahoma City. Cyclist, explorer, car buff and wicked nerd. Retweets ≠ endorsements"
wx,1:23 PM - 28 Feb 2009,KyleGrainger,http://www.local8now.com,3570,3579,"Knoxville, TN","35.96039,-83.9210199","Sevier County Reporter/Weather Anchor at WVLT-TV I Cover tourism in Sevier County, TN (Gatlinburg, Dollywood, Pigeon Forge, & Sevierville)"
news,11:32 PM - 29 May 2013,jica_direct_en,http://www.jica.go.jp/english/index.html,5319,104,Tokyo,"34.225575,139.294773938122","The official twitter account of Media Division of Japan International Cooperation Agency (JICA), the development cooperation agency of Japan."
journalist,5:25 PM - 17 Dec 2007,seaarch,http://www.SoutheastAsianArchaeology.com,805,261,Bangkok,"13.585915,100.41608339172",Blogging (and tweeting) archaeology news from Southeast Asia. Dr Noel H. Tan is the Senior Specialist in Archaeology at SEAMEO-SPAFA. Views my own.
wx,2:36 PM - 17 Jun 2008,ksfynews,http://www.ksfy.com,46074,627,"Sioux Falls, SD","43.54997,-96.7003199","Breaking news, weather, and sports from Sioux Falls, Aberdeen, Pierre and local areas in South Dakota, Minnesota, and Iowa. Tip Line: 336-9999 youask@ksfy.com"
journalist,3:22 AM - 18 Mar 2016,KiwiGaryIreland,http://www.highprofileenterprises.com,306,265,"Tauranga City, New Zealand","-37.6967299,176.190346184211","Writer, artist, photographer, blogger, adventurer. I'm not sure which I'll be today."
journalist,1:51 PM - 13 Dec 2011,YukonPhilippe,http://www.cbc.ca/north,4344,1436,"Whitehorse, Yukon, Canada","60.72067,-135.0522999",Canadian Broadcasting Corporation (CBC) multimedia reporter in Whitehorse. Interested in everything. Reporting in NWT and Yukon since 2006.
journalist,8:21 AM - 5 Feb 2010,ChaseMadar,http://www.versobooks.com/books/1401-the-passion-of-bradley-manning,10252,5519,New York,"40.73059,-73.9865799","bylines LRB, NYT, MondeDiplo, AmConMag, Jacobin, TLS. Recovered lawyer. Author of a book about Pvt Chelsea Manning."
news,10:53 AM - 28 Nov 2011,discjocke52,,3028,566,"United States, Ukraine","42.29789,-71.1149299",UKRAINE ENGLISH NEWS FORUM: http://ukraine-english-news.forumotion.com/forum
journalist,3:18 PM - 2 Apr 2009,ElviaMalagon,http://www.chicagotribune.com/ct-elvia-malagon-20160808-staff.html,2160,1050,"Chicago, IL","41.87555,-87.6244199","Overnight breaking news reporter for @ChicagoTribune. Previously covered courts/crime for @nwi, @TheLedger. emalagon@chicagotribune.com"
news,9:01 PM - 13 Feb 2010,WyomingUpdate,,3141,692,Wyoming,"43.17002,-107.5685299","Breaking news about Wyoming, curated by @quiboatnews."
news,8:07 AM - 7 May 2012,KennyCommaash,,10000,6170,Where Stars Are Made.,,"Turntable Junkie// Student at @DaystarUni Communications,Electronic Media// Social Media Strategist// kennyelmando@gmail.com"
news,11:14 PM - 25 Apr 2012,FresnoPlaza,,2579,3436,,,Your source for the latest news on Fresno
news,12:46 AM - 27 Feb 2017,9NewsRiverina,http://9News.com.au,127,15,,,First and best for the Riverina's local news. #9News
journalist,11:00 AM - 28 Apr 2011,TaraMWest,http://www.inquisitr.com/author/tara/,727,241,USA,"39.78373,-100.4458799",Wife. Mommy. Writer. Researcher.
journalist,8:25 PM - 23 May 2012,easwaranrutnam,http://www.colombogazette.com,2349,209,Sri Lanka,"7.23714,80.82092","Editor of the Colombo Gazette, Editor of The Sunday Leader, Correspondent for Xinhua News. Tweets on this account are personal"
journalist,7:07 PM - 22 Jan 2010,andrew_lund,http://www.9news.com.au,9991,990,Melbourne,"-37.8142099,144.96316",Reporter for @9newsmelb @9NewsAUS. Often seen loitering at airports or #springst. On instagram @andrew__lund
journalist,8:27 AM - 27 Apr 2009,henrykleeKTVU,http://www.facebook.com/henrykleefan,10465,4888,Oakland www.ktvu.com,,Crime reporter @KTVU Fox 2 News. Ex-@sfchronicle journalist. Bio: http://bit.ly/1Oly1Va  True crime author: http://bit.ly/1yayLWh  Henry.Lee@foxtv.com
news,11:30 AM - 12 Apr 2009,Protodude,http://www.rockman-corner.com/,2063,2590,"St Louis, MO","38.62727,-90.1978799",Unofficial Mega Man brand ambassador. I run Rockman Corner - your #1-ish source for Mega Man & Rockman news!
disaster/accident,10:57 AM - 29 Nov 2011,raymonddehn,http://www.raymonddehn.com,2336,629,Minneapolis,"44.97729,-93.2654599","Candidate for Mayor of #Mpls, lifelong Northsider, criminal justice reformer & state rep. Biker, record collector & North HS Polars fan #OnOurSide"
news,3:39 PM - 1 Jun 2012,Politolizer,http://politics.trendolizer.com,1273,810,,,"The political news most trending on social media right now, as collected by Trendolizer"
journalist,4:51 PM - 30 May 2010,gnb28,,556,674,,,"Sometimes ABC journo, follower of news and wannabe optimist. Views are my own - as are spelling mistakes!"
journalist,12:12 PM - 11 Nov 2013,madhavi_writes,,682,164,"পশ্চিমবঙ্গ, INDIA","22.35111,78.66774","Writer,Lecturer,Nationalist,Modified,A member of BJP.Tweets mostly on politics n current affairs.RTs not endorsement.Aaptards n Leftist stay way.Animal lover."
news,4:49 AM - 10 Dec 2010,ETNOWlive,http://economictimes.indiatimes.com/et-now,256352,211,India,"22.35111,78.66774","India's No.1 Business News Channel, Owned & Operated By The Times Network. Follow Us For The Latest Business Stories & News Updates."
journalist,6:01 PM - 3 Mar 2009,MindMogul,http://mindmogul.wordpress.com/,254,393,"Spartanburg, SC","34.9498,-81.9320099",Writer truth seeker golfer lover Through self awareness we find our passions in life by following our heart our desires and listening to our intuition
wx,5:55 AM - 30 May 2012,NWSGreatFalls,http://weather.gov/greatfalls,7445,127,"Great Falls, MT","47.50488,-111.2918899","Official Twitter account for the National Weather Service in Great Falls, covering North Central and Southwest Montana. Details:http://weather.gov/twitter"
news,8:20 AM - 19 Dec 2012,JasperFitzhugh,http://www.fitzhugh.ca,1045,452,"Jasper, Alberta","52.87523,-118.0824199",Jasper's community newspaper
news,10:29 PM - 4 Nov 2013,VhalodiSA,http://facebook.com/vhalodi,5437,5421,"Phalama Village,Mutale South Africa",,"ADDICTED TO SOCIAL MEDIA. I LoVe #VenRapMusic Tweeting In My Personal Capacity ""NDI MUVENDA"" IM BLOGGER : Instagram @Ndivhalodi http://vhalodisa.wordpress.com"
news,8:26 AM - 12 May 2009,AlphaBlogging,,357,109,"NYC, NJ, NOLA, Cleveland",,"Converging/emerging journalism and media relations, for the greater good."
fire/emt,6:18 PM - 20 Mar 2012,NNJAllIncidents,,958,285,saddle brook,"40.89898,-74.0926399","brief accounts of fires, mva's, gas leaks, police activity in the north Jersey tri sate area"
govt,12:46 AM - 23 Apr 2016,amrapli,,395,341,"Noida, India","28.57264,77.35476",A common man who dreamed to have his own house in noida with his hard earned money but looted by builder and ignored by System n government
journalist,7:44 AM - 14 Apr 2009,TheBrandonMorse,http://www.theblaze.com/author/bmorse/,21769,1734,"Dallas, TX","32.77627,-96.7968499",Reporter for @TheBlaze. That wanderer who isn't lost. Humming hallelujah. Email me at bmorse@theblaze.com Follow my adventures: http://instagram.com/brandondmorse
news,8:14 AM - 21 May 2013,JJusseroKIRO7,http://www.kiro7.com,2225,1445,Seattle WA,"47.60383,-122.3300599",Emmy award winning KIRO 7 photojournalist. Seattle native. Father of 4. Have a news story? Tweets to me may end up on air.
journalist,5:20 AM - 19 May 2009,cobbo3,,238730,20322,Tororo & Nairobi,"0.740735,34.1026803843331",Publisher AFRICAPEDIA http://www.africapedia.com  and ROGUE CHIEFS http://roguechiefs.com . Most sins committed here are mine alone
disaster/accident,5:16 PM - 2 Jan 2013,MrMubinShaikh,https://www.linkedin.com/in/mubins,7585,5471,Global,,"CounterTerrorism SME (DoD JointStaff SMA) *No2KhawarijISIS *ImamMahdiAgent *InG^d+ﷺ WeTrust, AllOthersWeMonitor *Usual Tweet-Like-RT caveats"
fire/emt,12:05 PM - 13 Nov 2010,OaklandFireLive,,7711,0,"Oakland, CA","37.80445,-122.2713499","Live news feed from the front lines of Oakland Fire --- ok to use posted media, please credit @Oaklandfirelive ---"
journalist,1:21 AM - 13 Oct 2011,UvekaR,,7894,745,,,Anchor on Morning News Today - eNCA. Great believer in Fate and Karma. Mom of 2 and wife!
disaster/accident,8:06 PM - 9 Nov 2009,John_benard,https://www.twitter.com,554,1389,Nigeria,"9.60003,7.99997","Nobody will fight our wars; we're gonna fight them ourselves to victory. Get it hot as its happening live,all African news, inspiration and interviews.C002196A8"
news,8:20 AM - 4 Mar 2009,indiacom,http://www.india.com,6802,235,India,"22.35111,78.66774",The official Twitter account for http://India.com  | Joint venture between Zee Media & Penske Media Corp.
disaster/accident,7:25 PM - 2 Dec 2013,vallandingham_c,http://intelligence-law.blogspot.com,68,111,"Gainesville, FL","29.6519,-82.3247899","Lawyer, Law Librarian, Law Professor, U.S. Army JAG Corps. I'm interested in the legal and ethical aspects of intelligence activities."
news,8:32 PM - 24 Nov 2008,DreamAct,http://dreamactivist.org,29721,412,USA,"39.78373,-100.4458799",The largest social media hub for immigrant rights since 2007 led by undocumented youth. We've got attitude.
disaster/accident,11:14 PM - 8 Nov 2011,CountyCourtVic,http://countycourt.vic.gov.au,2991,1026,Australia,"-24.7760999,134.755","The County Court of Victoria (Australia) is the principal trial court in the state. The Court’s jurisdiction covers criminal cases, civil matters and adoptions."
news,11:43 PM - 2 Nov 2014,PhotoTelegram,http://DigitalJournal.com,387,327,Global,,►Today's world news and events captured by leading photojournalists from around the world.
journalist,5:54 AM - 1 May 2011,MimiRoseBecker,,316,681,"Wagga Wagga, New South Wales","-35.1149999,147.36777",Reporter || @9NewsRiverina mbecker@nine.com.au
news,6:36 PM - 19 Apr 2009,whatsuptucson,,70966,26566,"Tucson, Arizona","32.22174,-110.9264699","Info and news about what's up in Tucson, Arizona. Winner of @tucsonweekly Best Of Tucson 2016 - Best Twitter"
news,11:36 PM - 23 Nov 2008,newswest9,http://www.newswest9.com,13742,747,West Texas,"31.1776,-105.3609399",More West Texas News. More Often. Covering all of West Texas and Southeast New Mexico.
news,1:42 AM - 20 Apr 2008,waddey,https://about.me/waddey,18540,6561,Maldives,"4.22184,73.48679","Maldives, Social media, Space, Linux, Seafood, Gaming, Oreo, Metalhead, Cats. RTs are RTs FFS."
disaster/accident,11:52 AM - 5 Jun 2010,iamfreedom777,,2142,1637,NorthWoods,"38.70421,-90.2834399","Pro Palestine, Pro Peace, Pro Vegan, Pro Environment. Anti Xenophobia, Anti War, Anti Fracking,#BanGMO.NOT Politically Correct. The Truth Will Set Us Free."
news,2:11 AM - 7 Oct 2013,PAKISTAN_24x7,,390,10,Pakistan,"30.33084,71.24749",Serves you with latest news updates from Pakistan #Pakistan #News
journalist,8:36 PM - 20 Feb 2011,sunlorrie,http://www.torontosun.com,25571,1264,website:,"39.73033,-104.9979299","Editor Emeritus, Columnist, Toronto Sun; Commentator, Newstalk1010, The Rebel Media, National Post radio. email: lgoldstein@postmedia.com"
journalist,1:06 PM - 26 Aug 2009,PickardJE,http://ft.com,34152,3493,London,"51.50732,-0.1276399",Chief Political Correspondent for the Financial Times and co-founder of FT Westminster.
news,3:03 AM - 18 Aug 2009,jai_amma,,1550,530,"Chennai, India","13.07969,80.28295","#Media & development professional, loves #parenting, believes in #gender equality & tries to change the world! Chevening Alumni, OneWorld Broadcast Fellow"
journalist,1:20 PM - 23 Feb 2009,CyborgN8VMari,http://polychromantium.com,16499,1008,unceded Mauche Ute land—Denver,,#NoDAPL Tribally enrolled (Ojibwe) LGBTQIA. Writer https://www.paypal.me/CyborgN8VMari  mom w/disabilities She/her
news,9:53 AM - 30 Dec 2011,BadBlueNews,http://BadBlue.com,1144,79,The Internets,,"BadBlue publishes the news as it happens: the controversial, the titillating, the unvarnished truth, i.e., everything antique media tries to hide from you."
journalist,2:37 AM - 3 Mar 2015,e_laschon,,712,562,"Perth, Western Australia","-31.9527099,115.86047",ABC journalist. Perth. Views are my own.
news,8:05 AM - 30 Mar 2009,FXstreetNews,http://www.FXStreet.com,105585,253,Barcelona,"41.38255,2.17713",24/5 real-time forex news
journalist,8:41 PM - 10 Mar 2014,horizontalpoet,http://www.jansteckel.com,647,751,"Oakland, CA","37.80445,-122.2713499","Writer, poet, medical copy editor, retired pediatrician, bisexuality and disability rights advocate #binders"
journalist,4:10 PM - 29 Sep 2014,AbdHabak,,9989,1397,Alepoo,,An independent journalist working inside Syria is the most dangerous place for journalists / skype: abode.alabdo /whatsapp: +90 (542) 835 23 44
journalist,1:22 AM - 27 Mar 2009,ketan72,,6446,192,India,"22.35111,78.66774",Political and Social Analyst. #IndiaFirst Privilege - India's PM @narendramodi ji follows me. All views are strictly personal. RTs are not endorsements
news,6:20 PM - 13 Feb 2013,BIAUS,http://www.businessinsider.com.au,33000,517,Australia,"-24.7760999,134.755","Business news, trends, and insights."
journalist,1:40 AM - 26 Jun 2013,spmccomish,,240,394,"Launceston, Tasmania","-41.4340799,147.13734",Northern Tasmanian Reporter for @WINNews_Tas l Nintendo 64 legend as well l News tips to : mccomishs@wintas.com.au l Views Mine.
disaster/accident,7:25 AM - 9 May 2010,MohamedSharif,http://www.sharif.mv,515,389,Maldives,"4.22184,73.48679",youth award 2016 . general secretary of @mdvswim . criminologist . sports . youth . metalsmith . . @UQ_News . @IOA_Official
news,6:33 PM - 22 Sep 2012,UCYTV,http://UCY.TV,266,114,,,"To learn more about how you can become a part of UCY, email contact.ucytv@gmail.com. Real news, for the people, by the people.."
news,8:29 AM - 12 Feb 2009,LiveofofoNG,http://liveofofo.com,10690,323,Nigeria,"9.60003,7.99997","Daily featured news and entertainment from Nigeria, Africa and worldwide from a Nigerian view point."
journalist,5:37 AM - 1 Jul 2012,AnshulIndSamvad,https://www.facebook.com/AnshulIndSamvad,2482,564,"New Delhi, India","28.61389,77.21595","Sub Editor, Founder member of @IndiaSamvad and social media manager, Write Catchy Titles and Headlines, reader... writer... Tweets are my personal opinion"
journalist,5:54 AM - 9 Mar 2013,bprerna,http://prernabakshi.strikingly.com/,10658,173,,,"Author of 'Burnt Rotis, With Love' http://bit.ly/1TZwA30  | Bylines: @HuffPostIndia, @the_hindu, @thewire_in, @TFT_ | 'A Revolution Is Not A Dinner Party'."
journalist,7:01 AM - 23 Nov 2010,SallyFairfax,,1158,688,"Hull, England","53.74357,-0.3394699",BBC local radio journalist. Mum of two. These are my views alone. sally.fairfax@bbc.co.uk
journalist,7:31 PM - 26 Apr 2010,therealbiostate,http://biostate.blogspot.com,1603,2222,,,"Prof., Environmental Sociology; Author of Toward a Bioregional State (2005) and Ecological Revolution (2009); 30 minute interview on right column of website."
disaster/accident,5:05 AM - 30 May 2014,DCI_Kenya,http://www.cid.go.ke,1656,124,"Kiambu Rd,Opp Forestry Dept Hq",,"Official Twitter Account for The Directorate of Criminal Investigations-Kenya. Mazingira Hse,Kiambu Road. P.O BOX 30036-00100 GPO."
police/traffic,7:25 AM - 26 Aug 2011,SatyendarJain,http://delhi.gov.in/wps/wcm/connect/DoIT/delhi+govt/delhi+home/departments/executives/ministers,61738,88,Delhi,"28.65171,77.22193","Minister of Health, Home, Power,PWD Industries,Transport & Urban Development, Govt of Delhi. MLA from Shakurbasti"
journalist,12:09 AM - 26 Nov 2010,SnehaMKoshy,http://m.ndtv.com/topic/sneha-mary-koshy,917,166,Thiruvananthapuram,"8.50574,76.95735","Senior Correspondent with NDTV, Kerala In-charge. People are my passion. Life - tales thrill me. RTs are tweets that catch my attention!"
disaster/accident,9:35 PM - 21 Jun 2008,davidavritt,http://HDTalk.Network,8406,6997,"Chico, CA","39.72849,-121.8374699",Lifestyle Vlogosphere Business Owner Podcast Contributor Mindset & Leadership Speaker Commentator Social Media Expert Retired Military
disaster/accident,7:07 PM - 7 May 2010,100PercFEDUP,http://www.100percentfedup.com,14883,5597,,,http://100percentfedup.com  We publish news w/out lib bias #Jesus #Conservative #ProLife #Trump We follow all vets back #AndrewBreitbartLives #War We are not PC
journalist,1:25 PM - 3 May 2009,omarkhan80,,796,699,"New York, NY","40.73059,-73.9865799",I tell people at parties I'm a writer. #hockey #habs #packers
journalist,4:45 PM - 15 Mar 2012,GeoffyPJohnston,,3130,2965,"Ontario, Canada","50,-85.9999999","Freelance journalist covering international relations, human rights, religious freedom, political economy. U2 fan. Columnist for Kingston Whig Standard."
journalist,12:51 PM - 14 Jul 2015,mishilen,http://tiffanycrystal.wordpress.com,44,26,"Fort Worth, TX","32.75317,-97.3327399","#Reader, #Writer/#Author, Batman fangirl. Master of Sarcasm. If you send me a message and I do not respond, it's probably because I #amwriting ."
journalist,10:08 AM - 29 Dec 2012,christinapacel1,http://www.mylifeinaboot.com,1179,2750,"Porto San Giorgio, Marche","43.18265,13.79338","Born in Canada based in Italy. Woman in love, mother, bullying prevention advocate, author, translator, speaker,Thrive Global contributor (views are my own )"
wx,12:16 AM - 29 Mar 2015,KLijnders,,248,305,"Canberra, Australian Capital Territory","-35.2819299,149.12889",PRIME7 Meteorologist Weather Presenter/Forecaster. Love radio and TV and once upon a time wedding singer.
wx,10:37 PM - 16 Oct 2012,PanahonNgayon,http://weatherngayon.wordpress.com,5760,47,Philippines,"12.75034,122.73121",Philippine Weather Portal | 24/7 weather updates from different sources. | Individual Account | Not related or an affiliate of any weather agency or office.
journalist,8:01 PM - 7 Jul 2009,whitsundayTimes,http://www.whitsundaytimes.com.au,689,15,"Airlie Beach, QLD","-20.2694099,148.71816",The official Whitsunday Times Twitter account. Email - editor@whitsundaytimes.com.au. Phone - 07 4940 2100
news,10:39 AM - 30 Sep 2014,ehackingss,,6098,1247,Internet,,"Trusted source of News, Hacking/Malwares/Technology, provides analysed technical reports, RTs are not endorsements"
news,12:54 AM - 21 Jul 2009,londonnewsnow,,6574,336,"London, England, UK","51.50732,-0.1276399",London News Now . 12 Red Lion Square . #London . WC1R 4QD . #England . United Kingdom . @londontown . #uk . #londonnews . @visitlondon . #britain . @LDN .
fire/emt,3:52 AM - 10 Apr 2009,IncidentAlert07,http://www.incidentAlert.com.au,1212,13,"Geelong, Victoria, Australia","-38.1492799,144.35982",Email and SMS for bushfires and incidents in Victoria. This Twitter account only shows in CFA district 7 (Geelong/Barwon). See also @incidentSafe07
wx,2:21 PM - 9 Apr 2012,VonGaskin,http://about.me/von_gaskin,3384,1084,Website:,"39.73033,-104.9979299","Dreamer, Believer, Reader, Mommy, AKA, Wife, Sister, Daughter, Meteorologist Tweets are my own. Re-tweets are not Endorsements."
fire/emt,4:09 AM - 10 Apr 2009,IncidentAlert02,http://www.incidentAlert.com.au,1385,14,"Bendigo, Victoria, Australia","-36.7588699,144.28259",Email and SMS for bushfires in Victoria. This Twitter account only shows new fires in CFA District 2 (Bendigo) Consider @IncidentSafe02 and @incident_alert
journalist,1:40 AM - 16 Apr 2010,AniltheMatrix,http://www.tv9.com,866,50,Bengaluru,"12.97911,77.59129","Journalist with NEWS9/TV9 | Ex Times of India, Vijay Times, Rajasthan Patrika | Liberal |#FanofIndianPolitics | Views R Personal | No Endorsements"
news,9:20 AM - 9 Feb 2009,OK_Magazine,http://www.OK.co.uk,565374,68334,London,"51.50732,-0.1276399","First for celebrity news. 'Like' our Facebook page at http://www.facebook.com/okmagazineuk , follow us on Instagram at ok_mag and on Snapchat at okmaguk."
journalist,4:21 AM - 15 Jul 2015,PolhomeEditor,http://www.politicshome.com,16296,900,London,"51.50732,-0.1276399","Ex-Herald, Scotsman, Daily Record and Sun. Now editor of http://PoliticsHome.com . Husband, dad-of-two and lifelong Celtic fan."
news,2:31 AM - 14 May 2009,ed_ontap,https://edcentral.uk,2609,807,UK,"54.70235,-3.2765699",Tweets about education news and policy. For news broken down into sub-sectors follow: EdPre-school; EdSchools; EdFurther; EdHigher or EdSkills
govt,9:31 AM - 25 Jun 2013,FearedVexation,,420,290,,,8th Mayor of Las Vegas. Tweets by Feared signed -FV.
news,7:51 AM - 2 Jul 2010,M_and_Mz_World,,2924,4728,Japan⇒Small World Network,,☆A型/size L/射手座/Music/Movie/News/Dieu et mon droit.《神と我が権利》
fire/emt,3:55 AM - 10 Apr 2009,IncidentAlert06,http://www.incidentalert.com.au,614,10,"Colac, Victoria, Australia","-38.3399699,143.58585",Email and SMS for bushfires and incidents in Victoria. This Twitter account only shows in CFA district 6 around the Otways
fire/emt,5:51 PM - 23 Jan 2012,VFRfiji,http://www.vfrfiji.com,1618,161,"Suva, Fiji","-18.1415799,178.44216",Volunteer First Responder community group assisting emergency services primarily in Central Div * http://Facebook.com/VFRfiji  * vfrfiji@gmail.com * IG: @VFRfiji
fire/emt,6:27 AM - 18 Jan 2017,BedminsterFire,http://www.avonfire.gov.uk,625,432,"South West, England","50.59477,-1.9521899",Avon Fire & Rescue Service fire station looking after communities around Bedminster and South Bristol. Twitter account not monitored 24/7.
journalist,7:20 PM - 9 Mar 2009,NatStClair,http://www.counterpunch.org/,5533,4198,"Portland, Or","45.52024,-122.6741899",Editor at CounterPunch. I'm an autodidact... That's one of the things I self-taught myself.
journalist,6:32 AM - 21 Jan 2010,ishareef639,,1944,1764,"India,KSA,Qatar,USA",,"M.Eng,Lecturer,Author,Structural Design Engineer.Malls/Health care/Mixed use facilities.Head of Str Designs in a MNC-Former DGM. Loves URDU- RTs not Endorsement"
news,8:14 PM - 15 Dec 2009,xxlshopper,,7310,436,Germany,"51.08341,10.42344","xxLShopper....mit Angeboten #Trending on eBay, Amazon #Deals ......witziges und unnUtzes Wissen sowie interessante News aus aller Welt !"
disaster/accident,12:03 PM - 12 Feb 2015,brownglock,http://brownglock.com,1061,1851,"London, UK","51.50732,-0.1276399",Intelligence and expertise in cyber and data risk. #cyberlawlibrary #cyberlaw #cyberinsurance
news,1:38 AM - 15 Jan 2015,wimwaro_fm,http://wimwarofm.co.ke,827,123,"Nairobi, Kenya","-1.2832499,36.81724","Wimwaro Fm is the leading Embu radio station. It covers Embu, Mbeere, Chuka, Tharaka, Kirinyaga and some parts of Ukambani."
fire/emt,4:57 PM - 2 Jan 2012,MichaelAnders04,,25,24,,,Just getting into my photography. Law Enforcement enthusiast. Emergency radio Enthusiast. anyone wanting to use pictures or video please contact me DM
news,11:01 PM - 29 Jan 2017,neutralviewmeg,http://www.theneutralview.com,93,7,"Alto Porvorim, Bardes",,"Goa's most exciting media venture. Goen, Goenkar ani Goenakaranchyo Gajali. 4G"
news,7:15 AM - 22 Feb 2010,MobilePhonesHub,,3545,754,,,"Breaking news about Mobile Phones, curated by @quiboatnews."
journalist,7:53 AM - 13 Jan 2010,dqdevera,,718,855,Manila Philippines,"14.59062,120.97996",TV5 Correspondent | occasional traveller | lover of beauty |
journalist,1:36 AM - 27 Feb 2012,DrSYQuraishi,http://drSYQuraishi.in,138174,943,"New Delhi, India","28.61389,77.21595",Former Chief Election Commissioner of India. Author of 'An Undocumented Wonder - the Making of the Great Indian Election'.
journalist,12:13 AM - 8 Oct 2010,EvaMilic9,,7949,624,,,Journalist/Presenter @9NewsBrisbane
journalist,10:18 AM - 12 Jul 2010,TraversWDSU,http://www.wdsu.com,16151,3048,"New Orleans, LA","29.94993,-90.0701099",Emmy winning Investigative Reporter at WDSU/NBC New Orleans. Opinions are my own. RTs are not endorsements.
journalist,10:55 AM - 22 Jan 2016,CoryABC30,https://www.facebook.com/Cory-James-ABC-30-Action-News-460647567454214/,765,192,"Fresno, CA","36.729525,-119.7088549",@ABC30 reporter | Atlantan | @UGAGrady alum | Addicted to spicy foods | Proud father of a maltipoo named Ellington | email: cory.k.james@abc.com
news,12:14 AM - 3 Feb 2011,Hitz1039FM,http://www.myjoyonline.com,48401,298,"Accra, Ghana","5.56001,-0.2057399",Official Twitter space for Hitz 103.9 FM — A radio channel consistently bent on bringing our audience pertinent information surrounding entertainment and more!
news,1:58 PM - 29 Jul 2015,nigerianews360,http://nigerianews360.com,181,2,,,"Everything Africa-Nigeria,South Africa,Ghana, and more- News, sports and entertainment---click for more..."
journalist,3:31 PM - 18 Aug 2015,M3t4_tr0n,https://already-happened.com/,18987,1240,Everywhere,,"Freelance Investigative Journalist, Researcher. OSINT. 'Intellego ac tueor'. If you would like to support me, please go here: https://goo.gl/xrfvVo  Thanks!"
journalist,8:02 PM - 20 Apr 2012,ofir_ofir,http://www.amazon.com/The-Last-Great-Ape-Continent/dp/1605983276,1027,585,Africa,"2,15.99999","Independent Activist, Author"
news,6:47 AM - 22 Feb 2011,jocrothers,http://www.abc.net.au/news,914,1266,crothers.joanna@abc.net.au,,"Reporting for Aunty in Melbourne & Geelong. Previously Darwin, QLD & News 24. Product of WAAPA Broadcast. Got a story? crothers.joanna@abc.net.au"
police/traffic,5:45 AM - 11 Oct 2016,WYP_DA,,1109,1602,"Wakefield, England","53.68256,-1.5000399",The West Yorkshire Police Disability Association is a fully constituted Staff Support group which aims to promote disability internally and externally
journalist,11:24 AM - 26 Jul 2010,Ayishat_Akanbi,http://www.ayishatakanbi.com,9923,799,London,"51.50732,-0.1276399",Stylist. Writer. Road Philosophy. Chronic Over-thinker. info@ayishatakanbi.com Media Enquiries: jan@dml-uk.com
govt,6:53 AM - 19 Nov 2010,bidsUSA,http://bit.ly/uscA48,1630,0,United States,"39.78373,-100.4458799","Bid solicitations (tenders, RFPs, RFQs) issued by American public sector agencies. Use this feed to find new business opportunities & win government contracts."
journalist,6:24 AM - 7 Dec 2011,DrSanjeevkapoor,,215,141,,,Medical doctor;loves connecting with people even over internet;political writer & reader;loves reading history;Support PM fully.
news,2:52 AM - 28 Jun 2011,KayaNews,http://www.kayafm.co.za,12241,393,"Parktown North, JHB","-26.1394399,28.03027","Catch the latest news on Kaya FM 95.9 here! Tune into 95.9, visit http://kayafm.co.za , or go to DStv Audio channel 161 for so much more news, music and talk."
fire/emt,4:10 AM - 10 Feb 2011,OxonFireRescue,http://www.365alive.co.uk,7614,424,Oxfordshire,"51.83333,-1.2499999",Official Twitter Page for Oxfordshire Fire & Rescue Service. Safety advice on http://365alive.co.uk . In an emergency call 999. This page is not monitored 24/7.
news,2:53 AM - 27 Jun 2012,cgtnafrica,http://africa.cgtn.com,77560,300,Africa,"2,15.99999","China Global Television Network, or CGTN, is China’s new international media organization. It was launched by China Central Television (CCTV) on Dec.31, 2016."
journalist,12:41 PM - 20 Feb 2009,CllrAntrobus,,1643,1022,"Salford, UK","53.48774,-2.2891899","Salford Labour/Co-op, Views my own."
journalist,2:10 PM - 19 May 2009,josephjett,http://www.jettcapital.net/,108871,17890,"New York, NY","40.73059,-73.9865799","Father, CEO, Author, Speaker, Harvard MBA, MIT MS BS http://www.joseph-jett.com  Private Equity, Intl. Corporate Finance, Expert Witness, Reputation Management"
journalist,2:14 PM - 10 Oct 2010,BethanJV,http://www.bristolpost.co.uk,568,461,Bristol,"51.45349,-2.5973899","Digital producer for Bristol Post. Film, fashion, baking and animal lover. Views are my own. Contact bethan.evans@localworld.co.uk"
disaster/accident,10:21 PM - 25 Mar 2009,prbarber1,http://www.peterrbarber.com,807,240,Schenectady. New York,"42.80954,-74.0216699","Where there is smoke or crime scene tape, that's where I can be found chasing down breaking news 24/7 for @dgazette. Sleep when you're dead, right?"
journalist,10:27 AM - 7 May 2011,christinakgross,https://www.christinakgross.com,1348,1162,"Sequim, WA","48.08493,-123.1096699","Author of romantic suspense thriller BEND IN THE OCEAN, writer, explorer, photographer, graphic designer, pilot, experimental artist who created Artography"
journalist,7:41 PM - 16 Aug 2010,RIAZtheboss,http://v4umedia.in,62090,1441,india,"22.35111,78.66774",chief editor at http://www.v4umedia.in  PR & CELEBRITY MANAGEMENT.event manager@south india
news,4:00 PM - 4 Mar 2010,MStaes,,1181,1633,NOLA/San Antonio,,Mom. Marine. AKA. Loyno Alum. @WWLTV Digital Content Producer/Fill-in AP. Owner of @WeDoCute. News Maker. Award winner. Opinions are my own.
journalist,2:35 AM - 24 Jun 2013,KimTongHyung,http://bigstory.ap.org/journalist/kim-tong-hyung,1153,909,"Seoul, South Korea","37.56667,126.97829",Seoul-based reporter for the Associated Press
news,3:03 AM - 27 Nov 2014,Bakersfield_Nws,http://www.newslocker.com/en-us/region/bakersfield/,553,566,,,Find your latest news about Bakersfield with just one click. Don't miss out on anything happening in your region!
news,9:56 PM - 8 Jul 2014,DainikPost,http://www.dainikpost.com,1495,249,Nepal,"28.10821,84.09175","Dainik Post: Latest Nepal news, sport, what's on and business. Digital Newspaper Of Nepal"
journalist,8:42 AM - 30 Nov 2011,Patrick_E_Scott,http://patrickescott.com,972,907,"London, England","51.50732,-0.1276399","Data journalist @Telegraph_Data. Formerly Trinity Mirror Data Unit, @CityJournalism."
journalist,12:18 PM - 11 Sep 2015,WFG_Laura,http://www.guardian-series.co.uk/,255,505,"London, England","51.50732,-0.1276399",Reporter for Waltham Forest Guardian. Phone 07824 530130 laura.ocallaghan@london.newsquest.co.uk
journalist,10:30 AM - 6 Apr 2011,katerinakit,http://unicef.org,4177,1255,Greece,"39.00004,21.99995",Communications Specialist at @UNICEF Views are my own. RTs are not endorsements
journalist,3:45 AM - 14 Jul 2009,RMcGreevy1301,http://www.irishtimes.com,6285,6238,Dublin,"53.34976,-6.2602699","Irish Times journalist/videographer Author, Wherever the Firing Line Extends (paperback May 2017). Editor: Was it for This? Reflections on the Easter Rising."
journalist,12:54 AM - 27 May 2009,SayedModarresi,https://www.amazon.com/Sayed-Mahdi-Modarresi/e/B00WDLH1V0,24884,392,,,"Muslim Theologian, Interfaith Advocate, Author, ""What Christians Don't Know About Christ"". Founder, @AhlulbaytTV"
news,9:13 AM - 9 Mar 2009,Dorsetecho,http://dorsetecho.co.uk,50016,1233,"Weymouth, England","50.61911,-2.4562399",Daily newspaper serving Dorset
journalist,11:50 AM - 4 Jan 2009,drewbuchanan,http://pulsegulfcoast.com,775,1990,Gulf Coast,"26.30113,-81.7977399",Pensacolian. Publisher of @pulsegulfcoast
news,2:29 AM - 11 Oct 2016,en_southlive,http://en.southlive.in,66,22,"Cochin, India","9.96338,76.25366",Your News Interactive!
news,12:39 AM - 12 Apr 2011,NRLmobile,http://nrlmobile.co,896,754,Australia,"-24.7760999,134.755",NRL news for smartphones! All links in our tweets are smartphone friendly. Web: http://nrlmobile.co  Facebook: http://facebook.com/weloverugbyleague …
govt,3:06 AM - 28 Mar 2015,AtholT,http://www.nelsonmandelabay.gov.za/,14866,486,Nelson Mandela Bay,"-33.9891749,25.672915","Executive Mayor of Nelson Mandela Bay (PE, Uitenhage, Despatch). I believe in South Africa. Municipal customer hotline: 0800 20 50 50"
journalist,9:05 AM - 11 Mar 2014,SynesisAn,,102,88,Greece,"39.00004,21.99995","Archivist, librarian, writer."
fire/emt,8:42 AM - 13 Jun 2014,roysmithpolice,http://www.met.police.uk,8295,1088,Metropolitan Police Service,"51.48395,0.14755",Superintendent at Territorial Policing HQ with @metpoliceuk views & opinions are personal. Don't report crime here pls call 101 or 999 if it's an emergency
journalist,3:45 AM - 26 May 2011,Jules_Carey,http://www.bindmans.com/,3902,507,"London, UK","51.50732,-0.1276399",Human Rights Lawyer at Bindmans LLP and Trustee at Synergy Theatre Project. Disclaimer: views expressed are my own and not those of Bindmans LLP.
journalist,10:42 PM - 15 Nov 2010,JayedLeigh,https://www.facebook.com/SABCNewsEasternCape?ref=hl,785,263,South Africa,"-28.8166199,24.99163",SABC Radio and TV Reporter. Award Winning Broadcast Journalist. Walking talking mannequin. Born in the Western Cape. Adopted by the Eastern Cape.
journalist,1:40 AM - 16 Nov 2009,beneltham,https://newmatilda.com/author/ben-eltham/,22182,4813,Melbourne,"-37.8142099,144.96316","National Affairs Correspondent, New Matilda; arts journalist, Crikey; Lecturer, Monash University."
journalist,9:52 PM - 16 Jan 2015,madzdominguez,,100,81,Metro Manila,"14.57361,121.03297",Journalist. Manila Bulletin.
journalist,6:36 AM - 15 Apr 2014,namuwayajalia,,297,337,"Kampala, Uganda","0.31771,32.58135","Journalist ,news reporter with Urban TV"
news,6:32 AM - 23 Jan 2015,CapitalSCNews,http://www.capitalfm.com/southcoast/,1409,2304,,,We are the news team for Capital South Coast. Tweet us your stories.
news,6:31 AM - 30 Jul 2008,ussportsradio,http://www.ussportsentertainment.com,1454,2668,Washington D.C.,"38.89495,-77.0366399","The Radio Home Of Champions. The play-by-play home of DeMatha High School Football/Hoops, D.C. Divas Football, Bowie State Football/Hoops and more."
police/traffic,1:19 PM - 15 Dec 2008,VicTraffic,http://www.vicroads.vic.gov.au,89253,168,"Victoria, Australia","-36.5985999,144.678",Traffic alerts 24/7. Online 7am-6:30pm business days. Report road hazards on ph: 131170. Reg + Licensing ph: 131171 or web: http://bit.ly/VRfeedback
news,2:24 AM - 21 Oct 2013,HeartFMNews,http://www.1049.fm/on-air/news-team/,1665,564,"Cape Town, South Africa","-33.9288999,18.41724","Award-winning radio news team for @Heart1049FM in Cape Town, SA | news@heartfm.co.za | 021 406 8989"
journalist,3:13 PM - 30 Sep 2010,NathRNath,,1078,2782,"Jarrow, Tyne & Wear, Newcastle","54.9819,-1.4811899","EUROPEAN & BRITISH. Long Term Veggie - Short Term Thinker. Worry Less, Smile More. I can sleep when I'm dead - These Views are My Own."
journalist,6:21 AM - 24 May 2012,AlexStearnCom,http://www.amazon.com/Alex-Stearn/e/B00OHHJW0Q,24518,17551,,,#Author Best Sellers | Make #SocialMedia & Make Twitter Work for your Business | Love to inspire & support #entrepreneurs & #startups to build their business ツ
news,6:24 AM - 14 May 2012,NewJerseywatch,,1526,1560,"San Francisco, CA","37.77928,-122.4192299",Your best source of New Jersey News on Twitter
journalist,2:00 PM - 19 Jan 2010,AngelicaLeilani,https://www.facebook.com/Angelica.Lei.Lani.News/,615,737,"California, USA","36.70146,-118.7559899",Reporter @KSEE24 & @CBS47 | @SagAftra |RTsEndorsements | Opinions=Mine | #WestCoast @Fresno_State Alum | #Broadcast | #News | IG: angelica_leilani_news
wx,8:36 AM - 4 Jun 2014,lizWAAY31,http://www.waaytv.com,1015,89,"Huntsville, Alabama","34.746775,-86.7086188994222","Morning & Midday Meteorologist at WAAY 31,"
journalist,6:06 PM - 19 Apr 2013,BreakinNewz01,http://www.facebook.com/breakinnewz00,974,1065,Pennsylvania,"40.96998,-77.7278799",Top News & More !! #ScannerRadio. Moderator Freelance journalist #Constitution_Party #PA_Militia
news,1:33 AM - 12 Feb 2009,essexlive,http://www.essexlive.news,40258,118,"Chelmsford, Essex","51.73454,0.47238","News, sport and entertainment from across Essex. Also on Facebook https://www.facebook.com/essexlivenews/"
news,3:01 AM - 25 May 2009,tech2eets,http://tech.firstpost.com,58338,371,"Mumbai, India","18.95238,72.83271","India's biggest technology website. Follow us for the latest news, reviews and other fun tech stuff. Join us on Facebook: http://fb.com/tech2dotcom"
journalist,10:09 AM - 30 May 2013,MiranRahmanKN,http://www.keighleynews.co.uk,422,281,Keighley and the Worth Valley,"53.85261,-1.9162689",Reporter for the Keighley News since 2005. Views expressed are my own personal opinions. E-mail miran.rahman@keighleynews.co.uk or call 01535 606611 (option 3)
police/traffic,12:59 PM - 19 Oct 2014,Transport_News_,http://www.newslocker.com/en-us/profession/transport/,1281,1111,,,Find your latest Transport news with just one click. Dont miss out on anything happening in your profession!
news,1:33 PM - 2 Aug 2012,TheNewsGuruNG,http://www.thenewsguru.com,66508,275,"Lagos, Nigeria","6.45505,3.39417","Africa’s number one latest news hub for business, entertainment, tech, lifestyle, health, sports, travel, and others."
journalist,6:01 PM - 5 Nov 2015,PachnandaJyoti,http://www.samaylive.com,159,206,"Jammu, Jammu And Kashmir","32.728055,74.9488425638526",Marxist/Columnist/Journalist/ #Bureau Chief Jammu @SAHARA_NEWS tweets doesn't impose Endorsements |
news,12:18 PM - 14 May 2011,QNAEnglish,http://www.qna.org.qa/en-us,8875,11,Qatar,"25.33369,51.22952",Qatar News Agency
journalist,9:21 PM - 15 Jan 2010,Rnagila,,90859,1470,Africa,"2,15.99999","Views me, myself and I. RT not endorsement. Petrolhead. ""The problem is the political establishment"""
news,2:16 PM - 19 Mar 2009,fox34,http://www.fox34.com,7794,273,"Lubbock, Texas","33.672515,-101.858009347439","FOX34 News in Lubbock, Texas | FOX News | Send news tips to news@fox34.com"
news,1:00 PM - 23 Mar 2014,CapitalMoments,http://www.capital-moments.com/shop,5926,17,info@capital-moments.com,,"Capital Moments provides quality commercial news, aiming to further the personal development and careers of students, graduates and professionals."
news,12:25 PM - 10 Sep 2008,ECR_Newswatch,http://www.ecr.co.za/page/news-sports,154722,398,Durban,"-29.8618199,31.0099",KZN-based news from Durban's No.1 radio station. Please email tipoffs to newswatch@ecr.co.za
journalist,1:32 AM - 5 Jan 2013,LizziePhelan,http://www.rt.com,18460,2408,Syria,"34.64018,39.04941",Life is stranger than fiction. RT International Middle East Correspondent.
journalist,2:22 AM - 30 Mar 2010,RuthMutegi,,14216,805,"Nairobi, Kenya","-1.2832499,36.81724",| Child of GOD | JESUS my Lord | Inspiration | IamTheSermon | FierceFaith | PrincessWarrior | Adventist | Journalist | Business News | @TeamWorshipWed | CSI |
fire/emt,2:52 AM - 22 Aug 2011,emergencyukshow,http://www.emergencyuk.com,6189,6807,"The NEC, Birmingham","52.544965,-1.84071489999999","The Emergency Services Show 2017 Wed 20 -Thu 21 September, Hall 5, NEC http://www.emergencyuk.com  #ESS2017 Trade visitors - over 18s only"
news,9:37 AM - 22 Jul 2013,FJSheep,http://farmersjournal.ie,1075,50,,,News & info about sheep farming. Moderated by members of the livestock team of the Irish Farmers Journal.
journalist,1:04 AM - 30 Mar 2010,gilesmorgan,http://uk.linkedin.com/in/gilesbmorgan,4243,5000,London,"51.50732,-0.1276399",Global Digital Leader | Global TAS at EY 'Misfit & Innovator' M&A #Investor #Entrepreneur #Innovation #Innovator #startups #VR #AI #IOT #Tech My views
news,6:22 AM - 6 Mar 2009,leamcourier,http://www.leamingtoncourier.co.uk,11386,379,"Leamington Spa, England","52.29215,-1.5356899",Leamington's newspaper since 1828
news,7:15 PM - 18 Sep 2014,MSNAustralia,http://msn.com.au,569,109,Australia,"-24.7760999,134.755","The best stories from news, sports, money, entertainment & more, hand-picked by editors. #MSNAU"
news,8:07 AM - 10 Jan 2014,mediainfoWorldw,http://media.info,475,1,"London, UK","51.50732,-0.1276399","A worldwide feed of media news, from the media information website. For country-specific versions, come to http://media.info"
news,10:54 AM - 20 May 2011,EpochTimesChina,http://www.theepochtimes.com/n2/s/china-news,9383,268,"New York, NY","40.73059,-73.9865799","Epoch Times on everything #China: Independent & uncensored news & analysis on Chinese #society, #politics, #economics, & #culture"
wx,5:21 AM - 2 Apr 2012,Qatar_Weather,http://www.qweather.gov.qa,210469,2,QATAR,"25.33369,51.22952",Qatar Meteorology Department الحساب الرسمي لإدارة الأرصاد الجوية إحدى إدارات الهيئة العامة للطيران المدني
journalist,9:19 PM - 2 Sep 2009,WilkersonCBS46,http://www.cbs46.com/story/25019494/daniel-wilkerson,1282,648,"Atlanta, GA","33.74909,-84.3901799",Reporter @wilkersoncbs46; University of Memphis alumnus; son & cousin; Gayle & Oprah obsessed; posts are thoughts of my own
news,5:17 PM - 18 Nov 2009,WCCBNewsRising,http://www.wccbcharlotte.com/rising,8458,642,"Charlotte, NC USA","35.22708,-80.8431199","Watch WCCB News Rising on WCCB Charlotte, Monday-Friday, 4:30am - 9am"
news,3:39 AM - 26 Jan 2009,radiosweden,http://radiosweden.org,15711,950,"Stockholm, Sweden","59.32511,18.07109","Radio Sweden is the English language service of Sveriges Radio, Sweden's public service radio broadcaster. On the air since 1939!"
news,7:26 AM - 18 Feb 2012,dlclark12news,,1035,1287,,,News photojournalist for KPNX NBC ch. 12
news,3:05 AM - 17 Jun 2009,Somerset__Live,http://www.somersetlive.co.uk,2645,659,"Yeovil, England","50.94204,-2.6317799","Breaking news in Somerset all day, every day"
journalist,12:44 PM - 11 Jun 2011,MushRajpar,,7394,1239,Karachi,"24.86677,67.03112","Believe in progressive ideals, visiting faculty at SZABIST, unemployed journalist. tweets r personal"
journalist,5:42 AM - 12 Jun 2011,LahavHarkov,http://www.LahavHarkov.com,24198,1689,Jerusalem\Tel Aviv,"32.08048,34.78052","Senior Knesset Reporter for The Jerusalem Post. Proud Zionist. Wears pink on Wednesdays. Opinions are mine, but sharing is caring. RTs are just RTs."
journalist,11:46 PM - 12 Mar 2010,rongagalac,http://abs-cbnnews.com,12594,357,ABS-CBN News & Current Affairs,"7.05205,125.58795",Filipino Journalist
wx,3:22 PM - 21 Dec 2010,BigweatherABC11,http://abc11.com/,8343,136,"Raleigh/Durham, NC","35.98785,-78.6859599",I talk about life and weather. I wish I could control either one of them... Mark 9:24
wx,11:18 PM - 16 Jun 2011,SimpleWeatherNC,http://www.simpleweatheralert.com,323,221,North Carolina,"35.67296,-79.0392899",Provide a valuable service. Get more page views. Attract Twitter followers. Add weather alerts to your social media. See our home page for our risk-free offer.
fire/emt,4:11 AM - 6 Mar 2017,MPSBrownswood,https://beta.met.police.uk/your-area/hackney/brownswood/,107,43,"Hackney, London","51.54324,-0.0493599","Local policing team for #Brownswood in @MPSHackney Don't report crime here. If non-emergency call 101,tweet @MetCC or visit our website.In an emergency call 999"
news,8:33 PM - 5 Oct 2011,CasualMind_,https://www.facebook.com/Casual.Mind,81350,1834,,,"We do not claim any of the content we post. All content & pictures is strictly for news, reporting & creating awareness."
journalist,9:48 PM - 10 Jun 2011,BarnsGreg,,8673,495,Hobart Tasmania Australia,"-42.8824999,147.32812",Barrister and writer. Adviser to Julian Assange and Wikileaks. Columnist with Hobart Mercury.
journalist,2:42 PM - 31 Mar 2009,Sipho_Stuurman,https://m.facebook.com/siphosethu.stuurman.56?refid=7,1838,885,Johannesburg,"-26.2049999,28.04972","SABC TV News journalist, 2x Discovery journalism awards winner, 2013 IWMF fellow, Test cricket & WWE Fan. email: sipho.stuurman@gmail.com"
journalist,11:55 PM - 5 Feb 2015,ChrisMabuya,,1076,497,Cape Town,"-33.9288999,18.41724",SABC Radio News Reporter
news,9:30 PM - 16 Apr 2012,Birminghamwatch,,2316,3500,,,We deliver the latest Birmingham news everyday
news,12:38 AM - 4 Apr 2015,HashAjman,http://edufive.com/services,754,726,Ajman,"25.50912,55.361906785601",Finding latest news about #Ajman & RT them.What's happening in the #UAE #Emirate of #Ajman ? Part of the #NetworK (@hashNetworK) & Managed by @edufive.com team
news,11:52 PM - 27 Sep 2010,JerseyCityDaily,,9081,2203,"Jersey City, NJ","40.72815,-74.0776399","Breaking news about Jersey City, NJ, curated by @quiboatnews."
news,11:33 PM - 6 Jul 2008,WAtoday,http://www.watoday.com.au,91596,596,Perth,"-31.9527099,115.86047",WA's best online news provider
disaster/accident,7:27 AM - 17 Apr 2012,dcal1872,,639,1402,Glasgow GB,,Their only crime was loyalty...
wx,10:12 AM - 18 Jul 2011,bbcpointswest,http://bbc.co.uk/pointswest,65372,324,West Country,"39.384705,-9.2508219","The latest news, sport and weather for the west country from the BBC Points West team"
news,8:35 AM - 2 Jan 2012,Christian24x7,,8672,9472,,,News and facts from around the world in Christianity
news,11:33 PM - 28 Mar 2007,hbmacale,http://ph.linkedin.com/in/bryantmacale,2600,2580,Philippines,"12.75034,122.73121","Padawan, The World Tonight, ABS-CBN News Channel. Formerly with the Philippine Press Institute and Center for Media Freedom & Responsibility."
news,1:59 AM - 21 Jun 2012,iCongoRepublic,,307,508,,,"Breaking news about Republic of the Congo, curated by @quiboatnews."
journalist,7:54 AM - 12 Mar 2012,sego_says,,327,582,Soweto.The World,"-1.3155299,36.80181",Learning || Reporter : @IOLTravel || Le Pantsula la life|| obvious that tweets are my own views.
journalist,12:38 PM - 16 Feb 2009,missourigirl62,,2801,5001,Surfside Fl,"25.87842,-80.1255999",contributor at http://t.co/yLyfHt6r/writer//DSvet/writer at https://t.co/uot17WfD18 podcast
disaster/accident,6:11 AM - 14 Jan 2013,CI,http://www.crimeandinvestigation.co.uk,22994,5498,Sky 553 | Virgin 275 | BT 328,,"We bring you #CrimeTV shows, live crime news, podcasts and historic events. The home of #TheJail | Britain's Darkest #Taboos | #HomicideHunter | #ColdCaseFiles"
news,10:03 AM - 2 Jun 2012,ItalianDailyNew,,3044,3566,,,Your source for the latest news on Italian Daily News
journalist,1:52 AM - 31 Mar 2011,Snduhukire,https://www.youtube.com/channel/UCfPxDMbyeJeOUEX8-FZmrZA,64446,1454,"Kazo, Kiruhura","-0.0528199,30.7562","Reporter | News Anchor @ntvuganda Fri-Sun 9PM | First, Is it the truth? | Ugandan - Born and Bred | Egalitarian | Rotarian | @WaterKaramoja"
wx,1:27 AM - 27 Jun 2009,brianslocumwxii,http://www.wxii12.com,2752,392,"High Point, NC","35.95569,-80.0053099","WXII Meteorologist, Winston-Salem, NC"
journalist,11:56 AM - 19 Jan 2012,10NewsSantos,http://www.10News.com,3832,916,San Diego,"32.71742,-117.1627699","Anchor for ABC @10News This Morning Weekends 5-7am and 8-9am. Also, follow me on http://www.facebook.com/robertsantos10news …"
news,10:15 AM - 3 Mar 2009,Tribune242,http://www.tribune242.com,11111,66,"Nassau, Bahamas","25.07834,-77.3383299",The Bahamas' leading daily newspaper
news,4:38 AM - 10 Jan 2007,bbceducation,http://www.bbc.co.uk/news/education,262633,1,"London, UK","51.50732,-0.1276399",An automated account of BBC family and education news
journalist,6:47 AM - 9 Apr 2009,melbournecoal,,10164,1351,"New York, NY","40.73059,-73.9865799",media reporter for the new york times. sydney.ember@nytimes.com
fire/emt,12:10 PM - 7 Aug 2012,SeattlePDJ3,http://spdblotter.seattle.gov,651,2,"Seattle, WA","47.60383,-122.3300599","News/events from Seattle Police. This site is not monitored. Call 911 for emergencies. Comments, list of followers subject to public disclosure (RCW 42.56)."
journalist,8:13 AM - 12 Jun 2010,eliseviebeck,https://www.washingtonpost.com/,11037,2656,"Washington, DC","38.89495,-77.0366399","National reporter with The Washington Post. Ecstatic pessimist, ex-Californian, indoorswoman. RTs ≠ endorsements."
journalist,1:34 PM - 13 Jun 2013,jaimolel,,345,302,,,Journalist at Gambia Radio And Television Services - GRTS
wx,3:06 PM - 2 Nov 2007,WAAYTV,http://www.waaytv.com,66242,549,"Huntsville, AL","34.746775,-86.7086188994222","Huntsville news, weather, sports, and community events. Got a news tip? Send it to newsroom@waaytv.com."
journalist,7:24 PM - 13 Mar 2009,JoshSmithWJHL,http://www.facebook.com/home.php#/pages/Josh-Smith/92017555725,9480,2965,Tri-Cities TN / VA,,"Husband, Father, Appalachian Proud. Honored to work as a News anchor & reporter for WJHL-TV News Channel 11 (CBS) & ABC Tri-Cities"
news,9:08 AM - 30 Aug 2014,ArkansasSkies,,143,175,Arkansas USA,"35.20488,-92.4479099",#Astronomy and #Space news for The Natural State of Arkansas.
fire/emt,6:00 AM - 1 Sep 2013,VictorFiredept,,492,13,"Victor,NY","42.98256,-77.4088699",Official twitter page for the Victor Fire Department.
news,5:41 PM - 20 Aug 2010,mypgnow,http://www.myprincegeorgenow.com,3488,609,"Prince George, BC","53.91725,-122.7461299",News and sports from the @Country97fm & @943theGOAT newsroom.
