journalist,7:05 PM - 11 Sep 2009,ellybradfield,,1701,1214,"Toowoomba, Queensland","-27.5610099,151.95335",Living the dream as Lead Reporter for @abcnews at @abcsouthqld. Tweeting puppy pictures & news from Toowoomba & surrounds. Snapping @agirlnamedelly
news,5:09 PM - 26 Dec 2012,NewsThisSecond,http://newsthissecond.com,18518,0,Wherever the story takes us,,The world isn't nine to five and neither are we. We tweet #Breaking news and developing stories.
news,11:07 AM - 15 May 2009,TheDailyPilot,http://www.dailypilot.com/,23691,212,"Newport-Mesa, Calif.","33.63735,-117.9216599","News from coastal Orange County: Huntington Beach, Newport Beach-Costa Mesa, Laguna Beach, Fountain Valley. Instagram: http://instagram.com/thedailypilot"
journalist,2:37 PM - 27 Jan 2014,KNWACurt,http://www.knwa.com,778,495,"Fayetteville, AR","36.06258,-94.1574299",Digital Journalist for @KNWANews | Manages Inside Politics Blog: http://bit.ly/2rdco5z  | #arpx #arleg #Team20 Links and RTs aren’t endorsements.
journalist,9:56 AM - 18 Jan 2012,shellmon3,,4126,3843,"Aberdeenshire, Scotland","57.16666,-2.6666599","http://N.Irish  but call myself a Scot! Taurus! All views and opinions are my own (SNP,voted YES, ) Sea Shepherd volunteer"
journalist,9:17 PM - 18 Sep 2008,PMbeers,http://www.ustream.tv/channel/PMbeers,20268,16851,Los Angeles,"34.05439,-118.2439399","Live Streamer: Los Angeles Artist, Mom Writer & Social Media Manager at http://TheAntiMedia.org  http://www.youtube.com/user/PMbeers  http://www.ustream.tv/channel/PMbeers"
news,2:49 PM - 7 Oct 2010,KOWBRadio,http://www.kowb1290.com/,711,545,"Laramie, WY","41.31136,-105.5910999","News, Sports, Talk. Period."
journalist,8:49 PM - 27 Jul 2013,joegehret,http://joegehret.wordpress.com,147,162,"Indianapolis, IN","39.76833,-86.1583499",Catholic. Husband. Father. Holds unprogressive views on sex and morality. Apparatchik for the People's Front of Pro-Natal Zealots. Religious but not spiritual.
news,8:51 AM - 18 Feb 2009,metroottawa,http://www.metronews.ca,50376,1869,"Ottawa, Ontario","45.42103,-75.6900199",Download our news app for iOS: http://apple.co/2gzvN7u  & Android: http://bit.ly/2gzvObP
news,2:04 PM - 12 Nov 2008,Hawaii247,http://www.hawaii247.com,5602,184,"iPhone: 19.554082,-154.976626",,Providing news from Hawaii 24/7
news,11:24 AM - 14 Oct 2014,Israelolizer,http://israel.trendolizer.com,2628,977,Israel,"30.87602,35.00151",The most trending news about Israel as collected by Trendolizer
news,8:24 AM - 11 Nov 2016,FirstNews17,,3773,4169,,,First News is a twitter born by the need to give people an informative tool ... I hope you like it.
journalist,12:08 PM - 11 May 2009,NDN_EStaats,http://www.naplesnews.com/staff/eric_staats/,1960,1216,"Naples, Fla.",,Environment reporter. Path seeker.
news,5:19 PM - 27 Jun 2012,Jewelryshows,,1966,2274,"USA, Oklahoma","34.95508,-97.2683999",Your best source of Jewelry News on Twitter
journalist,1:58 AM - 1 May 2013,GFTrib_Seaborn,http://greatfallstribune.com,665,1307,"Great Falls, MT","47.50488,-111.2918899",Cops and courts reporter for the @GFTribune. Formerly @DailyInterLake. @UMJSchool Alum. Go Griz (mugshot by @dry_martino) slarson@greatfallstribune.com
journalist,4:54 PM - 1 Apr 2012,AmyCutlerNews,,1790,471,"Raleigh, NC","35.78039,-78.6390899","Journalist @WNCN. News junkie, runner, New Yorker. alum @Wesleyan. Links/RTs aren't endorsements, opinions are my own. acutler@wncn.com"
wx,7:14 PM - 26 Oct 2008,SPECNewsROC,http://www.twcnews.com/spectrumnews,60919,418,"Rochester, NY","43.15728,-77.6152099","Spectrum News offers the best 24-hour local news coverage in Rochester plus weather, sports and your favorite features."
news,10:43 AM - 16 Jan 2017,DailyGlobeSpin,http://www.dailyglobespin.com,1438,4988,,,Bringing Real VIDEO News/Information from around the Globe
news,8:10 AM - 14 Jun 2014,fredwalton216,http://fredw-catharsisours.blogspot.com/http://,992,880,Pennsylvania,"40.96998,-77.7278799","Lawyer , blogger , sports fan-and yes a Red Sox fan for years , world observer , news junkie supreme ! Let's talks about what matters , exchange views- learn !"
news,9:13 PM - 14 Jul 2016,aktics,,552,1093,"US made, New Zealand based",,Peoples Republic of California refugee | American Kiwi | MTV news & Teen Vogue aficionado | #ILoveAllPeople |
news,9:08 AM - 21 Aug 2013,EzidiPress,http://www.ezidi.press,21370,879,international,"40.26891,72.66294",Independent Ezidi news portal
journalist,6:30 PM - 24 Dec 2010,OurJournalism,http://facebook.com/OurJournalism/,879,22,"Surabaya, Indonesia","-7.2459699,112.73782",journalism | broadcasting | newspaper | radio | televison | internet | media | publication | journalist
fire/emt,9:59 AM - 12 Aug 2009,YumaFireDept,http://www.YumaAZ.gov/fire/,10860,61,"City of Yuma, Arizona",,"Come see us at: http://www.yumaaz.gov/1364.htm  . All posts are subject to public disclosure laws. AND please remember, in an EMERGENCY call 911."
news,7:58 PM - 10 Sep 2008,theledger,http://www.theledger.com,9235,438,"Lakeland, FL","28.03946,-81.9497999",The Ledger family of publications is your indispensable source of news and information about Central Florida's Polk County. Mobile: http://m.theledger.com
news,8:07 AM - 23 Aug 2010,EssexPatch,http://Patch.com/Essex,934,783,"Essex and Middle River, MD",,Essex-Middle River Patch is your source for local news.
wx,9:06 PM - 1 Jul 2013,vicwx,http://www.vicwx.com/,1296,1241,"Melbourne, Australia","-37.8142099,144.96316","All things Victorian Weather. Analysis, forecasts and Severe WX outlooks. BoM Storm Spotter."
journalist,7:12 AM - 20 Jun 2013,JohnPierreMaeli,http://thepoliticalinformer.com,2295,1275,"Washington, DC","38.89495,-77.0366399",Founder @thepolinformer. Managing Editor @refinedright (DM for pitches). Freelancer | #FreedomForAll | #NeverTrump | RW fashion icon
news,11:39 AM - 30 Aug 2012,TPNN_ThePoint,http://www.westernjournalism.com/thepoint/,20780,4228,From Sea to Shining Sea,,The Point is your source for the REAL News that you can trust!
news,5:57 PM - 10 Feb 2013,MrNewsMan_,http://goo.gl/BuXv0q,29505,21774,,,"I love all kinds of news ... politics, sports, entertainment. You name it! Like sharing what I find."
fire/emt,10:58 AM - 8 Apr 2009,srvfpd,http://www.firedepartment.org,2376,0,"San Ramon, CA","37.77992,-121.9780099",Real-time (live) updates of fire department emergency responses in the San Ramon Valley (Northern California)
journalist,5:41 AM - 15 Jan 2011,HerrBains,,20468,203,India,"22.35111,78.66774","HR-Professional, Psychologist & German Expert, likes western classical music and reading books on Philosophy & Literature. Views are MY own."
wx,10:00 PM - 16 Jun 2011,SimpleWeatherDE,http://www.simpleweatheralert.com,29,12,Delaware,"38.69204,-75.4013299",Get more page views. Attract Twitter followers. Provide a valuable service. Add real-time weather alerts to your social media. See our home page for details.
journalist,1:42 PM - 28 Jun 2009,aaronstein1,http://turkeywonk.wordpress.com,22294,1042,DC - Istanbul - Bursa,,"Senior Resident Fellow @ACmideast; Author, Turkey's New Foreign Policy: http://amzn.to/1ENojEv ."
police/traffic,2:28 PM - 14 Apr 2008,MarySchiavo,http://www.maryschiavo.com,5481,821,"New York, NY","40.73059,-73.9865799","Transportation attorney. @cnn analyst. Former U.S. DOT Inspector General, federal organized crime prosecutor, pilot. NY Times Bestselling Author."
news,10:03 AM - 9 Jul 2010,FiveTownsPatch,http://fivetowns.patch.com,723,462,"Five Towns, NY","40.79472,-73.3694399",Five Towns Patch is your source for local news.
news,3:20 PM - 27 May 2015,The74,http://www.the74million.org,35772,234,"New York, NY","40.73059,-73.9865799","The 74 is a non-profit, non-partisan news site covering education in America."
news,12:33 PM - 14 Feb 2008,jodinechase,http://www.jodinesworld.blogspot.com,1766,2101,"Edmonton, Alberta","53.53436,-113.5064999","News Analyst, mother, wife, dog owner. Wants: good food, wine and conversation. Needs: coffee."
journalist,12:29 PM - 22 May 2009,mbrauchli,,2504,1113,"Washington, D.C.","36.29885,-82.3591834","Skeptic, enthusiast, journalist, investor, traveler, father. Former editor of Washington Post, Wall Street Journal, past HK, Shanghai, Tokyo, Colorado, NY."
journalist,1:55 PM - 18 Dec 2008,JProskowGlobal,http://globalnews.ca/author/jackson-proskow/,30649,1150,"Washington, DC","38.89495,-77.0366399","Washington Bureau Chief for @GlobalNews & @GlobalNational | Traveler, food lover, cat person. Views mine."
journalist,11:00 AM - 13 Feb 2008,tobiasbuckell,http://www.tobiasbuckell.com,9717,541,Somewhere in Ohio,"40.22535,-82.6881299",Caribbean born SF/F author. Writer of adventure. Check out my Patreon to get great fiction in your inbox each month: https://www.patreon.com/tobiasbuckell
news,2:09 PM - 4 Jan 2008,NBCPolitics,http://www.NBCPolitics.com,379866,138,,,"Political news from http://NBCPolitics.com , powered by @NBCNews, @NBCFirstRead, and @MeetthePress. RTs are not endorsements."
journalist,11:50 AM - 19 Mar 2012,writerjvp,http://www.johnvprath.com/,39555,36207,Texas,"31.81603,-99.5120899","Long time writer. Tweeting about books, publishing, a little tech, and promoting fellow Indie authors."
journalist,3:15 AM - 17 Nov 2013,dnbrgr,https://www.uwb.edu/ias/faculty-and-staff/danberger,2302,1654,,,Newly minted Associate Professor. Race | prisons | social movements. Author: Captive Nation (UNC press) & more. Blogger @BlkPerspectives @AAIHS
journalist,8:37 PM - 11 May 2012,chrisclarkenews,http://www.couriermail.com.au,671,440,"Brisbane, Queensland","-27.4689599,153.02349",Crime reporter @couriermail | chris.clarke@news.com.au | (07) 3666 6232 | Wickr/WhatsApp: clarkecm
disaster/accident,5:38 AM - 22 Dec 2014,CopCrime,,3330,372,,,Crime within law enforcement and the judiciary.
journalist,3:57 AM - 2 Apr 2008,BillyHallowell,http://www.billyhallowell.com,109816,51071,"New York City, New York","40.73059,-73.9865799","Christian, husband, dad, journalist, senior editor @FaithwireNews, Author. ORDER my new book ""Fault Line"": http://HallowellFaultLineBook.com"
journalist,1:01 PM - 26 Feb 2013,trentoniandavid,,1103,374,,,Reporter at @Trentonian. I cover Trenton and Gov. Chris Christie. Feel free to shoot me a tip at dfoster@trentonian.com or call 609-349-7437
news,11:22 AM - 30 Oct 2008,dnj_com,http://www.dnj.com,10620,283,"Murfreesboro, TN","35.84599,-86.3920399","Covering Rutherford County's local news, people and events."
disaster/accident,5:20 AM - 30 Jan 2017,MassCrimes,,1627,1558,The Land of Thistles & Whisky,,"26 | Horror Fanatic | True Crime Addict | Freaky Fact Lover | Music Junkie | .If you have sympathy for killers, take it elsewhere. DMs always open"
journalist,3:06 PM - 12 Aug 2013,TheTinaVasquez,https://rewire.news/author/tina-vasquez/,7415,1173,North Carolina,"35.67296,-79.0392899","Immigration Reporter, @rewire_news. Tips? vasquez.tina@rewire.news"
journalist,11:48 AM - 28 Jun 2010,DarrenBotelho,http://wlos.com,1289,191,"Asheville, NC","35.60094,-82.5540099",WLOS general assignment reporter for WNC and Upstate SC. @UofMaryland alum. Email darrenbotelho@wlos.com w/ comments/story ideas. RT ≠ endorsement.
journalist,11:45 AM - 14 Oct 2011,KarenGreenberg3,http://centeronnationalsecurity.org,1192,123,New York City,"40.73059,-73.9865799","Director of the Center on National Security at Fordham Law. Author of Rogue Justice: The Making of the Security State (May, 2016)."
journalist,6:13 AM - 1 Oct 2011,NewsDSpencerFox,,1124,471,,,Reporting the news and telling meaningful stories of the people in The D and the metro area. RTs are not an endorsement. The views expressed are my own.
news,7:29 AM - 30 Mar 2009,ottawasuncom,http://www.ottawasun.com,79838,920,"Ottawa, Canada","45.42103,-75.6900199","News, Sports, Entertainment, Comment from Canada's Capital. Words, photos, video, blogs, chats, forums & more"
fire/emt,3:40 PM - 25 Jun 2014,RonDeLord,http://www.rondelord.com,1154,2957,"Georgetown, Texas","30.614805,-97.675906016573","Police & fire labor relations consultant and attorney at law specializing in assisting unions, associations and lodges in sustaining their wages and benefits."
news,6:14 AM - 2 Oct 2015,_oftoday_,http://www.of.today,1363,22,The Netherlands,"52.237985,5.53460236308316",whatever you can think of today | news of today | Telling the untold | pic of today | joke of today | tweet of today | pray of today
journalist,7:28 PM - 19 Mar 2012,DavidSpuntCBS3,http://www.cbsphilly.com,2383,905,"Philadelphia, PA","39.95239,-75.1635799",Reporter at CBS 3 (KYW-TV) in Philadelphia. Everyone has a story. Email me at Spunt@CBS3.com.
journalist,11:08 AM - 5 Apr 2012,ShannonNewth,http://www.krtv.com/news/shannon-newth-anchor-producer/,1375,1746,Montana,"47.37526,-109.6387499",Storyteller. Adventurer. @Whitworth grad. @KRTV @KXLH Anchor | Producer | Reporter. Sharing life on & off camera. f: Shannon Newth IG: shannonnewth #newthnews
news,10:50 PM - 7 Jan 2017,NLondonNews,,15617,13588,North London,"51.53981,0.08209",North London News
police/traffic,1:35 PM - 16 Jan 2013,MalcolmXdough,,1454,483,,,"Caltrans Director - Providing a safe, sustainable, integrated and efficient transportation system to enhance California's economy and livability."
journalist,1:40 PM - 16 Jan 2013,EvanWhiteIII,http://www.wfsb.com,2114,1606,Connecticut,"41.65002,-72.7342099","Husband, reporter/fill-in anchor @WFSB @emersonalumni @hollistonhigh"
news,9:07 PM - 16 Jul 2011,EJHolland247,http://www.cbssports.com/writers/ej-holland/,10492,812,"Dallas, Texas","32.77627,-96.7968499",Cover Texas recruiting at http://247Sports.com  with CBS Sports. Blogger at The Dallas Morning News. Dallas Cowboys game day assistant.
news,9:31 AM - 29 Sep 2008,Star941FM,http://www.star941fm.com,13330,4639,"San Diego, CA","32.71742,-117.1627699",Star 94.1 is San Diego's radio station for the best variety all day!
disaster/accident,2:25 PM - 8 Jul 2016,DivertimentoNo1,,295,442,,,At the crossroads where Cold War liberalism and neoconservatism meet. A secular humanist who appreciates Niebuhr. A lover of classic cinema & screen goddesses.
news,8:00 PM - 8 Jun 2009,SolarFred,http://www.ImpressLabs.com,15248,2780,"San Francisco, CA","37.77928,-122.4192299","Tor Valenza aka Solar Fred is CMO of Solar at http://ImpressLabs.com . Read http://ow.ly/YZwGl . RTs/via links are news, not endorsements."
news,8:36 PM - 22 Jul 2008,CAPAction,http://www.americanprogressaction.org,48624,7563,,,Hard-hitting news + analysis paired with action on the issues that matter most. Working alongside @AmProg and @ThinkProgress.
fire/emt,7:30 AM - 4 Aug 2008,NFPA,http://www.nfpa.org,56448,3120,,,"The official Twitter profile for the National Fire Protection Association (NFPA). Follow us for the latest news on fire and life safety, code info and research."
police/traffic,6:44 AM - 7 Feb 2012,LafayetteINPD,http://lafayettepolice.us,5061,120,"Lafayette, Indiana","40.4167,-86.8752799",Lafayette Police Department - Established 1824. This account is not monitored 24/7.
news,1:11 PM - 17 Feb 2009,WFAE,http://WFAE.org,14514,693,"Charlotte, NC","35.22708,-80.8431199",Charlotte's NPR News Source http://instagram.com/wfaepublicradio  http://facebook.com/WFAERadio
wx,6:29 AM - 1 Oct 2012,NWSWilmingtonNC,http://weather.gov/ilm,23594,236,"Wilmington, NC","34.22572,-77.9447099","Official Twitter Account for National Weather Service Wilmington, NC. Details: http://weather.gov/twitter"
journalist,5:22 PM - 18 Nov 2009,kathryncargo,,437,469,"Victoria, Texas","28.82971,-96.9725342703704",Business and ag news reporter at @Vicadvocate. Avid explorer and dog/ cat mom.
journalist,4:22 PM - 30 Aug 2011,KHolloway_WREG3,http://wreg.com,2098,1389,"Memphis, TN   ✈️","35.14902,-90.0516199",Anchor/Reporter @3onyourside in Memphis Emmy Nominated. 1st place AP Award. FAMU Alumna. Atlanta Native. ΔΣΘ Story Idea? Kristen.Holloway@wreg.com
police/traffic,12:40 PM - 16 Jul 2010,MistyACallahan,http://www.mistycallahan.com/,2604,1458,Chicago,"41.87555,-87.6244199","Traffic Reporter. Christian, history nerd, news junkie & multiple myeloma activist. Opinions are my own. RT's ≠ endorsements."
news,8:32 AM - 10 Aug 2012,santanukandar,http://twiends.com/santanukandar,473,774,Haldia,"22.02812,88.06326",I have graduated in Electrical Engineering From Haldia. Currently I am associated with Internet Marketing & SEO. https://www.facebook.com/media/set/?set=a.1119863238044229&type=1&l=3f479815ab …
news,4:15 PM - 22 Jul 2011,KTOOpubmedia,http://www.ktoo.org/,2852,192,"Juneau, AK","58.30194,-134.4197299","KTOO News provides Alaska's Capital City with local, state, national and international news and information. #juneau"
journalist,10:11 AM - 16 Oct 2009,MichaelPaluska,https://vimeo.com/michaelpaluska,1150,638,"Tampa, FL","27.94775,-82.4584399",Reporter at ABC Action News. please RT and follow. ;-)
journalist,1:55 PM - 24 Dec 2007,Edpilkington,http://www.theguardian.com/profile/edpilkington,19242,1122,New York,"40.73059,-73.9865799",Chief reporter of the @GuardianUS. ed.pilkington@theguardian.com Public key: https://static.guim.co.uk/ni/1412095866301/Ed-Pilkington-PGP.txt …
journalist,6:11 PM - 28 Jul 2013,1aprildaniels,http://www.aprildaniels.com,5046,2332,"Portland, OR","45.52024,-122.6741899","Author of Dreadnought, a YA superhero from Diversion Books. #girlslikeus Buy now at: https://goo.gl/MZsAs7  Trans dykes are good and pure."
police/traffic,6:19 PM - 5 Apr 2009,LawOfficer,http://www.lawofficer.com,23110,142,Nationwide,"51.387015,0.547614999999999","Police and law enforcement news, blogs, jobs, features, training and more at http://lawofficer.com"
disaster/accident,5:17 PM - 31 Jan 2016,FairPunishment,http://www.fairpunishment.org,1586,110,"Cambridge, MA","42.37509,-71.1056099",Fair Punishment Project is a joint initiative of Harvard Law School's Charles Hamilton Houston Institute and the Criminal Justice Institute.
news,11:41 PM - 26 Jun 2012,PaymentsNewview,,1499,2140,,,All the latest breaking news about Payments .
journalist,6:31 PM - 25 Mar 2008,claudepeck,http://startribune.com/artcetera,1923,760,Minneapolis,"44.97729,-93.2654599","News editor, Star Tribune. Co-writer of Withering Glance."
disaster/accident,1:57 PM - 12 May 2016,Moja_net,http://www.moja.net,15,79,"Virginia, USA","37.12322,-78.4927699",MOJA is an IT and intelligence analysis company based in NOVA that has been providing Information Management solutions since 1995.
journalist,3:38 PM - 17 Feb 2009,Marci_Manley,,3225,1034,"Little Rock, AR","34.74648,-92.2895899",Opinions are my own and do not necessarily represent the views of my employer. RT's do not indicate endorsements. Reporter for KARK-KLRT #Team20 #ARnews
news,2:08 PM - 17 Nov 2009,Mikeggibbs,,4354,5000,"Toronto, ON","43.65292,-79.3848999","Fmr media relations MOHLTC, Public Health Ontario, Epcor Utilities. Pol staffer HoC, QP & TO City Hall. #LGBTQ #HIV #MentalHealth #TwinPeaks #USpoli #Resist"
journalist,9:00 PM - 27 Jan 2010,WHAS11DRose,http://www.whas11.com/about-us/team-bios/derrick-rose/44005007,7856,5714,"Louisville, KY","38.25423,-85.7593999",#Storyteller | @WHAS11 Anchor 5-7am M-F | #iTeam Investigator | Open relationship w/ words/pics | Proverbs 27:17 | Well played GIFs = automatic RT
news,10:38 AM - 27 Feb 2009,KTVQ,http://ktvq.com,5838,471,"Billings, MT","45.78749,-108.4960699","Montana's News Leader -- KTVQ is the CBS News affiliate in Billings, MT."
news,9:39 AM - 20 Mar 2009,anticorruption,http://www.transparency.org,162981,1244,"Berlin, Germany","52.51703,13.38885",We fight #corruption around the world with a movement spanning 100+ countries. Follow us for the latest corruption news. #TimeForJustice
news,3:57 PM - 25 May 2013,rslashnews,http://reddit.com/r/news,1294,360,The Internet,,"Our community-aggregated news stories and accompanying threads, forwarded to your twitter feed."
journalist,7:03 PM - 12 May 2009,WaywardToadSage,http://www.TheOncomingStorm12.Weebly.com,3508,4222,Mount Myoboku,,All followers are official members of The Church Of The Wayward Sage. Be true to who you are!!! Killjoy/Cosplayer/Writer/Baker/Wayward Sage/Randal
news,6:37 PM - 18 Sep 2015,Non_MSM_News,http://twiends.com/non_msm_news,9239,9660,No list or I will block you.,,View info Main Stream Media is not Reporting - Equal Opportunity Offender - Sensitive Material- Trump Supporter
news,3:16 PM - 8 May 2012,HuffPostAlberta,http://www.huffingtonpost.ca/alberta/,10384,890,Alberta,"55,-114.9999899","Alberta's own edition of the Internet Newspaper, @HuffPostCanada."
journalist,9:17 AM - 15 Sep 2011,ChrisOpfer,http://chrisopfer.net,1042,1114,"New York, NY","40.73059,-73.9865799","Reporter, lawyer, bathroom art enthusiast. I write for @BloombergBNA. Opinions mine. RT not endorsement. http://muckrack.com/chris-opfer  Email: copfer@bna.com"
news,12:22 AM - 27 Nov 2014,Colombus_News,http://www.newslocker.com/en-us/region/columbus/,287,391,,,Find your latest news about Columbus with just one click. Don't miss out on anything happening in your region!
fire/emt,7:40 PM - 13 Sep 2008,PortsmouthPD,http://www.portsmouthpd.us,3401,668,"Portsmouth, VA USA","36.868925,-76.3747110630714",The official Twitter source for news and information from the Portsmouth (VA) Police Department. Call 911 for emergencies and 757-393-5300 for non-emergencies.
news,12:46 PM - 17 Jan 2017,cbjuneau,http://www.juneau.org,154,151,"Juneau, AK","58.30194,-134.4197299",News and information from the City & Borough of Juneau. Follow us for all things CBJ!
journalist,3:20 AM - 12 Apr 2009,manjushreethapa,http://www.manjushreethapa.com,75346,840,"54% Nepal, 25% US, 21% Canada",,"Author of fiction & nonfiction, & literary translator. Pieces in NYT, LRB & other print media. My translation of IB Rai's novel is due in October 2017."
journalist,9:13 AM - 1 Apr 2009,Deb_Farris,,4269,640,Wichita,"37.69223,-97.3375399","KAKE News Reporter & Anchor, mommy of two adorable kids, fan of shopping, sports, and reading!"
news,12:49 PM - 12 May 2010,Volcano_NEWS,http://ashcloudnews.blogspot.com/,834,18,Planet Earth,"12.8831,77.75016",Bringing you all the Volcano related news and links you ever wished for !
journalist,9:48 PM - 26 Aug 2015,lrainesktva,http://ktva.com,994,405,"Anchorage, AK","61.21631,-149.8948499","Alaska raised political junkie, trilingual reporter with KTVA. Send me your story ideas, I'd love to hear from you! lraines@ktva.com"
journalist,10:41 AM - 23 Jan 2012,alexisbromero,,1434,110,Manila,"14.59062,120.97996","Reporter, The Philippine Star; Mantra: Be FAIR but be CRITICAL."
disaster/accident,3:04 PM - 29 Aug 2011,LetMicahDown,http://micahakuezue.com,1268,802,"Los Angeles, CA","34.05439,-118.2439399","Tweets about Star Wars, hummus, pizza, etc. | doctoral candidate, political science, UCLA; political theory + race, ethnicity, politics | alumnus, UMich"
journalist,6:48 PM - 13 May 2013,brianb813,http://theledger.com,30152,4826,"Lakeland, FL","28.03946,-81.9497999",Publisher of Ledger Media Group. The Ledger & Winter Haven News Chief. RT's do not reflect my beliefs or opinions. @theledger @newschiefweb
news,8:28 PM - 16 Feb 2012,Womanista,http://www.womanista.com,4547,1010,"Brentwood, TN","36.03256,-86.7825199","Your authority on fabulous and all the beautiful things that make you uniquely you, explored through #popculture, #news and #wellness."
news,7:15 AM - 14 Dec 2012,HotpageNews,http://www.hotpagenews.com,1553,1628,Boston,"42.36048,-71.0595599","Just like http://hotpagenews.com  .Top 100 #BreakingNews , #News Headline with a Slightly Conservative Edge. No Politically Correct News Here."
journalist,5:09 AM - 14 Jan 2012,Nate_Cohn,http://topics.nytimes.com/top/reference/timestopics/people/c/nate_cohn/index.html?action=click&contentCollection=The%20Upshot&module=Byline&region=Header&pgtype=article,132729,996,"Washington, DC","38.89495,-77.0366399","I write for The New York Times at @UpshotNYT. I cover elections, polling, and demographics. Northwest expat."
news,7:50 AM - 10 Mar 2009,tradewindsnews,http://www.tradewindsnews.com,26383,352,International,"40.26891,72.66294",TradeWinds is the world’s largest and most trusted shipping news service. It's shipping news as it happens.
journalist,8:29 AM - 26 Apr 2013,nicmuhando,,6721,5372,nairobi Kenya,"-1.2832499,36.81724","Journalist with @GhettoRadio895 /Fanatic of Red Devil, Kal-El"
journalist,5:48 PM - 3 Sep 2010,ainsleyearhardt,http://ainsleyearhardtbooks.com,229542,409,"New York, NY","40.73059,-73.9865799","Hayden's Mama, Co-Host of @FOXandFriends from 6-9AM ET Mon-Fri on @FoxNews Channel & children's book author of Take Heart, My Child #BetterWithFriends."
news,3:10 PM - 11 May 2010,LakeMartinBuzz,http://tbnn.it/,898,195,Lake Martin AL,"33.49562,-86.2963299","Curating the best media feeds in Lake Martin. Part of the 400-city The Breaking News Network, the largest community news network supporting the social good"
news,1:24 PM - 10 Jul 2014,watsupafrica,http://www.watsupafrica.com,54560,44435,Africa.,"2,15.99999",Africa's Latest News & Entertainment. Follow For Instant News Updates @watsupafrica. FB: http://facebook.com/watsupafrica
disaster/accident,5:06 AM - 24 Jan 2011,DeanCathar,,5053,4643,,,#USA#GameTheory#InternationalRelations#Logic#CyberSec#CriticalThinking#OSINT#Linux#Hawaii#Leadership#ThreatIntel #CounterTerrorism@reportterrorist
disaster/accident,6:45 PM - 25 Mar 2017,PrometheusLaw,http://www.AEesq.com,6,7,Tel: (510) 910-3198,,"Rated a Top 100 Trial Lawyer. Serving CA, NY, MA, DC. Business Law, Criminal Defense, Divorce & Child Custody, Education Law. See @AliEesq and @AEArtLaw"
journalist,12:25 PM - 2 Jul 2010,jamesxtnj,http://www.amnestyusa.org/deathpenalty,685,671,"Los Angeles, CA","34.05439,-118.2439399","Senior campaigner for #deathpenalty abolition @amnestyusa. Views are my own. Fry okra, not people."
news,12:35 PM - 2 Oct 2013,ArvadaPress,http://www.arvadapress.com,931,422,"Arvada, CO","39.80276,-105.0874799","Your source for community news in Arvada, Colorado. A @ColoradoNewsCCM publication."
news,4:12 AM - 25 Dec 2010,GreatAchin,,199,38,,,Who is love Computer. #CyberSecurity #HackedBy #Anonymous News feed. BTC: 1GJpvz86aLSyv4yMu1Sud7jUpfRFqkXeVx
news,9:05 PM - 20 Mar 2009,myRadioIntl,http://www.myradio.international,21104,13808,Worldwide,,"This is Radio International...the sound of the 1960's, 50's & 70's! The last pirate radio station...retro, music, radio ...Beatles, Rolling Stones etc 24/7"
police/traffic,7:58 AM - 21 Mar 2012,johnwtomkinson,http://www.starcatholic.ab.ca,1704,3180,Wetaskiwin Alberta Canada,"52.96842,-113.3668399","Husband, Father of 8, Elected @STARCatholic Wetaskiwin Trustee & Vice Chair, @ACSTAnews Vice President, @CCSTAconnect Director, Air Traffic Controller, #CathEd"
journalist,6:04 AM - 29 Jan 2009,Irelands32,http://michaelhaskins.net,1692,1637,"Key West, Florida","24.56255,-81.7724299","Mystery writer; Mick Murphy Key West Mysteries series and the earlier series, Mick Murphy Mysteries."
news,8:01 PM - 28 May 2008,nycjim,,199565,2048,"iPhone: 40.751663,-73.989670",,"Full-time student of the news, lover of social media & long-time follower of the Grateful Dead. Ex-NYT, Reuters, Mashable. Listen to the thunder shout."
govt,9:17 AM - 5 Sep 2013,Brianepricelaw,http://www.brianepricelaw.com,17,25,"Clarksville, TN","36.52859,-87.3098599","Law Office of Brian E. Price 412 Franklin Street Clarksville, TN 37040 (931) 648-8005 Phone http://www.brianepricelaw.com  brianepricelaw@gmail.com"
journalist,10:43 AM - 14 May 2009,GabbarSanghi,http://about.me/ratnakar_sadasyula,17834,446,"Hyderabad, India","17.36162,78.47473","Savarkarite, Author of City Of Victory, a book on the Vijayanagara Empire http://amazon.in/gp/product/B01 …"
news,1:25 PM - 16 May 2013,BishopIkedi1,http://www.bishopikediblog.com,8229,1227,Nigeria,"9.60003,7.99997","Bishop Ikedi Blog.. For entertainment, lifestyle, celebrity, fashion, event news and more.."
news,8:46 PM - 22 Feb 2010,NewMexicoUpdate,,4192,642,New Mexico,"34.57081,-105.9929999","Breaking news about New Mexico, curated by @quiboatnews."
news,5:05 AM - 1 Jun 2010,bbcwm,http://www.bbc.co.uk/birmingham,54624,2002,"Birmingham, UK","52.47768,-1.8948499","BBC WM is the BBC local radio station covering Birmingham and the Black Country. Broadcasting live on 95.6FM, DAB and online. http://www.facebook.com/bbcwm"
fire/emt,3:30 PM - 7 Feb 2013,KOMCPC,http://komcpc.com/,549,513,"Vancouver, BC","49.26089,-123.1139299","Kerrisdale Oakridge Marpole Community Policing Centre. Here to help! Tweet us your questions, comments or concerns. Call at 604-717-3433. In an Emergency: 911."
journalist,9:19 PM - 16 Apr 2009,JxhnBinder,http://www.breitbart.com/author/john-binder/,4555,827,Club Alien,,Reporter @BreitbartTexas. I am the Sontag of the 90's. JBinder@Breitbart.com
fire/emt,3:24 PM - 11 Mar 2015,BvfdAz,,419,59,,,"The official Twitter page of the Buckeye Valley Fire District, in Buckeye, Arizona."
news,7:42 PM - 11 Aug 2013,_nalon,,535,211,,,beach babe crushing on the edc lyfe subscribe to my yuhtub channel.
news,6:13 AM - 28 May 2015,la_news_update,http://www.ooyuz.com/newsarticles?term=los+angeles,1629,1301,"Los Angeles, CA","34.05439,-118.2439399",Latest News Updates on happenings around city of Los Angeles curated via--ooyuznews
govt,7:53 PM - 18 May 2016,born_on_22_june,,35,82,"Hyderabad, India","17.36162,78.47473",Sports Government and Politics Politicians and Pol Parties NGOs and Social Good
journalist,5:05 AM - 18 Dec 2014,TDasKumar,,4117,281,"Guwahati, Assam","26.18059,91.75394",B.Sc.(Hons);LL.B.; Advocate @GuwahatiHighCourt; Sevika #RSS ; Editor @VSKGuwahati (Assam); Interested in National POLITICS.
news,5:15 AM - 13 Dec 2010,fayazkhyber,,519,446,,,Fayaz ahmad journalist.working with khyber news tv ..Islamabad
news,4:20 AM - 11 Dec 2013,looppng,http://www.looppng.com,3424,382,Papua New Guinea,"-5.6815999,144.2489","Loop is PNG's #1 digital news source for local news, sports, entertainment, lifestyle, business, community & events Get the app - http://goo.gl/w33yUH"
journalist,1:16 AM - 22 Jan 2009,kirstenaiken,http://abc.net.au/news,2588,2722,Sydney via London and Doha,,Journalist and Evenings Presenter at ABC News (@abcnews)
journalist,10:35 PM - 10 Feb 2014,BhaavnaArora,http://www.bhaavna.com,6373,1048,India,"22.35111,78.66774","#Author of 3 bestsellers. 4th generation army BRAT. A horse rider, avid traveller, biker, swimmer & scuba-diver. Commitment Phobic. insta: bhaavna_arora"
news,1:34 AM - 6 Sep 2009,losangelesinfor,http://losangelesinformer.com/,409,191,Los Angeles,"34.05439,-118.2439399",Los Angeles News - that's what you get from us. From A - Z
journalist,2:26 AM - 3 Jul 2011,sommervillebbc,,58147,998,,,BBC Middle East Correspondent
govt,1:11 PM - 30 Aug 2015,hoshyaromarali,https://www.facebook.com/hoshyaromarali,203,99,"Sulaimanyah, Kurdistan",,"Citizen of Kurdistan. Gorran Movement, Diplomatic Relations Department, Member. RTs are not endorsements."
news,2:44 PM - 3 Aug 2010,CoventryRIPatch,http://coventry.patch.com,866,202,"Coventry, RI","41.70009,-71.6828399",Coventry Patch is your place for local news and community conversation.
disaster/accident,5:36 AM - 14 Feb 2011,GlobalZarfati,http://middleeasternet.com/,3303,1816,Global,,"Your reliable source for GLobal #Breaking news that matters! Focus: Terror, Middle East, areas of conflict and Environment."
journalist,7:13 PM - 12 Dec 2009,RuthAbbey,,404,285,,,Manila Reporter at http://Sun.Star  || Covering all the activities of President Rodrigo Duterte
fire/emt,6:50 PM - 29 Jan 2012,KCMOFireChief,http://www.kcmo.gov/fire,3533,1151,"Kansas City, Missouri","39.08446,-94.5630199","The official Twitter account of Kansas City, Missouri Fire Chief This site is not monitored. Call 911 for emergencies."
news,7:50 AM - 6 May 2013,GadgetsUKnews,http://www.newslocker.com/en-uk/news/gadgets/,465,535,,,Find your latest Gadgets news with just one click. Don't miss out on anything happening!
news,11:14 AM - 20 Apr 2014,LoiseOrozco,,465,339,Santiago,"-33.4377899,-70.6504399","Artista, Productor, Social Media Guru, arribista de serie, Rey Troll. Hablo lorem ipsum."
disaster/accident,11:45 AM - 8 Aug 2011,FBIDetroit,http://www.fbi.gov/detroit/,8152,5,"Detroit, MI","42.34866,-83.0567299","Welcome to the official FBI Detroit Twitter. To submit a tip on terrorism or a federal crime, please go to https://tips.fbi.gov ."
journalist,12:05 PM - 16 Oct 2008,MichaelLocklear,,1051,669,"San Antonio, Texas","29.4246,-98.4951399",Reporter @News4SA and @KABBFOX29. Previously @KBOITV and @woubnews. @ohiou grad.
news,2:32 PM - 17 Dec 2012,IdleNoMoreNews,,8522,0,Turtle Island,"-12.6317449,130.4598109375","News & articles dissemination for the Indigenous movement. Tweets, shares & RTs ≠ endorsement."
news,3:51 AM - 14 Oct 2011,naijabbdotcom,,9283,1702,Lagos,"6.45505,3.39417","News, Football and Everything"
journalist,5:54 AM - 29 Aug 2010,shana_morgan,http://www.bordermail.com.au,617,492,"Wangaratta, Vic","-36.3562499,146.32309","Journalist at the @bordermail, #6 for Wang City FC. Can think independently of both. More on my Facebook page: https://www.facebook.com/shanamorganjourno/ …"
journalist,12:53 PM - 23 Jan 2009,RyanThomasCody,,2419,672,"Phoenix, AZ","33.44858,-112.0773399","Reporter at @12News in Phoenix. Hater of hate, lover of football! It's all about the journey 860 - 480 - 806 - 256 - 480"
journalist,3:22 PM - 27 Jan 2012,mvendituoli,https://www.facebook.com/mvendituoli,1337,1024,NC,"35.67296,-79.0392899","@fayobserver crime reporter, dog mom. Email me at mvendituoli@fayobserver.com or call my work number at 910-578-8646."
journalist,4:15 AM - 17 Mar 2009,bridgerollo,,778,1022,"Albury, New South Wales","-36.0147999,146.982169705882",Journalist for @PRIME7Albury
journalist,10:56 AM - 27 Nov 2008,ABC7JulieSone,http://abc7.com,8993,1933,"Los Angeles, CA","34.05439,-118.2439399",@ABC7 News Desk Editor - Tips: (877) 777-6397
disaster/accident,1:01 PM - 5 Aug 2011,FBILittleRock,http://www.fbi.gov/littlerock,3902,25,"Little Rock, AR","34.74648,-92.2895899","Welcome to the official FBI Little Rock Twitter. To submit a tip on terrorism or a federal crime, please go to https://tips.fbi.gov  ."
news,1:07 PM - 29 Aug 2011,MonteOzAfrica,http://www.monteozlive.com,14341,12179,"Accra, Ghana","5.56001,-0.2057399","TV Host, @AFRIMAWARDS Tweet Chat Host, Multiple Award Winning Media Titan, World-Class Blogger, Certified SA Specialist and Hombrè Style Ambassador"
journalist,6:54 AM - 21 Oct 2010,RentonPatch,http://Renton.Patch.com,1506,724,"Renton, WA","47.4799,-122.2034399",Renton #Patch is your source for all things local. Editor April Chan http://fb.me/RentonPatch  Renton@patch.com
news,8:12 AM - 29 Oct 2009,dickinsonpress,http://thedickinsonpress.com,2395,177,"Dickinson, North Dakota","46.87917,-102.7896199",The Dickinson Press & http://thedickinsonpress.com  are the news source for Dickinson and southwest North Dakota.
news,12:47 AM - 30 Dec 2013,allsgstuff,http://www.allsingaporestuff.com,848,114,,,Singapore News Today
news,11:12 AM - 12 May 2010,worldnewsdotcom,http://wn.com/,11102,6005,,,Delivers news from all over the world in 50 languages.
journalist,11:47 AM - 17 May 2007,brianduggan,http://rgj.com,4576,1486,"Reno, NV","39.52927,-119.8136699",Investigations editor for the @RGJ. Fan of democracy. Writer for The Reno Memo (http://therenomemo.com ). Maker of internet. Father. Husband. Nevadan.
fire/emt,1:14 PM - 25 May 2011,Col_cops,http://www.columbian.com,4496,159,"Vancouver, Wash.","45.63069,-122.6744499",Breaking police and fire news from The Columbian.
journalist,7:48 PM - 12 Oct 2015,jjoyner1010,,63,204,,,"A community journalist and content editor for The Baltimore Sun. Opinions may or may not be based in reality, but either way -- they are my own."
news,12:35 PM - 20 Oct 2007,wittich,http://flavors.me/witti,2609,1735,"Hannover, Germany","52.37447,9.73855","Science, medicine, technology, culture, human rights, politics news ,http://eee.am/wittich"
journalist,7:18 PM - 9 Jan 2012,benwilson1130,,2613,126,Vancouver,"49.26089,-123.1139299",Anchor of the @NEWS1130 Evening Show weeknights 7pm-12am. ben.wilson@news1130.rogers.com http://www.news1130.com/author/ben-wilson … Tweets are mine.
news,2:24 AM - 9 Oct 2015,AfghanHerald,,111,36,"Kabul, Afghanistan","34.5197,69.16243",#News & #Politics
disaster/accident,7:48 PM - 7 Dec 2011,GetMocked,http://www.youtube.com/watch?v=IJY5xEAcKg4,1295,1164,Sun Valley TX. America,,Super Content....Extreme Entertainment....Better Than Cable TV....The link below solves the crime of the century....Followbacker
news,4:09 PM - 11 Oct 2008,AccentAdvocate,http://www.cccadvocate.com,924,494,"San Pablo, Calif.","37.96214,-122.3455199","The Advocate is the student newspaper at Contra Costa College, a two-year school that is part of the California community college system."
journalist,12:45 PM - 13 Apr 2012,HanaMaeNassar,http://news1130.com/author/hana-mae-nassar/,419,542,"Vancouver, B.C.",,Reporter @NEWS1130. @BCIT Broadcast Journalism 2017. Hockey fan & proud Canadian. All views are my own.
journalist,2:35 AM - 16 Apr 2009,winglets747,http://www.centreforaviation.com,12784,263,,,"Analyst at CAPA - Centre for Aviation covering civil aviation in North Asia, the Middle East and Australia/New Zealand. Views are my own."
news,2:40 AM - 16 Jul 2012,SulweFM,,2629,549,,,"Sulwe FM is the only pure Bukusu radio station.Tune into the voice of the Bukusu for news, engaging talk and lots entertainment."
wx,3:37 PM - 17 Mar 2011,Wx1sFAY,http://triangle.news14.com/content/weather/,68,7,,,Weather updates every 10 minutes. Only on Time Warner Cable.
news,9:20 AM - 24 May 2011,UAS_VISION,http://www.uasvision.com,17659,1,,,UAS VISION is the biggest online news service in the world totally dedicated to all topics relevant to the professional unmanned aircraft systems community
disaster/accident,8:45 PM - 8 Oct 2009,thirumalraja,,309,336,Coimbatore,"11.00181,76.96284",Sahadeva of this century -- Go read Mahabharata & his 5 options to avoid Kurushetra war...
journalist,5:21 AM - 28 Feb 2011,KhurramHusain,,20123,548,Karachi,"24.86677,67.03112","Business & economy Journalist, columnist. RTs no endorsement. Pakistan Scholar Woodrow Wilson Center 2013-2014"
journalist,2:19 PM - 17 Mar 2010,BinaNepram,http://www.womensurvivorsnetwork.org/,428657,726,India,"22.35111,78.66774","Author/Founder,Manipur Women Gun Survivors Network/Control Arms Foundation India/Recipient~Sean MacBride Peace Prize/CNN IBN Real Heroes/Femina-Face of A Cause"
journalist,2:08 AM - 1 Dec 2008,SinghPramod2784,http://www.dailypioneer.com,1828,1436,Delhi,"28.65171,77.22193","City Editor @TheDailyPioneer. #NationFirst. Tweets are personal, Have no connection to any ideology or faith. RTs not endorsement."
news,8:40 AM - 15 Oct 2010,hackneycouncil,http://www.hackney.gov.uk,19689,2011,Hackney,"40.03173,-80.2178299",News and events from Hackney Council. Monitored during office hours only: 9-5pm Mon-Fri. For enquiries go to http://www.hackney.gov.uk/contact-us.htm
govt,2:32 AM - 5 Jul 2010,BibhuRoutray,http://Mantraya.org,1002,188,"Goa, India","15.30045,74.08551","Director, http://mantraya.org , Analyst/ Columnist, Former Deputy Director, NSCS, Govt of India bibhuroutray@gmail.com"
govt,5:31 PM - 28 Feb 2011,CoreyStewartVA,http://www.coreystewart.com,12308,10353,"Woodbridge, VA","38.65817,-77.2496999",Conservative Republican running for Governor of Virginia. Chairman of the Board of Supervisors of Prince William County. #TakeBackVA #TeamCorey #MVGA
journalist,1:08 PM - 12 Feb 2009,maximilian_,http://www.youtube.com/user/Miles923,117655,597,twitch.tv/maximilian_dood,,Video Producer/Film Editor/Illustrator/Assist Me/Husband/Fighting Game Guy/Boss Rage/Be Excellent To Each Other @ASUSUSA @ElgatoGaming @xsplit
fire/emt,1:04 AM - 11 Aug 2014,BunburyPolice,http://www.police.wa.gov.au,2475,171,"Bunbury, Western Australia","-33.3403499,115.63363","Welcome to Bunbury Police. If you need police assistance call 131444, if it's an emergency call 000. Twitter is not monitored 24/7."
journalist,9:45 AM - 22 Jul 2015,g900ap,,306,926,,,"Volkskrant reporter. Legal expert and investigator, engineer, consultant, photographer, journalist and world traveller. MTG and Asclepiad expert."
govt,12:13 AM - 24 Apr 2017,VnzlaInDanger,,56,190,Venezuela,"8.00187,-66.1109299",Venezuela In Danger publishes videos of the abusive forces of the Nicolás Maduro's Venezuelan Government attacking civilians and violating their Human Rights.
journalist,8:07 PM - 21 Mar 2012,Yair_Rosenberg,http://www.yairrosenberg.com,41926,250,yrosenberg@tabletmag.com,,"Senior writer, @tabletmag. Teller of stories, troller of Nazis. Politics, religion, culture. http://facebook.com/YairRosenberg1"
police/traffic,11:09 AM - 26 Sep 2011,richards_bill,http://www.mrbrichards.com,150,166,Delta,"38.7422,-108.0689499",Learning Services Coordinator - Delta School District. Director - Delta Police High School Golf Tournament
news,7:24 AM - 25 Aug 2011,minibuzzuganda,http://www.facebook.com/pages/Minibuzzuganda/141690935922304,1765,399,Uganda,"1.53335,32.21665","Minibuzz is a daily 30-minute current affairs television program, filmed in a minibus, in which passengers discuss the news and issues affecting them."
fire/emt,5:41 AM - 8 Jun 2016,QESMedia,,569,6,"Queensland, Australia","-21.9182799,144.45888","Official account of the Queensland Emergency Service Media. Do not use this account to request emergency assistance. We are an information feed, not government."
journalist,3:53 AM - 6 Sep 2009,AndiMakinana,http://citypress.co.za,36474,2236,"Cape Town, South Africa","-33.9288999,18.41724",In pursuit of scoops. parliament correspondent for @city_press Retweets are not an endorsement.
journalist,11:19 AM - 8 May 2007,RohanV,http://scroll.in/authors/396,6197,2707,"New Delhi, India","28.61389,77.21595","News Editor, Scroll.in || rohan@scroll.in || Also see: Bombay, Doha, USC, Mail Today."
news,9:45 AM - 23 Jul 2010,NewZealand_Tour,http://www.travel-trick.com,687,102,,,New Zealand Travel news
journalist,10:11 AM - 29 Sep 2015,baghelsMIRROR,,357,40,"Mumbai, India","18.95238,72.83271",Senior Assistant Editor with Mumbai Mirror. Write on Legal issues. Views are personal.
news,4:48 AM - 27 Feb 2015,thetribunechd,http://www.tribuneindia.com,27887,191,Chandigarh,"30.73515,76.7704991065831","Official Twitter handle of The Tribune, North India’s oldest and most trusted newspaper, published from Chandigarh, India. http://www.facebook.com/TheTribuneChd"
disaster/accident,1:22 PM - 29 Jul 2011,FBISacramento,http://www.fbi.gov/sacramento/,14406,21,"Sacramento, CA","38.58157,-121.4943899","Welcome to the official FBI Sacramento Twitter. To submit a tip on terrorism or a federal crime, please go to https://tips.fbi.gov ."
journalist,1:28 AM - 16 May 2012,safimichael,http://www.theguardian.com,6852,4174,"Delhi, India","28.65171,77.22193",South Asia correspondent @guardian
news,12:08 AM - 9 Mar 2009,CalCoastNews,http://calcoastnews.com,2163,351,"San Luis Obispo, California","35.28275,-120.6596099",CalCoastNews is San Luis Obispo County’s on-line news source producing news in the public interest.
news,11:37 AM - 7 Dec 2013,ShadesUpdates,http://fiftyshadesupdates.blogspot.com,97857,587,,,Follow for all the latest news on the Fifty Shades of Grey films based on the trilogy by @E_L_James (fansite) #OfficialFifty Member
police/traffic,9:29 AM - 4 Dec 2013,ntsa_kenya,http://www.ntsa.go.ke/,58935,1691,Hill Park Building; Upper Hill,,"The official Twitter handle for National Transport and Safety Authority, a State Corporation whose mission is to Keep Our Roads Safe."
police/traffic,3:39 PM - 4 Feb 2009,trafficscotland,http://www.trafficscotland.org,190064,810,Scotland,"56.78611,-4.1140499",Scottish trunk road traffic. # Hashtag trunk routes or area to help spread the message. This account is not monitored 24/7. Customer Care Line 0800 028 1414
journalist,4:29 AM - 7 Jan 2012,alibabakhel,http://mohammadalibabakhel.wordpress.com,3465,676,,,Views expressed are personal only to be shared with friends
fire/emt,5:31 PM - 22 Jul 2013,MarysvilleWAPD,http://marysvillewa.gov/index.aspx?nid=162,4564,114,"Marysville, Washington","48.06274,-122.1633299","The official Twitter feed of the Marysville, Washington Police Department. Call 911 to report emergencies. Site is not monitored 24/7."
journalist,10:39 AM - 16 Aug 2012,TheSirRob,http://www.robthier.com,12122,26,,,Author with a passion for all things hilarious and historical. I write @Wattpad and @Radish_Fiction
journalist,9:49 PM - 18 Jul 2010,siobhanheanue,http://abc.net.au/news,9355,2099,Canberra,"-35.2819299,149.12889",Journalist. @ABCNews Australia. https://www.facebook.com/siobhanheanueabc/?ref=h … Instagram: siobhan_heanue
govt,12:31 AM - 8 Sep 2011,TrafficWalesS,http://www.traffic-wales.com,11961,7,Cardiff,"51.48165,-3.1791899",Welsh Government motorway and trunk road information. Replies are not monitored. Contact@traffic-wales.com or http://www.traffic-wales.com/ContactUs.aspx . Yn Gymraeg: @TraffigCymruD
journalist,6:48 PM - 1 Jun 2013,chasestrangio,https://www.aclu.org/bio/chase-strangio,16270,406,"New York, NY","40.73059,-73.9865799","Attorney with ""a sick worldview,"" according to Breitbart; Views are my own. Benedict Evans."
fire/emt,5:51 PM - 2 Jun 2014,ColliePol,http://www.police.wa.gov.au,1846,176,"Collie, Western Australia","-33.3591199,116.15361","Welcome to Collie Police. If you need police assistance call 131444, if it’s an emergency call 000. Twitter is not monitored 24/7."
news,8:42 AM - 4 Mar 2009,rachitseth,http://www.countryawake.blogspot.in,34043,2744,New Delhi,"28.61389,77.21595",Indian National Congress Main Stream Media Communication | Co-Founder @lndiaCentre & @HeritageOnPlate | Tweets are Personal and RT ≠ endorsement
journalist,3:18 AM - 23 Apr 2011,Xadeejournalist,http://www.dawn.com,48571,493,karachi/Islamabad,,Zara Hut Kay Dawn TV on weeknights and journalist for life
journalist,3:58 PM - 1 Apr 2009,gowhargeelani,,5342,648,,,"Journalist & Analyst; Chevening fellow, Munich Young Leader; Former Editor Deutsche Welle, Germany; Wir sollen die Hoffnung niemals aufgeben(Never abandon HOPE)"
journalist,12:03 AM - 23 Sep 2010,Shehla_Rashid,http://shehlarashid.com,102705,421,,,"Former Vice-President, JNU Students' Union. M.Phil. Scholar, JNU. Former Engineer, Upcoming author, Linux User. #AISA ☭♫"
journalist,10:41 PM - 21 Feb 2012,nbcjeanelle,,1316,228,,,Reporter For NBC Bay Area News.
govt,8:29 AM - 16 Apr 2010,naghdalyan,http://www.mfa.am,1142,613,Yerevan,"40.17761,44.51258","Third Secretary at Press, Information and PR Department, Ministry of Foreign Affairs of Armenia / RT ≠ endorsement"
disaster/accident,12:20 AM - 12 Aug 2015,taqwamedia3,,1668,560,,,The official twitter handle for Muslims Against Terrorism. All terror alerts with special focus on Al-Shabaab activities. #MuslimsAgainstViolence
news,5:36 AM - 29 Sep 2014,MrSamWilkin,http://samwilkin.blog,3224,2369,,,Covering energy for Bloomberg. Tweeting world news and pics of my dogs. Usual disclaimers.
wx,3:56 PM - 27 Jan 2011,JoshHoltTEN,http://sfcelebritymanagement.com.au/view/home.php,3007,447,,,Australian Journalist & T.V Weather Presenter Network Ten News Brisbane. MC & EX Cricket Player. Horse Racing tragic. Ambassador PA Research Foundation & SLSQ.
news,6:48 AM - 30 Jan 2014,HeartAngliaNews,http://www.heart.co.uk/eastanglia/news/,3643,1777,East Anglia,"52.23362,-0.4600399",We're the team for Heart East Anglia covering the news across #Norfolk and #Suffolk. Got a story? Get in contact eastanglia.news@heart.co.uk
journalist,3:32 AM - 21 Apr 2009,micoh,,2429,2159,"Kampala, Uganda","0.31771,32.58135","Freelance journalist in East Africa, mostly @AFP. Co-Chair, @FCAUganda Send a direct message with tips, stories or queries"
disaster/accident,7:33 AM - 3 Jun 2009,Diilated,,2810,1179,The Icy Mountains of Svalbard,,"Hold your Applause please. These tweets ain't mine, I just tweet the gospel I hear at the barbershop. Gears of War Legend"
news,8:48 PM - 3 Sep 2010,Amador_News,http://amadorcountynews.org,1887,684,Northern California,"39.035145,-84.4655249964059",#Breaking #news from the #California foothills & beyond. #Business #Tech #Opinion #TheArtCritic #TheMusicCritic #EtCetera よろしく- ¡Bienvenido amigos!
journalist,4:38 AM - 8 Sep 2009,sabeaux,,3231,1602,India,"22.35111,78.66774",Analyst. Author. Believe in a plural and inclusive India.
journalist,10:41 AM - 31 Aug 2010,MichaelLCrick,,149908,862,London,"51.50732,-0.1276399","Political Corr, C4 News; PSA Political Journalist of Year, 2014. 3 RTS awards; author - books on Militant, Scargill, Archer, Hezza, Alex Ferguson. MU fan"
fire/emt,2:02 PM - 17 Jun 2009,SurreyPolice,http://www.surrey.police.uk,164817,320,"Surrey, UK","51.27153,-0.341455199999998",Official Surrey Police account. Our feed is monitored 24 hrs but please don't Tweet to report crimes or suspicious incidents - call 101 or 999 in an emergency.
news,3:26 AM - 21 May 2015,pintfy,http://pintfy.com,570,0,"Mountain View , CA","37.38557,-122.0820499",A place to share knowledge and better understand the world with tech | finance | news | world | viral blogs
police/traffic,11:18 AM - 6 Jun 2016,eMailGPSInc,http://www.eMailGPSInc.com,2450,4940,"Cheyenne, WY","41.13998,-104.8202399","STOP. GLANCE. GEOLOCATE. RESOLVE. Tighten email security with in-flight email traffic awareness... IAM Security, Simplified Compliance & Help Desk Governance."
disaster/accident,12:24 PM - 8 Dec 2011,SAcrimefighters,,26476,297,South Africa,"-28.8166199,24.99163","Stand against crime, corruption and terrorism. Play your part in fighting crime by reporting suspicious or criminal activity to the authorities."
news,9:05 AM - 22 Aug 2012,RwandaTimes,,3182,295,Rwanda,"-1.9646599,30.06443","This is the most comprehensive community based info portal. Breaking News, Politics, Sports, Entertainment, Business, Culture,... Instagram&FB : rwandatimes"
news,3:11 PM - 5 Nov 2011,bamulanzeki,,1175,1033,"Kampala, Uganda","0.31771,32.58135",photojournalist at the observer newspaper
news,1:33 PM - 12 Feb 2009,MFRNews,http://www.mfr.co.uk/news,5528,421,"Highland, Moray, Aberdeenshire","57.269005,-3.25601868780242",The latest news and sport from MFR.
fire/emt,2:19 AM - 2 Jun 2009,NorfolkPolice,http://www.norfolk.police.uk/,82001,331,"Norfolk, UK","52.66666,1",Please note: we use Twitter as an information service only. If you need to contact us dial 101 or visit our website. Always dial 999 in an emergency.
journalist,8:42 PM - 10 Mar 2010,karenricks,,1159,4977,australia,"-24.7760999,134.755",love the arts and creative and flambouyant people. am a writer at heart.
journalist,10:58 PM - 25 Sep 2014,rgpoulussen,http://marketgarden1944-2014.pre-jump.nl/index.html,929,24,,,Market Garden author. Now writing book about 1945 operation Veritable (whenever I am not distracted). Occasional battlefield guide Arnhem & Nijmegen.
wx,9:37 AM - 20 Jul 2010,KristinKetchell,http://wncn.com,3050,1055,"Raleigh, NC","35.78039,-78.6390899","Meteorologist @ CBS North Carolina in Raleigh, NC. Weather nerd. Jersey girl. Lover of Philly sports, dogs, shoes & red lipstick. Opinions are my own."
disaster/accident,10:59 PM - 29 Jan 2012,vasishkumar,,275,186,India,"22.35111,78.66774",The more you sweat in peace...the less you bleed in war. Keep calm & believe in #IndianArmy
news,12:07 PM - 25 Nov 2013,NanOuray,,291,509,"Ouray, CO 81427","38.02277,-107.6714399","LOVE to VIGGLE! Retired jewelry maker, Married, Live in Southwest Colorado. Social Media Coordinator."
journalist,5:14 AM - 7 Apr 2010,neil_in_barrow,http://www.bbc.co.uk/cumbria/,1232,492,,,BBC Radio Cumbria Furness reporter. Email me neil.smith@bbc.co.uk. Any views are my own and not the BBC's.
journalist,8:11 AM - 25 Aug 2011,10NewsBrian,http://www.10news.com/about/10news-team/brian-shlonsky,1744,614,"San Diego, CA","32.71742,-117.1627699",Live Center Anchor/ Reporter for 10News (ABC). San Diego by way of Kentucky-Colorado-Las Vegas-OKC. Views=mine. RTs not endorsements.
news,9:37 AM - 26 Apr 2011,BD_Africa,http://www.bdafrica.com,423920,94,Nairobi,"-1.2832499,36.81724",News you can grow with
news,1:50 AM - 28 Mar 2012,1TVNewsAF,http://www.1TVnews.AF,197519,59,AFGHANISTAN,"33.00008,64.99984","1TV is a leading news and entertainment television station in Afghanistan. 1TV prides itself on rapid, objective, and factual reporting."
news,5:15 PM - 23 Jun 2016,TheUkBulletin,http://www.theukbulletin.com,1443,1311,"London, England","51.50732,-0.1276399",The UK bulletin is an independant news outlet bringing you UK news as it happens
journalist,3:03 AM - 27 Sep 2013,KgaugeloKgaphol,http://kgaugelomasweneng.wordpress.com,380,842,Johannesburg,"-26.2049999,28.04972",Journalism is literature in a hurry! Reporter @TIMESLIVE but opinions are mine!
news,5:33 PM - 27 Jun 2012,DenverNews24,,3068,3068,"United States, Oklahoma","34.95508,-97.2683999",Your source for the latest news on Denver
journalist,4:44 AM - 16 Jun 2012,olujameson,http://www.olujameson.com,320,658,Nigeria,"9.60003,7.99997",Blogger | Creative writer | entrepreneur Gmail: olujameson@gmail.com
wx,2:52 AM - 25 May 2011,GetHampshire,http://www.gethampshire.co.uk,5924,310,"Hampshire, UK","51.08333,-1.1666599","Latest Hampshire news, sport, weather and events from Get Hampshire, the Aldershot News & Mail and Star Courier. Also on Facebook http://fb.me/gethampshire"
news,8:48 AM - 15 Dec 2008,paknews,http://www.paknews.eu,57302,244,Pakistan,"30.33084,71.24749",News from Pakistan
journalist,6:06 PM - 13 Feb 2011,Steve_Marshall9,http://aca.ninemsn.com.au,2509,35,Australia,"-24.7760999,134.755",National Reporter Channel Nine Australia #9ACA
news,3:57 AM - 12 Mar 2009,eagleradio,http://www.964eagle.co.uk,54498,42,Surrey and Hampshire,"51.34911,-0.7262099","We're the station that loves Surrey & Hampshire. Local news & home of the Peter Gordon Breakfast Show. Listen on 96.4FM, DAB, online & app #ProperLocalRadio"
news,11:38 PM - 2 Dec 2015,NGG_PR,http://www.player.me/HyperFrost523,464,390,"Puerto Rico, USA","18.20178,-66.5841199",http://beam.pro/HyperFrost523  http://twitch.tv/Frost523  http://gaming.youtube.com/channel/UCDiv2 … http://invite.twitch.tv/iKWPbn
news,6:17 AM - 24 Jan 2016,EarthlyMails,http://earthlymails.com,522,1136,,,"EarthlyMails brings a trendy take on today's news, entertainment and social media trends #followback #autofollowback #autofollow #teamfollowback #followlist"
news,7:39 PM - 15 Jun 2014,unclejer1960,,651,593,AZ America!,"34.39534,-111.7632699","Sun Devils,Yanks/D'Backs,Browns/Cards,Suns; vet; former GOP Cnty Chair,talk radio co-host; 2nd Amndt protects Constitution. ENTP"
news,12:45 AM - 23 Dec 2009,BraintreeTimes,http://www.braintreeandwithamtimes.co.uk,5021,263,"Braintree, Essex","51.87901,0.55015","The Braintree and Witham Times is the weekly newspaper for Braintree and the surrounding area, out every Thursday. Email bwtnews@nqe.com or call 01376 343344"
news,11:54 AM - 27 Sep 2013,ChamberNewswire,,1249,268,,,Following the latest news and trends in the Chamber of Commerce industry.
journalist,12:40 AM - 22 Jan 2015,AndyMaina_,http://manutd.com,14272,3179,"Anywhere, Anytime. ▼",,My world views derive from two dark forces; common sense and I. |.| @ManUtd |.| Team Messi
fire/emt,9:21 AM - 31 Mar 2017,MPSHampton,https://beta.met.police.uk/your-area/richmond-upon-thames/hampton/,207,92,"Richmond, London","51.46135,-0.3032699",Local policing team for #Hampton in @MPSRichmond Do not report crime here. If non-emergency call 101 tweet @MetCC or visit our website. In an emergency call 999
news,4:55 PM - 10 Feb 2010,TenNewsSydney,http://tenplay.com.au/news/sydney,46834,1606,"Sydney, Australia","-33.8548099,151.21645","The official Twitter page for TEN Eyewitness News Sydney, featuring top local stories, breaking news and good discussion. Retweets are not endorsements."
disaster/accident,12:34 AM - 31 Oct 2012,rodg303,,324,720,"Geelong, Vic,","-38.1492799,144.35982","MH/AOD Counsellor/educator. Ex military piper. Gentleman at large. Philosopher, transpersonal psychologist/humanist. Reconciliation/equality NOW. So mote it be"
news,4:44 AM - 29 Aug 2010,HelenMcLive,http://bbc.co.uk/leicester,1993,2126,Leicester,"52.63678,-1.1312199","Usually near a news story and a satellite van, reporting live for BBC Radio Leicester http://bbc.in/leicester"
news,2:42 PM - 2 Jun 2008,familylaw,http://www.familylorefocus.com,12484,0,,,"Family law news, cases and articles from Family Lore Focus."
journalist,8:29 AM - 29 Jan 2011,HaraldDoornbos,,71020,1506,"Dubai, United Arab Emirates","25.26835,55.29619","Journalist Harald Doornbos lives in Middle East. Reports from Syria, Turkey, Pakistan etc. Based in Croatia, Bosnia &Kosovo during 90s Balkan Wars. Horse rider."
news,3:04 AM - 29 Jun 2010,hlthnews,,458,2,,,Your best source for health related news
news,12:21 AM - 12 Jun 2009,cardiffcouncil,http://www.cardiff.gov.uk,74579,1023,Cardiff,"51.48165,-3.1791899",Keeping you up to date with the latest news and events across Cardiff. Dedicated hours 8.30am-6pm weekdays or ring C2C 029 2087 2087. Hefyd @CyngorCaerdydd.
news,8:36 AM - 21 Feb 2009,Buxton_News,http://www.buxtonadvertiser.co.uk,7148,824,Buxton,"53.2594,-1.9100699","The Buxton Advertiser - newspaper out every Thursday, online every day. Got a story? Email news@buxtonadvertiser.co.uk"
news,4:52 PM - 22 Jul 2009,torontonewsnow,,5408,256,"Toronto, Ontario, Canada","43.65292,-79.3848999",#Toronto News Now . 390 Bay Street . @Toronto . Ontario . M5H 1W2 . #torontonews . @torontodotcom . #tdot . #hogtown . #thequeencity . @MapleLeafs . #TO
journalist,1:27 PM - 24 Nov 2010,L__Macfarlane,http://www.neweconomics.org,4393,3767,London / Edinburgh,"51.55058,-0.0864865666666695","Economist at @NEF. Author: 'Rethinking the Economics of Land and Housing' out now via @ZedBooks. All views my own, RTs not endorsements etc."
journalist,12:22 AM - 13 May 2010,drkhanns,,20621,7991,Pakistan,"30.33084,71.24749",HUMANITY Above ALL. Freelance Journalist. RTs not Endorsement
news,10:52 PM - 21 Jun 2013,TechFinancials,http://techfinancials.co.za,5036,5524,South Africa,"-28.8166199,24.99163","Breaking technology news, opinions and reviews from https://techfinancials.co.za  - Reliable Tech News"
news,4:42 AM - 26 Sep 2015,aviationsource,http://aviation-source.com/,3154,626,,,Providing 24/7 aviation news & videos from over 200 sources.
news,5:05 PM - 3 Jul 2012,Bankofisland,,7612,6235,,,"Anti-Banks, News, Politics & Occasional Useful Info"
journalist,8:09 AM - 6 Oct 2011,KPB66,,165,871,Southern England,"51.25408,-0.3286199","same employer 27 years, MUSE fan, Liverpool supporter and F1 follower. Emigrated Caulkhead, . Expressing my own views, in my own way."
news,4:58 PM - 2 Aug 2016,AfricanTimesSA,http://africantimesnews.co.za/,2328,380,"Polokwane, South Africa","-23.9058299,29.46138","African Times is an independent Weekly Newspaper, providing news, politics, business & sports from an authentic Afro-centric perspective. Limpopo l Gauteng"
news,4:22 AM - 7 Jul 2009,jbakerohio,http://www.fox19.com,8108,9679,"Cincinnati, Ohio","39.10145,-84.5124599","Morning Digital Producer, FOX 19 NOW. Up at 3 am with all your breaking news first and accurate. Proud football, cheer and swim mom. Cook. Ballet. Red wine."
journalist,11:42 AM - 27 Sep 2011,alice_cuddy,http://alicecuddy.com,959,624,Bangkok,"13.585915,100.41608339172",Journalist based in Thailand via Cambodia and Jordan
news,7:15 PM - 4 Mar 2010,patesalo_e,http://www.patentsalon.com/,1363,4,"Tokyo, JAPAN","34.225575,139.294773938122",I am a bot. I am tweeting IP news. Japanese IP news: @patesalo
journalist,11:22 AM - 26 Feb 2012,AfshanLatheef,,6370,2184,always present,,"Chair - Male City Women's Devt Comm, Member - MDP Women's Wing National Steering Comm, writer, human rights advocate"
disaster/accident,4:23 PM - 2 Dec 2009,shailadewan,,3152,385,New York,"40.73059,-73.9865799",Now covering criminal justice issues for the New York Times.
news,8:50 AM - 1 Mar 2011,Unicefuk_media,https://www.unicef.org.uk/press-releases/,4429,398,,,"Latest news, breaking stories and press releases from our media team in the UK and on the ground around the world."
news,2:37 PM - 6 Jul 2015,shareBCnews,https://www.facebook.com/pages/Share-Your-News-for-British-Columbia/140322392755450?fref=ts,391,32,"British Columbia, Canada","55,-124.9999999","News aggregator for British Columbia! @Spyrokid77666 runs this page, shares up-to-date info and Google News finds the articles."
journalist,7:11 PM - 29 Aug 2013,APINTACTNetwork,,779,529,Regional,"-37.9911299,-57.5998699",Anti-corruption news and views from Asia-Pacific and beyond. RTs not endorsements.
journalist,2:41 PM - 13 Jul 2011,CHSommers,http://www.aei.org/scholar/christina-hoff-sommers/,166092,188,"Washington, DC","38.89495,-77.0366399",Resident scholar at the American Enterprise Institute. Former philosophy professor. Author of Who Stole Feminism? Host of video blog: The Factual Feminist.
journalist,10:44 AM - 25 Oct 2011,JeremyKonyndyk,https://www.cgdev.org/expert/jeremy-konyndyk,6512,301,Washington DC,"38.89495,-77.0366399","Dad, humanitarian, baker, beer snob. Aid wonk at @cgdev. Adjunct at @Georgetownsfs. Former US Foreign Disaster Assistance chief (@theOFDA). Views my own!"
journalist,5:37 AM - 10 Jun 2009,julianrademeyer,http://www.killingforprofit.com,12209,3573,South Africa,"-28.8166199,24.99163",Project Leader with @TRAFFIC_WLTrade. Author of the bestselling book 'Killing for Profit - Exposing the illegal rhino horn trade'. My tweets are just that.
news,11:45 PM - 11 Sep 2013,CryptoCoinsNews,http://www.cryptocoinsnews.com,44697,21620,,,Get the latest Bitcoin News from the World's Leading & Independent #Bitcoin News Source
journalist,6:52 PM - 30 Sep 2008,EvaKBartlett,http://ingaza.wordpress.com,23025,621,"Ontario, Canada","50,-85.9999999","Independent writer, freelance, ample experience in Syria and occupied Palestine. http://ingaza.wordpress.com/"
journalist,5:58 AM - 27 Feb 2015,komla_dzidefo,,463,354,"Accra, Ghana","5.56001,-0.2057399",Journo / Writer. The Queens language is so sacred. @Watsuptek Chief Operating Officer / Politics Commentator / Policy Analyst at heart/ Estate Broker in traning
journalist,5:44 PM - 29 Aug 2010,Maarkhor,http://instagram.com/aligilgiti,7003,2466,In Denial,"-32.1003199,133.57769",.Mostly news/views on terrorism Views are personal & don't represent the organisation. Sapiosexual. The truth will set you free but first it will piss you off
news,2:43 PM - 21 Jan 2009,PYX106,http://www.PYX106.com,3333,3035,"Albany, NY","42.65116,-73.7549599",Thee Classic Rock Station
journalist,4:36 PM - 18 Jun 2009,snarwani,http://www.mideastshuffle.com,17759,298,,,"Writer, commentator & analyst covering Middle East geopolitics; Former Senior Associate, St Antony's College, Oxford U; email: snhuffpost@gmail.com"
journalist,5:34 AM - 6 Apr 2010,MirrorPolitics,http://www.mirror.co.uk/politics,56019,868,"London, UK","51.50732,-0.1276399","UK politics news and views from the @DailyMirror team - @JBeattieMirror, @Jack_Blanchard_, @benglaze, @danbloom1 and @mikeysmith"
news,5:37 AM - 19 Jun 2012,SouthBendDaily,,1298,239,"South Bend, IN","41.68338,-86.2499999","Breaking news about South Bend, IN, curated by @quiboatnews."
news,4:01 PM - 25 Mar 2011,Jmolmolapo,http://www.banabamolapo.com,753,235,Ha Lejone Lesotho,"-28.7726399,28.10795",I am the slave of radio and Music-patient about sport. I am a person who is positive about every aspect of life.
journalist,11:37 PM - 17 Mar 2009,MeganAHendry,http://abc.net.au/capricornia,802,603,"Rockhampton, QLD, Australia","-23.3782499,150.51344","ABC journalist based in Rockhampton, Qld. These views are my own. Got a story tip? hendry.megan@abc.net.au"
news,10:38 AM - 19 May 2009,TheProgress,http://www.theprogress.com,5266,109,Chilliwack,"49.16666,-121.9499999",Chilliwack's source for news since 1891
journalist,9:57 AM - 9 Jan 2016,Alex_KAUZ,http://www.newschannelsixnow.com,208,385,"Wichita Falls, TX","33.9137,-98.4933799",News Reporter for Newschannel 6 KAUZ. Born & raised in Kansas City & proud K-State Alumn!
wx,7:31 AM - 10 Nov 2008,krgv,http://www.krgv.com/,85667,297,"Weslaco, Texas, US","26.15561,-97.9804590788786","KRGV CHANNEL 5 NEWS, the Valley's NEWSCHANNEL, is committed to covering breaking news. Follow @KRGV_Weather for weather updates and @KRGVSports for sports news."
news,7:26 PM - 23 Apr 2008,infowars,http://www.infowars.com,285757,547,"Austin, Texas","30.27112,-97.7436899",You have found the tip of the spear in alternative media - Circumventing the dying dinosaur media systems of information suppression
wx,5:01 PM - 4 Jul 2012,DReeseWx,http://www.dreesewx.com,366,259,"Middletown, PA","40.19979,-76.7310899",University of Oklahoma Class of 2016 graduate. Meteorologist.
news,5:44 AM - 7 May 2009,MFS001,http://www.mfs-theothernews.com/,9535,7136,,,"The News you don't read in the MSM, Not politically correct, Pro Israel, Christian, Conservative, Tweets in English, French, Russian, Dutch and German...."
wx,1:43 PM - 24 Mar 2010,TripCheckUS101C,http://www.Tripcheck.com,370,0,,,"TripCheckUS101C provides incident, alert and seasonal road & weather information for US101 - Florence to Bandon. Know before you go!"
fire/emt,4:16 PM - 5 Apr 2011,BEAVERFIREEMS,https://www.facebook.com/pages/Beaver-County-FireEMS-alerts/113823198638846?ref=ts,3397,2,Beaver County Pennsylvania,"40.69166,-80.3709899","This page is dedicated to keeping people updated through text messaging on major calls in the county, MCI, fires, MVA's, amber alerts, severe weather."
news,8:17 AM - 3 Feb 2009,sn590gbrady,https://www.linkedin.com/in/greg-brady-1251ba118?trk=nav_responsive_tab_profile,33592,514,Toronto,"43.65292,-79.3848999","Father, Husband, Radio Host. Sportsnet's Starting Lineup w/ Greg Brady & Elliott Price. M-F 530a-9a. Hosting/Speaking Enquiries: email acecardtalent@gmail.com"
journalist,1:16 PM - 19 Jan 2009,Ezilidanto,http://www.ezilidanto.com/zili,3381,1249,New York/Haiti,"43.07711,-76.6561695045753","Dedicated to correcting media lies about Haiti. Ezili Dantò is a writer, performance poet and human rights lawyer. Women & human rights issues, VodunJazzoetry"
