fire/emt,9:06 AM - 28 Aug 2009,SacRegionalPark,http://www.sacparks.net,1050,171,"Sacramento, California","38.58157,-121.4943899",Sacramento County Regional Parks Department. Not monitored 24/7. Call 916-875-7275 to report incidents in Parks. Call 911 for emergencies.
journalist,11:33 AM - 15 Apr 2009,JoshuaGuess,http://joshuaguess.com,2224,419,"Ky, USA","37.5726,-85.1551399","Apocalyptic, scifi, and superhero novelist. #writer #amwriting #indie Support on Patreon: https://goo.gl/IL9meP"
fire/emt,1:41 PM - 16 Feb 2017,KingsCoFire,http://countyofkings.com/departments/fire-department,71,239,"Hanford, CA","36.32745,-119.6456799","The Kings County Fire Department strives to promote, preserve and protect the public safety and security of all members of the community."
news,6:00 AM - 19 Jun 2016,buzzfaqs,http://BuzzFAQs.com,6081,2,Free Speech USA,"39.75667,-104.9751999",Your Mom & Pop News Aggregator
journalist,12:38 AM - 7 Apr 2009,MariaHechanova,http://www.tucsonnewsnow.com/global/Story.asp?s=22649447,3366,2876,"Tucson, AZ","32.22174,-110.9264699",Reporter for KOLD News 13 & KMSB FOX 11 @TucsonNewsNow| Dog mom to a rescued Shih Tzu | Proud @NAUswimDive alum| Opinions are my own
wx,6:56 AM - 13 Apr 2007,NTVNEWS,http://www.nebraska.tv,13955,924,Central and Western Nebraska,,"Central and Western Nebraska's source for news, weather and sports, as well as your favorite ABC programming"
police/traffic,5:17 PM - 21 Sep 2013,Kaidinn,https://secure.avaaz.org/en/stop_saudi_beheadings_loc/,9455,9558,a creation of the Internet,,"Duty of youth is to challenge corruption | anti police state, police brutality, for-profit prisons | #OpNimr #FreeThe3 | #OpSerenaShim #FreeMattDeHart"
journalist,9:45 PM - 23 Nov 2011,KetanJ0,https://ketanjoshi.co/,9404,5203,Sydney,"-33.8548099,151.21645",Clean tech comms/tech/analysis consultant. Science/tech/culture writer. Chart of the day: #cotdkj. Expect dog content.
journalist,3:48 PM - 30 May 2012,countykathleen,,745,408,,,"Investigative reporter for the Ventura County Star. Cover education, growth issues and county government. Ventura mom."
journalist,6:41 AM - 3 Feb 2011,glorycaribbean,http://glorycaribbean.com,406,592,"Bridgetown, Barbados","13.09778,-59.6184099",Author of Pure Heart One Year Devotional; CEO of Merit International Co. Ltd; Editor-in-Chief at GLORY Caribbean Magazine.
news,6:47 AM - 27 Aug 2016,RangeReporter,http://FreeRangeReport.com,2843,2926,"Washington, USA","38.89495,-77.0366399",Preserve our Western Outdoor Heritage. News of issues facing rural communities & Native Americans. Advocates for locally-sourced government. #Ranching
journalist,9:24 PM - 21 Jun 2014,RedNationHoops,http://RedNationHoops.com,2102,171,"Houston, Texas","29.75893,-95.3676899","Managing Editor of the @HoustonRockets blog http://RedNationHoops.com . Host of The Red Nation Hoops Podcast. Tweet opinions, stats, rumors, & information."
journalist,1:57 PM - 2 May 2009,JimDalrympleII,https://trippingovertheworld.wordpress.com/,14054,754,LA,,"Journalist @BuzzFeedNews. Covering protests, droughts, general mayhem. Also, travel @TrippingWorld. jim.dalrymple@buzzfeed.com"
news,10:46 AM - 10 Jan 2009,registerguard,http://www.registerguard.com/,23447,86,"3500 Chad Dr Eugene, OR 97408","44.085985,-123.052677448077","Follow for breaking news, stories, photos, RTs of our journalists and more"
journalist,1:56 PM - 14 Sep 2015,primalpoly,http://www.primalpoly.com,7989,1010,New Mexico,"34.57081,-105.9929999","Evolutionary psych professor; wrote some books. Mate choice, sexual politics, Effective Altruism, freedom. Most tweets are ironic & don't reflect anyone's views"
govt,8:53 AM - 27 Feb 2009,MassAGO,http://www.mass.gov/ago/,36090,1833,Massachusetts,"42.37887,-72.0323599",Official Account of MA Attorney General Maura Healey. For help call or visit our site: 617-727-8400/ http://mass.gov/ago  Facebook: http://www.facebook.com/MassAttorneyGeneral …
news,9:57 AM - 12 Sep 2014,mediat_en,http://www.mediat.global,488,1304,london,"51.50732,-0.1276399",Gb #england #london media mediat english
news,8:05 PM - 20 Apr 2012,TomLivingston5,,1134,333,,,Videographer @WEWS since 1981. Take pictures from 6 and a half feet above the earth and dig through the station's archives as well.
journalist,8:52 AM - 13 Jan 2015,TKless12News,,270,653,"Beaumont, TX","30.08604,-94.1018399","@12NewsNow Reporter | @UCF alumna | Soccer nerd, sometimes just a nerd | Opinions are my own, RTs not endorsements | Send me story ideas! tkless@12newsnow.com"
news,8:46 PM - 26 Oct 2013,INDYPRESSGL,https://itunes.apple.com/us/podcast/speedway-digest-radio-network/id876506255?mt=2,2057,2124,30 mins from @ACSupdates,,"#Indycar Media Member. Host of the Motorsports Apex podcast on http://BlogTalkRadio.com  on @speedwaydigest, Followed by @JeffGordonWeb #THINKFAST"
news,9:36 AM - 19 Nov 2008,AzCapitolTimes,http://www.azcapitoltimes.com,18728,659,"Phoenix, Arizona","33.44858,-112.0773399","The Arizona Capitol Times is an award-winning newspaper that covers state government, politics and legislative news."
journalist,1:08 PM - 18 Jul 2012,WHEC_cmolineaux,http://whec.com,517,63,"Rochester, NY","43.15728,-77.6152099","Reporter/Anchor at WHEC News 10 in Rochester, NY"
news,9:24 AM - 16 Feb 2009,NewarkAdvocate,http://www.NewarkAdvocate.com,9571,942,"Newark, Ohio","40.05812,-82.4012599","This is the Twitter account for The Advocate and http://NewarkAdvocate.com  in Newark, Ohio. We're Licking County's source for news."
news,4:18 AM - 24 Feb 2010,AGTDaily,,3335,627,,,"Breaking news about America's Got Talent, curated by @quiboatnews."
journalist,8:20 PM - 27 Jul 2009,TimeBase,http://www.timebase.com.au,1846,3370,Sydney Australia,"-33.8548099,151.21645","TimeBase Australian legal publisher with the most comprehensive national coverage of legislation in Australia, and a range of innovative legal research tools."
journalist,3:31 PM - 19 Aug 2009,william_pitts,,6406,1091,"Tempe, AZ","33.41441,-111.9094399",Reporter/Blogger for @12News | wpitts@12news.com | #GoDevils | PGP: AF5B CC13 DA79 3414 9D47 CFA2 4A5B B591 5E76 0757 | PGPKey: http://ow.ly/Q9Fwl
news,12:52 PM - 20 Mar 2016,TheRealQumlarea,,77,51,"Missouri, USA","38.76048,-92.5617799",http://steamcommunity.com/id/Qumlarea/tradeoffers/privacy … https://www.youtube.com/channel/UCDxNwJM4a7iq4i6RtX8mAlw … https://www.twitch.tv/nikki_bruises
journalist,6:12 AM - 24 Jul 2014,MelJohnsonTV,,413,636,"Rochester,NY","43.15728,-77.6152099",Reporter for Spectrum News @HowardU grad
news,5:44 PM - 10 Nov 2011,antant44,http://goo.gl/tsswF,56,157,Oceania,"-18.3127999,138.5156",NEWS MESSAGE for the countries of Oceania
news,12:29 AM - 16 Sep 2010,AviationUpdates,,18286,2870,"New York, NY","40.73059,-73.9865799","Breaking news about Aviation, curated by @quiboatnews."
journalist,9:04 AM - 9 Aug 2011,AbrissErik,https://secure.ppaction.org/site/Donation2;jsessionid=C1AA440B84B1D89942C0B17DD0DB777C.app259a?df_id,2111,700,Los Angeles,"34.05439,-118.2439399",make tv irl | write about tv & film url
news,7:44 AM - 23 Sep 2014,totallysurrey,,1040,1054,"Surrey, UK","51.27153,-0.341455199999998","Updated through the day. Local news, sport, leisure, jobs, homes & cars in #Surrey. Maintained by Andrew."
news,12:58 PM - 7 Aug 2015,peaceandjoy101,,35907,8758,"North Carolina, USA","35.67296,-79.0392899",#Trump2020 #TrumpsATeam Fake News #CNN #MSNBC #NYT #WaPo is the enemy of the People. God Bless the USA
journalist,7:36 AM - 21 Feb 2009,jeffplatt,http://www.twcnews.com/tx/san-antonio.html,2655,203,"UT: 32.316167,-90.900409",,Sports Reporter; Spectrum News - San Antonio
journalist,8:12 PM - 13 Apr 2013,DanBidondi,http://www.infowars.com,6307,5632,Rhode Island,"41.79624,-71.5992299","Infowars Reporter, Radio Talk Show Host, Film Maker, Researcher, Activist, Public Figure, Patriot, Constitutionalist, Follower of Yeshua"
news,2:42 PM - 10 Sep 2007,nwfdailynews,http://www.nwfdailynews.com,25453,22243,"Fort Walton Beach, FL","30.40575,-86.6188399",News and updates from the Northwest Florida Daily News
news,1:22 AM - 25 Feb 2015,crudeoilooyu,http://www.ooyuz.com/newsarticles?term=crude+oil,2227,1859,California,"36.70146,-118.7559899",News Coverage for Crude Oil
news,10:47 AM - 4 Sep 2012,TheMontegonian,http://paper.li/f-1355799815,390,586,"Montego Bay, Jamaica","18.47246,-77.9217299",Bringing western media and press to the future! A new media and press company covering the Montego Bay Area and Western Jamaica. ...
news,7:09 PM - 16 Feb 2009,northern_star_,http://www.northernstar.com.au,3324,743,NSW Northern Rivers,"-33.8412999,151.06531",Northern Rivers news every day
fire/emt,1:17 PM - 7 Aug 2013,WestonCERT,,189,181,"Weston, Florida","26.103625,-80.4030957943089",The Weston Community Emergency Response Team consists of citizens who are trained to respond to their community's needs in the event of a disaster.
wx,5:18 PM - 19 Oct 2011,RonChilders,,12057,4115,"Memphis, TN","35.14902,-90.0516199","Chief Meteorologist at WMC Action News 5. Weather nerd, BBQ judge, reef tank enthusiast, Grizzlies & Cowboys fan. 901 is home. #weather"
journalist,5:39 PM - 23 Jun 2013,BrendanBordelon,https://www.nationaljournal.com/search?a=Brendan%20Bordelon,2108,834,"Washington, DC","38.89495,-77.0366399",Tech / cybersecurity reporter at National Journal. Formerly tech at Morning Consult. Email at bbordelon@nationaljournal.com.
wx,7:47 AM - 31 May 2012,NWSBismarck,http://www.weather.gov/bismarck,7463,95,"Bismarck, ND","46.80832,-100.7837299",Official Twitter account for the National Weather Service Bismarck. Details: http://weather.gov/twitter
journalist,3:08 AM - 18 Sep 2009,sudhirchaudhary,http://www.facebook.com/sudhirchaudhary.72,711816,125,"UT: 28.562395,77.33867",,"Editor In Chief, Zee News, Zee Business, WION. Hosts India's No.1 News Show DNA every night at 9. Recipient of Ramnath Goenka Award for Hindi Journalism"
journalist,1:57 PM - 17 Jan 2017,EthanFickauKCRG,https://www.facebook.com/EthanFickauKCRG/?ref=aymt_homepage_panel,114,190,"Iowa City, IA","41.66125,-91.5299099",Born in Wisconsin. Graduated from Drake University (go Bulldogs!) News reporter for KCRG-TV9. Likes and re-tweets are not endorsements. Views are my own.
fire/emt,9:18 AM - 26 Feb 2009,SV_RedCross,http://redcross.org/siliconvalley,3799,761,"San Jose, California","37.33619,-121.8905799",Preventing and alleviating human suffering in the face of emergencies by mobilizing the power of volunteers and the generosity of donors in Santa Clara County.
fire/emt,3:22 PM - 10 Nov 2015,HRMFireNews,,2589,62,,,Following fire and emergency news in Halifax. Not formally affiliated with Halifax fire.
journalist,3:46 PM - 25 Jul 2008,LBY3,http://www.SBSun.com,2118,645,Between Disneyland and Vegas,,"@SoCalNewsGroup watchdog reporter, formerly in Virginia & Egypt. I've talked to Adam West on the Batphone and ridden in the Ecto-1. BYarbrough@SCNG.com"
journalist,5:46 PM - 22 Feb 2013,news_ian,http://www.660news.com,2750,886,"Calgary, AB","51.05305,-114.0625599","660News Senior Reporter & fun guy living in Calgary. Originally from Windsor, Ontario. Got a story idea? ianf.campbell@rci.rogers.com - My tweets are my own!"
journalist,2:43 PM - 5 Apr 2009,MeghanWPTV,https://www.facebook.com/pages/Meghan-McRoberts-WPTV/441287522624087?ref=hl,2332,1133,"West Palm Beach, FL","26.71534,-80.0533699","Reporter for WPTV, covering the Treasure Coast"
journalist,10:18 AM - 8 Sep 2010,Matt_Fox10,http://www.fox10phoenix.com/about/matt-rodewald,4905,795,Phoenix,"33.44858,-112.0773399",Proud Husband | Proud Dad | 4-time Emmy Winner. Anchor / Reporter at @Fox10Phoenix. @NBCChicago @670TheScore @MyStateline alum. @IUBloomington @geneva304 grad
disaster/accident,7:44 AM - 19 Nov 2010,BusinessDayNg,http://www.businessdayonline.com,44749,329,"Lagos - Abuja, Nigeria","6.46531,3.4512","West Africa's most authoritative business daily, a diversified provider of superior business, financial and management intelligence across all platforms"
news,11:05 AM - 15 May 2008,KFAQ,http://1170kfaq.com,2980,270,"Tulsa, Oklahoma","36.15568,-95.9929099","Tulsa's Talk Radio featuring Pat Campbell, Glenn Beck, Joe Pags, Michael Savage, The Thrive Time Show, and Mark Levin."
journalist,2:55 PM - 2 Jun 2010,Alyssa_Zauderer,http://foxnews.com,1275,1649,New York,"40.73059,-73.9865799",@FoxNews Social Media Producer. @TowsonU alum. Award-winning journalist. Middleweight Strongwoman. Email: Alyssa.zauderer@foxnews.com
fire/emt,10:12 AM - 5 Sep 2011,MPSWestminster,http://bit.ly/6k6k6g,16555,344,Westminster,"51.49732,-0.1371399","City of #Westminster Police. Please don't report crime here. Call 101, tweet @MetCC or in emergencies call 999. This account isn't monitored 24/7."
journalist,7:55 PM - 6 Jan 2012,Nataliempate,http://www.nataliepate.com,672,869,Statesman Journal,,"Journalist. Traveler. Performer. Animal Lover. Natalie covers education @Salem_Statesman, part of @USATODAY network. RT ≠ endorsement."
news,1:47 PM - 4 Jun 2015,HLpreps,http://www.kentucky.com/sports/high-school/,6091,426,"Lexington, KY","38.0464,-84.4970299","Point guard for high school sports coverage at http://Kentucky.com . We probably won't agree all the time, and that's OK Follow @itsayshere and @sullyjosh."
news,1:16 PM - 20 Jun 2011,Thunder_Digest,http://www.ThunderDigest.com,20380,861,"Oklahoma City, Okla.","35.47298,-97.5170499",An independent Oklahoma City Thunder media site.
journalist,3:22 PM - 13 Dec 2010,KateFogWIN,,1134,2026,Central West,"11.90668,-2.30456544524362","Chief of Staff @WINNEWS_CW, country kid. All it takes is courage and kindness. These are my own views."
news,10:06 AM - 18 Feb 2009,tcnjsignal,http://www.tcnjsignal.net,2129,314,"Ewing, NJ","40.26881,-74.8006799","The award-winning, student-run and student-produced weekly newspaper at @TCNJ. Established in 1885. Located in Forcina Hall room 204. Email: signal@tcnj.edu"
news,5:19 PM - 27 Aug 2015,UberXpress,http://www.UberTalks.gq,5818,1689,"Cincinnati, OH","39.10145,-84.5124599",PR Expert| Social Media Guru| Hype Lord| PR To Many| IG @UberTalks | Skype: Uber Talks | WhatSapp: +2348152207440 | Tel: (+44) 07031949645 or (+234) 08183845936
news,9:21 PM - 21 Apr 2009,vawelborn,,1085,942,"Mansfield, La.","40.75839,-82.5154399",Started new adventure at KTBS 3 News after 30 years of print journalism. Love animals and enjoy chillin' with family & friends.
journalist,5:51 PM - 3 Jan 2014,ChasingZdan,https://www.youtube.com/channel/UC3gEYsS6MfY8rwZCAnfMm_A/videos,666,474,New Jersey,"40.07573,-74.4041599","Journalist, writer, observer of things. TV investigator for Chasing News 5 nights per week: My9, FOX29, FOX5."
journalist,7:28 PM - 14 Aug 2009,itsmagesty,http://honestlyannette.com,1063,475,"New York, NY","40.73059,-73.9865799","what kind of a person steals scones from a baby? oh & also im a journalist, artist, and a recent masters graduate from @columbiajourn"
journalist,11:53 AM - 1 Jun 2010,inkyamy,,3954,1229,Harrisburg,"40.26631,-76.8861099",Writer. Still seeking answers to life's persistent questions. Retweets by errant cats' paws are not an endorsement.
journalist,5:19 AM - 26 Jul 2010,stephanieando,http://www.andrewleigh.com,9562,1583,Australia,"-24.7760999,134.755","Former ABC journo, ongoing auspol addict. Working for one of the good guys."
journalist,2:03 PM - 15 Feb 2012,MarkJacob16,,1762,730,Chicago,"41.87555,-87.6244199","I'm metro editor at Chicago Tribune, co-author of Trib's 10 Things feature, and co-author of six books on history and photography."
news,1:11 PM - 24 Jun 2010,EastHavenPatch,http://patch.com/easthaven,2176,520,"East Haven, CT","41.2762,-72.8684299",East Haven Patch is your source for local news.
news,7:12 PM - 2 Dec 2008,PurpleRow,http://www.purplerow.com,9201,534,20th and Blake,,"Comprehensive, everyday major and minor league coverage by, and for, Colorado Rockies fans. Account run by @purplerowBK. 2017 #RockiesTwitterTourney champs."
journalist,1:22 PM - 24 Jul 2015,KristenPowersTV,http://bakersfieldnow.com/,782,710,"Bakersfield, CA","35.37387,-119.0194599",KBAK/KBFX Eyewitness News | Multimedia Journalist | @bakersfieldnow | Story Ideas? Email me at kpowers@bakersfieldnow.com | RT ≠ endorsement
news,1:07 PM - 11 Aug 2014,Gary_WGEM,,194,57,,,Executive Content Producer for WGEM News
news,5:13 PM - 26 Jan 2014,TheBiCast,https://thebicast.org/,2969,1790,USA England Australia Earth,,"News, information and support podcast for the bisexual+ community. A project sponsored by BiNetUSA"
journalist,4:32 PM - 20 May 2009,CTVMercedes,http://www.ctvnews.ca,20139,3602,"Ottawa, ON","45.42103,-75.6900199","Reporter, CTV National News. Broadcaster, writer, speaker, journalist with a curious mind. Love political journalism, defence & foreign policy. Snap:mercedesctv"
journalist,5:29 AM - 28 May 2009,AbeerEtefa,http://www.wfp.org/ar,3469,992,,,#MiddleEast Senior Spokeswoman with the #UN World Food Programme (WFP). Views are my own. RT do not imply endorsements
journalist,4:10 AM - 28 Sep 2013,smritikak,https://twitter.com/smritikak,7189,938,New Delhi,"28.61389,77.21595","journalist @htTweets (Hindustan Times), ex @thehindu #poetry #prose #politics #migration #happyendings. Looking for a shoe that fits. RTS ≠ endorsements"
news,6:41 AM - 19 Dec 2013,WrestlingNewsCo,http://www.WrestlingNews.Co,198435,131139,New York,"40.73059,-73.9865799",http://WrestlingNews.co/news/wwe-news  - Latest WWE News - Also LIKE us at http://www.facebook.com/WrestlingNewsCo  #WWE #RAW #WWENetwork
journalist,11:03 AM - 23 Sep 2015,JLowellKJ,https://www.facebook.com/jessicalowelljournalst/,198,400,"Maine, USA","45.70909,-68.8590199","Journalist, communicator, thinker, writer"
wx,9:24 AM - 17 Jun 2014,WxJoeZamp,http://www.josephzampitella.com,377,300,Boston / Oklahoma / America,,management information systems // +TSRA // runnin' just in case
journalist,9:06 PM - 2 Mar 2013,CallamPickering,http://blog.au.indeed.com/,3360,1755,"Melbourne, Victoria","-37.8142099,144.96316","APAC economist at @IndeedAU. Former RBA economist and economic journalist. Sports lover, avid reader and pretty opinionated."
wx,5:48 AM - 2 Nov 2016,sdmartn86,,50,75,"Edmond, OK","35.65713,-97.4648999",Weather. Star Wars. Sharks. Packers. Braves. Kings. Tottenham. MTJ. Dogs. Photography. PS4. I tweet a lot about what I'm passionate about. You have been warned.
wx,1:20 PM - 16 Feb 2009,MorganKIRO7,http://Facebook.com/MorganKIRO7,13867,11227,"Seattle, WA","47.60383,-122.3300599","Chief Meteorologist, KIRO 7 News, CBS Seattle | @KIRO7Seattle | Cox Media Group | @nwas @ametsoc approved | IG: MorganKIRO7"
wx,10:05 PM - 19 Nov 2008,KXIITV,http://www.kxii.com,10556,1276,"Sherman,TX/Ada,OK",,Texoma's News & Weather Authority
journalist,3:44 PM - 17 Feb 2009,sushantsinha,http://sushantsinha.in,1959,785,Bangalore,"12.97911,77.59129","Founder, Indian Kanoon. PhD, University of Michigan, Ann Arbor. Tweets and RTs are personal views."
journalist,2:44 AM - 11 Nov 2010,laurenhilbert,http://www.3aw.com.au,3076,840,Melbourne,"-37.8142099,144.96316",State political reporter for @3AW693. Opinions here are my own.
journalist,3:05 AM - 15 Dec 2015,bukowski_dave,,242,214,"London, UK","51.50732,-0.1276399","#Editor and #book cover designer, originally from #Leeds Father of two lovely children, husband of a scouser :)"
journalist,5:39 PM - 3 Nov 2008,AaronMesh,http://aaronmesh.com,6175,826,"Portland, OR","45.52024,-122.6741899","Willamette Week news editor. Lapsed movie critic, Trail Blazers fan, aspiring Brutalist. Not untrue and not unkind."
journalist,7:09 AM - 18 Oct 2010,jagoncilloINQ,http://newsinfo.inquirer.net/byline/-jodee-a.-agoncillo,544,338,Philippines,"12.75034,122.73121",Reporter for the Philippine Daily Inquirer
news,12:57 PM - 19 Mar 2009,WBAY,http://wbay.com,32078,984,Serving Northeast Wisconsin,,Coverage You Can Count On. Official account of WBAY-TV news@wbay.com || (920) 437-2222 || #wbay
journalist,12:53 PM - 20 Aug 2008,rollcall,http://www.rollcall.com,350180,1122,"Washington, D.C.","36.29885,-82.3591834","Breaking news, reporter tweets and analysis from the Source for News on Capitol Hill since 1955."
journalist,12:20 PM - 23 Feb 2009,Carrasquillo,https://www.instagram.com/realadrianc/,50195,4918,"Washington, DC","38.89495,-77.0366399","White House correspondent @BuzzFeedNews | New Yorker | You merely adopted oversharing, I was born in it | Send tips, scoops adrian.c@buzzfeed.com"
disaster/accident,12:08 PM - 18 Jul 2009,juanbl,,351,635,"Seattle, WA","47.60383,-122.3300599","It's no accident, I think,that tennis uses the language of life. Advantage, service,fault, break,love.Every match is a life in miniature. #geek #tennis #madrid"
news,9:08 PM - 14 Apr 2010,News5AKSYON,http://www.news5.com.ph,305738,2194,Philippines,"12.75034,122.73121","The Official Twitter account of Aksyon, flagship news program of TV5 Network, Inc. FB: /News5Everywhere email: News5Aksyon@news5.com.ph"
news,10:34 AM - 25 May 2016,LogoOLogan,,155,252,"Fussa-shi, Tokyo","35.73718,139.33468","Veteran!!Father #RudeEsse Grownman est 2004! The WorldRotation,Woman Enjoyer, Creator, Music,News,Politics,Relig&Enjoying My Life. RIP Deh 4/20-3/16 #Timeless"
journalist,12:32 AM - 5 Aug 2014,freentglty,https://freentglty.wordpress.com/,1977,226,,,"Writer, financial advisor, runner. Scott Adams once liked 2 of my tweets . Awaiting release of my first novel 'the dark road'"
disaster/accident,12:32 PM - 20 Aug 2008,btannebaum,http://www.tannebaum.com,7078,157,"Miami, Tallahassee","30.42958,-84.2177299","Miami Native, Father, Criminal/Ethics Lawyer, Certified Sommelier, T2 Diabetic, Annoying USF Bulls Fan, Bad follower. I wrote this: http://amzn.to/29LicMS"
journalist,6:44 AM - 19 Apr 2016,TimothyWSchwab,http://journals.plos.org/plosone/article?id=10.1371/journal.pone.0172317,857,2096,"Washington, DC, USA","38.89495,-77.0366399",Journalist by training; 9-5 @foodandwater. I work on conflicts of interest in science & science reporting. All opinions are my own.
news,3:19 PM - 13 Mar 2009,TheBradBlog,,13603,1329,In the middle with you.,,From BRAD BLOG & Brad Friedman. Trouble-making/muckraking since '04! Hosts DAILY nationally syndicated #BradCast on Pacifica Radio: http://BradBlog.com/BradCast
news,7:57 PM - 25 Mar 2013,MalePositive,,4482,3700,,,"A place for positive (or fair) media representations of men and boys. Challenging and changing negative stereotypes, plus a little commentary and humor."
journalist,10:17 AM - 2 Jan 2010,kingstonreport,http://www.wickedlocalkingston.com,1487,251,"Kingston, Mass.","41.99454,-70.7244799","The Kingston Reporter is the hometown newspaper for Kingston, Mass."
wx,5:56 AM - 5 Jun 2012,NWSNorthPlatte,http://www.weather.gov/northplatte,6421,96,"North Platte, NE","41.12388,-100.7654199",Official Twitter account of National Weather Service North Platte. Details: http://weather.gov/twitter
fire/emt,10:26 AM - 22 Jul 2012,MattSchrier1134,https://www.facebook.com/urgentweatherinfo,523,1017,"Cranford, NJ","40.65843,-74.2995899","Storm chaser, severe weather enthusiast, future firefighter and meteorologist. Interested in the emergency services. Landmark College of Vermont class of 2020"
journalist,7:30 PM - 23 Mar 2009,bkives,http://cbc.ca/manitoba,17117,4459,Winnipeg,"49.88333,-97.1666699","Reporter at CBC Manitoba. Author of A Daytripper's Guide to Manitoba. Co-author, Stuck In The Middle. Food geek. Paddler. Hiker."
journalist,10:18 AM - 1 Jun 2013,chduts,http://christineduts.com/,852,859,"Los Cabos, Mexico","23.271845,-109.689760100606","Author & director at Paradise Tails, animal sanctuary"
news,8:42 AM - 25 Jan 2013,TheAustraliaHub,,228,0,,,"Breaking news about Australia, curated by @quiboatnews."
journalist,6:45 PM - 8 May 2014,TheJihyeLee,https://soundcloud.com/thejihyelee,1696,1810,Republic of Korea,"35.3985,127.93711","Freelance journalist in Seoul. Find me on @NPR and @BuzzFeed. A proud Third Culture Kid, @ColumbiaJourn alum, former @AP intern."
journalist,8:04 AM - 24 Feb 2009,KrisKetzKMBC,http://KMBC.com,25374,12017,Kansas City,"39.08446,-94.5630199",6 & 10pm Emmy Winning Anchor. Almost 34 years at @KMBC (Links & RT's are not endorsements. Opinions are mine.) Husband to the wonderful @RadioDana on @KMBZRadio
journalist,2:53 PM - 3 May 2009,odanu,http://www.amnottheonlyone.com,8876,5706,Missouri,"38.76048,-92.5617799","Wide ranging discussions. Writer, blogger, social worker, therapist, feminist, gardener, knitter, crocheter, beginning seamstress, optimist, #uniteblue"
journalist,12:45 PM - 3 Oct 2010,MMorton980,http://www.cknw.com,1633,974,Vancouver,"49.26089,-123.1139299",News Anchor/Reporter @CKNW | I tell jokes sometimes | hip on IG @msmichellemorton | Opinions do not reflect my employer
news,2:11 PM - 9 Nov 2012,IolaRadio,,531,73,,,Iola's Radio Station!
news,4:39 AM - 26 Mar 2017,Paris_Newz,,1878,3435,Global,,The latest news of interest about #paris in one place!
news,2:54 AM - 12 Mar 2015,LivingPositive8,https://www.facebook.com/lovequotesnsayings/,124445,119697,,,Visit website and all inspirational posts will start to pop up on your news feed - http://www.thelawofattractionpage.com/
wx,6:12 PM - 28 Feb 2012,WxMstr,http://www.tornadotitans.com,10392,99,"Norman, Oklahoma","35.22257,-97.4394799",I get close to tornadoes and try to take the best pictures possible of them. Follow me if you love amazing photography. Soon to be RD
journalist,9:18 PM - 17 Jan 2011,Reshma416,http://statesman.com/thetalk,387,254,"Austin, Texas","30.27112,-97.7436899",Storyteller-artist. Emmy-award winning video journalist for @statesman. More at rkirpalani@statesman.com
police/traffic,10:44 PM - 12 Feb 2011,TrafficsBooster,http://goo.gl/3SgrLH,2485,3263,USA,"39.78373,-100.4458799",Improve SEO & boost traffic to your website! http://goo.gl/3SgrLH
fire/emt,3:00 PM - 8 Aug 2012,ORStatePolice,http://www.oregon.gov/OSP,30488,316,"Oregon, USA","43.97927,-120.7372499","OSP is a full-service public safety agency. For emergencies call 911 or OSP dispatch center. Looking for more info @ OSP, please visit our website."
journalist,8:50 PM - 27 Feb 2009,uslaw1a,http://about.me/ma73.87,96,40,United States DC MA TRIAL LAW,,"trial lawyer fed/st usdc ma,us ct of appeals,1st 3rd Cir SCOTUS ringlawfirm ma dc ny~~ uslaw@comcast.net ~~ writer K1UN full profile: see linked in"
news,8:04 PM - 16 Jan 2013,MarkEllisDaily,,666,593,"Los Angeles, CA","34.05439,-118.2439399","Breaking news about Mark Ellis, curated by @quiboatnews."
news,1:18 AM - 29 Jan 2013,DefPenHoops,http://DefPen.com,11583,1947,"Brooklyn, NY","40.6501,-73.9495799","Official basketball page for @DefPenSports | Latest #NBA news, highlights, injuries and more!"
news,6:34 AM - 7 Jul 2016,SECCountrySC,https://www.seccountry.com/south-carolina,2813,4082,"Columbia, SC","34.00074,-81.0343299",Mike Wilson (@ByMikeWilson) and Hale McGranahan (@Hale_SECcountry) cover the South Carolina Gamecocks like nobody else. From Cox Media Group. #Gamecocks
journalist,6:08 PM - 11 Aug 2008,radleybalko,http://www.washingtonpost.com/news/the-watch/,60228,1472,"Nashville, TN","36.16222,-86.7743499","Journalist with the Washington Post. Author of the books ""Rise of the Warrior Cop"" and ""Dr. Death and the Country Dentist"" (coming in February)."
news,11:48 PM - 9 Jul 2009,FairfaxRegional,,2563,879,Australia,"-24.7760999,134.755",Hand-picked articles & updates from Australia's greatest source of regional news. Also: @FairfaxVIC @FairfaxNSWnorth @FairfaxNSWsouth @FairfaxWA @FairfaxSA
news,1:51 AM - 17 Oct 2014,racismolizer,http://racism.trendolizer.com,1369,646,,,The most trending news about racism as collected by Trendolizer
news,2:39 PM - 14 Nov 2016,PinecrestPatch,http://www.patch.com/florida/pinecrest,24,35,"Pinecrest, FL","25.667695,-80.302474044385","Hyperlocal news, alerts, events and more. We're your source for all things Pinecrest."
news,6:16 PM - 23 May 2011,WINNews_Riv,http://www.wintv.com.au/south_west_tablelands/home,2299,104,"Riverina, NSW","-35.1280299,147.36814","WIN News, your Local News, weeknights at 6pm"
journalist,10:54 AM - 28 Jun 2008,Azi,http://POLITICO.com/states/NEW-YORK,25956,4095,New York City,"40.73059,-73.9865799","Been called "" A Disgrace,"" ""Middle Eastern David Schwimmer,"" & ""Mr Politico."" U can call me a reporter. RTs mean nothing. APaybarah at Politico // 917-723-7962"
journalist,11:49 AM - 8 Jun 2010,nktpnd,http://www.ankitpanda.com/#about,15860,883,keybase.io/ankitpanda,,"Senior Editor @Diplomat_APAC in NYC. Thinking/writing/speaking on global security, politics, and economics. Via @WilsonSchool. Views mine & RT≠=."
fire/emt,5:32 PM - 12 Jan 2009,WCSheriff,http://www.WCSheriff-OR.com,23060,123,"Hillsboro, Oregon","45.52289,-122.9898199","Washington County Sheriff's Office, Sheriff Pat Garrett. Our mission is conserving the peace through values driven service. Non-emergency dispatch: 503-629-0111"
news,7:46 AM - 25 Jun 2009,RockRiverTimes,http://www.rockrivertimes.com,3836,80,"Rockford, IL","42.27139,-89.0939599",Rockford's independent news source. Celebrating 30 years. 815-964-9767. Events: http://rockrivertimes.com/happenings/
news,11:32 PM - 15 Jun 2012,Zona_Marketing,,60013,58316,Espana,"40.0028,-4.0030999","Información, noticias, cursos etc referentes a Marketing, Publicidad, Marketing Online, Social Media, redes sociales etc. en Espanol."
news,2:33 PM - 23 May 2009,barbs73,http://www.BarbaraArnwine.com,9378,1854,"Washington, DC","38.89495,-77.0366399",Founder/President Transformative Justice Coalition. Civil rights activist & Igniting Change Host Radio One. Securing right to #vote 4 ALL. Listen Tuesday/Noon
journalist,8:56 PM - 14 Sep 2008,VIGALANTEE,http://www.spreaker.com/vigalantee,921,1531,KANSASCITY,,"activist,emcee,freedom fighter,reason4rhymes writer and Author! for booking hit me up@vigalantee"
journalist,9:05 PM - 16 Jun 2009,connman22,http://northjersey.com,425,1268,,,"Breaking News Editor http://Northjersey.com  The Record (Bergen County, NJ) - Part of The USA Today Network"
journalist,7:06 PM - 10 May 2009,TheTomGeorge,http://tomgeorge.org,2506,450,"Las Vegas, NV","36.16628,-115.1492199",TV Reporter for @KTNV . Vegas via MD-GA-OKC . @UofMaryland Alum
news,4:09 PM - 21 Feb 2009,MichiganRadio,http://www.michiganradio.org,36983,618,Southern Lower Michigan,,"Your NPR News Station. 91.7 Ann Arbor/Detroit, 91.1 Flint, 104.1 West Michigan. Follow our reporters: https://twitter.com/MichiganRadio/lists/michigan-radio-people …"
news,11:08 AM - 3 Dec 2009,hereandnow,http://hereandnow.org,26762,15773,Boston,"42.36048,-71.0595599","Here & Now is @NPR's midday news magazine, produced at @WBUR and hosted by @hereandnowrobin and @jeremyhobson."
news,5:22 AM - 24 Feb 2014,Jan_Satyagrah,http://www.jansatyagrah.in/,3252,696,,,"Jan-Satyagrah - a digital media platform that accommodates the congeries of fiery thoughts, real issues, investigations, and litigations."
journalist,7:49 PM - 25 Jun 2008,DanielConnolly,http://www.danielconnolly.net,1208,786,Memphis,"35.14902,-90.0516199","Reporter for The (Memphis) Commercial Appeal, specialist in immigration coverage and author of The Book of Isaias, nonfiction on immigrants' kids."
journalist,10:29 AM - 20 Mar 2009,LToddWood,http://LToddWood.com,70415,60572,NYC/DC/Moscow,,"Pilot,bond trader,novelist-Writes history, politics, economics. Author historical fiction, Columnist Washington Times, Foreign Correspondent"
news,1:16 PM - 14 Jan 2014,cveidson,http://tmeinecke.com,2307,5001,Chicago,"41.87555,-87.6244199","she/her | social justice news aggregation. also D&D, bots, humor, poetry, personal thoughts."
journalist,9:05 AM - 20 Aug 2012,PaulHandley2,,1542,627,Washington DC,"38.89495,-77.0366399",US National Security correspondent @AFP; ex-Saudi bureau chief; proud FEER alumnus in Asia; author of 'The King Never Smiles' bio of late Thai king
news,4:54 AM - 17 Apr 2012,InPsychiatry,http://www.psychiatry.hcsm.in,220,18,New Delhi,"28.61389,77.21595",Top News and Links for the India Psychiatrist
govt,10:59 AM - 23 Mar 2009,hsuood,http://suoodanwar.com/people/husnu-al-suood/,31932,9788,"Male, Maldives","4.175415,73.5102038324873","Lawyer, President of Maldives Bar Association, former Attorney General of Maldives, former Chief Judge, former member of the National Human Rights Commission."
news,6:03 PM - 19 May 2009,SecurityWeek,http://www.securityweek.com/,111700,2562,"Global, Cybersecurity, Infosec",,"Internet and Enterprise Security News, Threats, Insights and Expert Analysis #SCADA #infosec Coverage"
news,9:41 AM - 11 Jun 2012,SyracuseReport,,1556,365,"Syracuse, NY","43.04812,-76.1474199","Breaking news about Syracuse, NY, curated by @quiboatnews."
news,5:47 AM - 11 Dec 2016,GadgetsTricks,https://www.youtube.com/channel/UChUqeQNmgNhc_g8fdNvi47Q,303,1108,India,"22.35111,78.66774",Visit My Site : http://gadgets-tricks.blogspot.in  Follow On Facebook : http://facebook.com/gadgetstricks01  Subscribe My YouTube Channel : http://goo.gl/yUz3lf
police/traffic,10:01 AM - 6 Oct 2010,fl511_tampabay,http://www.FL511.com,3858,107,Tampa Bay,"27.68864,-82.5723099","511 Tampa Bay #traffic info provided by @MyFDOT. Know before you go, don’t tweet & drive. #Tampa #Hillsborough #Pinellas #Pasco #Lakeland #Polk #SRQ"
journalist,1:55 AM - 8 Mar 2009,MrDenmore,http://failedestate.com,11934,1447,Australia,"-24.7760999,134.755","Ex-journalist, ex-broadcaster, ex-catholic, ex-hausted. These views ex-clusively my own."
wx,7:53 PM - 12 Apr 2009,McBeeWX,http://www.mcbeewx.com,10541,5784,Colorado/Oklahoma,"36.90901,-100.5334499","Storm chasers Chris & Rachel McBee, bringing you severe weather and storm chasing updates! All media inquiries go to @KDRMedia."
news,7:27 AM - 25 Jul 2016,LiveNewsNigeria,http://livenewsng.com,195,58,Nigeria,"9.60003,7.99997",Nigeria News Today | Breaking News | Nigerian newspapers
news,8:21 AM - 4 Aug 2008,TIMEWorld,http://world.time.com,64314,118,,,Breaking international news and analysis from TIME's correspondents around the world.
journalist,6:51 AM - 20 Nov 2013,Katielangford35,,182,284,"Colorado, USA","38.72517,-105.6077099","Education reporter at @DailySentinelGJ, Colo native, amateur cook/baker, travel addict. Send tips+baby sloth videos: katie.langford@gjsentinel.com. (RT≠endorse)"
journalist,2:40 PM - 14 Oct 2014,Jennymartineztv,http://facebook.com/jennifermartinezreports,629,336,"Tucson, AZ","32.22174,-110.9264699",News Reporter @KGUN9 - Universe believer. Lola's mom. Boston to Tucson. Story idea? Email me Jennifer.martinez@kgun9.com
journalist,7:06 PM - 23 Feb 2010,RunGomez,https://www.facebook.com/camediajobs/,3788,1196,"El Centro / San Diego, CA","32.6184,-116.1859099",Now: The Conversation writer at @sdutideas. // Get a list of #journalismjobs in California sent to you every Friday: http://bit.ly/CA-MEDIA-JOBS
journalist,7:54 AM - 3 Apr 2009,AllenHenry,http://AllenHenry.com,1579,1180,"Montgomery, AL","32.36696,-86.3006399",Reporter for @WSFA12News. @OhioU Bobcat @cavs fan RTs ≠ endorsements. Opinions are my own.
news,5:20 PM - 27 Jul 2009,SeattleNewsHeds,http://www.NewsByState.com/seattlewa.htm,1503,0,USA,"39.78373,-100.4458799","Latest news headlines about Seattle, Washington"
news,7:32 PM - 23 Apr 2012,HedgeBz,,18764,5863,,,#HEDGE curates #Business #Wallst #Politics & #FinTech news from top publishers.
news,2:32 AM - 28 Aug 2014,PhoenixDailyNew,,15244,5887,"City of Phoenix, Arizona","33.42376,-112.1084999","Local news, sports, business, politics, entertainment, travel and opinion for Phoenix and Arizona. DM us 24/7"
journalist,7:39 PM - 31 Jan 2011,MichelleRindels,http://www.thenevadaindependent.com/,8801,1968,"Carson City, NV","39.16379,-119.7673999",Nevada-based politics reporter @TheNVIndy. Formerly of @AP. @NAHJ Financial Officer. Email me: michelle@thenvindy.com
news,3:30 AM - 5 Dec 2016,NewsTopNigeria,http://newstop.com.ng,21,87,Nigeria,"9.60003,7.99997",For your top breaking news and insightful editorial analysis. http://www.newstop.com.ng
journalist,3:55 PM - 26 Aug 2009,jmooallem,http://jonmooallem.com,8551,1032,An island next to Seattle?,,"writer at large @nytmag, author WILD ONES"
journalist,6:24 AM - 26 Sep 2013,AndrewGiambrone,http://www.washingtoncitypaper.com/news/housing-complex,2234,1724,"Washington, D.C.","36.29885,-82.3591834","Housing Complex reporter for @WCP. Alum of @TheAtlantic, @Yale. New Yorker with a dog named after Albert Camus. agiambrone@washingtoncitypaper.com"
news,5:29 AM - 3 May 2012,RadioWaFm,http://www.radiowa.org,378,493,"Lira, Uganda","2.33485,32.9386761716544","Community Radio operating in Lira - Northern Uganda. Based on Christian values. Focus on social, developmental and peace-making issues."
journalist,7:53 AM - 19 Jul 2015,doctor_oxford,http://doctoroxford.com,15196,1249,"Oxford, England","51.75201,-1.2578399",Doctor. Author @jblakebooks. First book #YourLifeInMyHands out 13.7.17 - the truth about life on the NHS frontline. http://bit.ly/YourLifeInMyHands …
police/traffic,11:20 AM - 26 Jan 2012,PeoplesLawChi,http://peopleslawoffice.com,3436,774,Chicago,"41.87555,-87.6244199","A Chicago-based law firm fighting for civil rights in police brutality, false arrest and wrongful conviction cases, along with defending activists."
news,4:51 AM - 2 Jul 2013,DraftDiamonds,http://nfldraftdiamonds.com,147969,162796,Florida,"27.75676,-81.4639799","Scouting Company dedicated to helping small schoolers. NFL Transactions, News and Rumors Small School Consultants for E/W Shrine Game #NFL #FCS #D2 #D3"
journalist,7:59 PM - 19 Sep 2009,to_pvr,,509,134,"Chennai, India","13.07969,80.28295",Used to read a lot; work in Retail & ITES sectors; Author of 3 Tamil books. Now *விட்டு விடுதலையாகி நிற்பாய் அந்தச் சிட்டுக்குருவியைப்போலே*
disaster/accident,11:17 AM - 8 Aug 2011,FBIIndianapolis,http://www.fbi.gov/indianapolis/,4940,9,"Indianapolis, IN","39.76833,-86.1583499","Welcome to the official FBI Indianapolis Twitter. To submit a tip on terrorism or a federal crime, please go to https://tips.fbi.gov  ."
journalist,1:29 PM - 9 Apr 2007,AwardsDaily,http://www.awardsdaily.com,26476,2923,Los Angeles,"34.05439,-118.2439399","You all know me, know how I earn a living editor of http://www.awardsdaily.com . Proud Obama/Clinton democrat."
news,9:06 PM - 31 Mar 2012,mysummitexpress,http://www.thesummitexpress.com,5924,769,"Makati City, Philippines","14.55688,121.02353","The Official Twitter account of http://TheSummitExpress.com , a reliable online news portal in PH. IG:https://instagram.com/mysummitexpress/ … FB:https://www.facebook.com/mysummitexpress"
fire/emt,9:21 AM - 28 Nov 2014,IraGreenbacker,https://en.gravatar.com/iragreenbacker,65,39,Washington,"38.89495,-77.0366399","Reformed attorney,l now a real person. Feel the heat without catching fire."
news,7:20 AM - 15 Apr 2009,LadyWildgans,,2538,557,"South West, England","50.59477,-1.9521899","Once famous radio person, Epilepsy warrior, COYI."
journalist,9:03 AM - 25 Jun 2009,jonelmer,https://www.instagram.com/jseltd/,2052,167,Toronto,"43.65292,-79.3848999","Canadian journalist; Middle East since '03, primarily West Bank/Gaza; currently, jihadist researcher on a doc team."
news,7:55 AM - 13 Jun 2012,RadioX1035,http://1035x.net,91,81,"Pittsburg, Kansas","37.41088,-94.7049599","Radio X 103.5, The evolution!"
journalist,12:13 PM - 7 Oct 2016,nareen_shammo,http://Yazidistories.com,1477,41,,,My new & official account. An investigative Journalist&Minority Rights Activist. shammonareen(at)mail(dot).com Either i will find a way or i will make one
journalist,2:17 PM - 26 Mar 2009,aQuoteAday,https://www.facebook.com/hanguoyu,53826,0,"California, USA","36.70146,-118.7559899",Writer & Language educator. I want to inspire people. I want someone to look at me and say; because of you I didn't give up. and
wx,3:31 PM - 18 Jul 2014,qldstorms,http://qldstorms.com,288,206,South East Queensland,"51.35184,1.25399999999999","Weather news from Brisbane and QLD, Australia."
journalist,1:33 PM - 15 Mar 2014,aadharscam,,1774,1606,mars,"44.00096,3.55604","Citizen journalist .political n strategic analyst .Technology, Startups, Entrepreneurship, Investing. operated by @angryyoungman11"
wx,1:21 PM - 3 Jun 2014,NWStornado,http://www.weather.gov/twitter,58140,0,,,Official Twitter account for the National Weather Service used to distribute experimental tornado warning impact graphics. Read more at: http://goo.gl/cCCw1s
journalist,6:05 AM - 17 Jun 2012,AdityaMenon22,,9377,2738,Delhi,"28.65171,77.22193",Associate Editor with @CatchNews. Opinions are my own.
journalist,3:16 PM - 16 Oct 2013,Dale_Pankhurst,http://viewsofaunionist2.blogspot.com,2465,913,"Ballysillan, North Belfast",,Unionist/Loyalist. Orangeman & Bandsman. Political and community activist. Campaigned for Brexit. My own views.
journalist,7:51 AM - 11 Apr 2012,VKeppler,,805,830,"Eersterust, Pretoria","-25.7144899,28.32213","Pretoria Bureau Chief: The Citizen newspaper. Not a ja baas kind of girl, outspoken, fearless, single mother of four. I speak my mind! My views, my opinions."
police/traffic,6:55 AM - 30 Aug 2011,SJSOPIO,http://www.sjso.org,4782,158,"Saint Augustine, Florida","29.89469,-81.3145299",The St. Johns County Sheriff's Office is dedicated to our mission statement of Taking care of people.
disaster/accident,2:52 PM - 3 Jun 2010,JimRobinsonSEA,,31531,31637,,,"TRUMP Israel Atty, Bus School Grad, NRA Fmr Mustang USMC Capt 0802 White Anglo-Saxon Catholic Fam served every American War since 1620 Libtards"
journalist,7:01 PM - 21 Apr 2009,DevineNews,http://www.christinedevine.com,33231,4824,"Los Angeles, CA","34.05439,-118.2439399",Los Angeles News Anchor Fox 11 at 10pm @FoxLA #WednesdaysChild Host Christine.devine@foxtv.com
journalist,11:52 PM - 15 Jan 2010,BilalKareem,http://ogn.news/,56844,129,Syria,"34.64018,39.04941",Journalist & documentary filmmaker. Most conflicts can be resolved through understanding the opposing point of view & a desire to create win-win solutions.
journalist,2:01 PM - 22 Jan 2009,tobyharnden,http://www.tobyharnden.com,19896,6969,Washington DC,"38.89495,-77.0366399","Journalist, author, father. The Sunday Times (UK). Books: Dead Men Risen (Orwell Prize winner) & Bandit Country. Ideas, tips: toby.harnden@sunday-times.co.uk"
journalist,5:40 AM - 26 Feb 2009,pspoole,https://pjmedia.com/columnist/patrick-poole,7942,625,,,"Outlaw. National security and terrorism correspondent, @PJMedia_com. RTs ≠ , etc. May not follow back. Nothing personal."
news,5:00 AM - 15 Jun 2009,smcnz,http://www.sciencemediacentre.co.nz,5529,761,New Zealand,"-41.5000799,172.8344","Independent, unbiased scientific information for the New Zealand media"
news,4:08 AM - 18 Jan 2012,Heytamilcinema,http://www.heytamilcinema.com,135165,164,"Chennai, India","13.07969,80.28295","South Indian entertainment Portal, one stop destination for Kollywood news & much more | FB ,Telegram ,Insta :Heytamilcinema | Email : heytamilicinema@gmail.com"
fire/emt,7:13 PM - 1 Mar 2012,ALGANCTNwx,,678,1055,SW Georgia,"41.68097,44.02873","Weather Watcher, Navy Mom, Emergency Medicine, Loves Auburn, Loves Tuskegee, Loves the states of Alabama., North Carolina and Georgia!"
journalist,9:10 PM - 17 May 2015,mildredtuhaise,,11012,228,Kampala /Uganda,"0.31771,32.58135","News anchor , Show host , Moderator, MC, reporter, Farmer. Currently working with @nbstv. Retweets not endorsements."
news,5:50 PM - 2 Feb 2011,FirstOnSceneMed,,6232,5344,South Australia,"-30.5343599,135.63012",Freelance Media Company providing ENG to @ABCNewsSA @7NewsAdelaide @9NewsADEL @TenNewsAdel Cameraman.We use Sony XDCAM and Dejero to get the news to you.
govt,11:57 PM - 20 Sep 2016,DGNewsClips,,762,28,,,"One stop place to keep a tab on all things happening within Delhi Govt. Follow & stay updated, every moment."
news,10:17 PM - 8 Aug 2011,PuneDailyNews,http://tbnn.it/pune,2050,108,"Pune, India","18.643955,73.9325641441199","Curating the best media feeds in Pune. Part of the 400-city The Breaking News Network, the largest community news network supporting the social good"
news,12:51 AM - 24 Feb 2014,NewsNevada_,http://www.newslocker.com/en-us/region/nevada/,855,855,,,Find your latest news about Nevada with just one click. Don't miss out on anything happening in your region!
govt,5:29 AM - 21 Sep 2010,SollyMsimanga,https://www.facebook.com/tsmsimanga,131817,112351,Tshwane,"-25.7458299,28.18671","God Fearing Proud Dad, Husband, Philanthropist. Executive Mayor of the City of Tshwane"
news,2:34 PM - 9 Aug 2013,amulegai,http://thespotlightpost.co.ke,14674,8821,The Spotlight Post,"36.159,-115.0635399",The incumbent Kenyan blogger. Web Designer . YouTuber . Social Media Strategist . Founder: @TheSpotlightKE . Email: info@thespotlightpost.co.ke
journalist,3:17 PM - 2 Nov 2008,amnestyOz,http://www.amnesty.org.au,54646,4153,Sydney,"-33.8548099,151.21645","Fighting bad guys since 1961. #HumanRights news, views, events & calls to action. RT ≠ endorsement."
journalist,10:29 AM - 1 Dec 2009,Mamievandoren,http://mamievandoren.com,2995,85,Hollywood/Newport Beach,"36.8607,-76.1802099","Actress, Author, Blonde Bombshell"
news,2:28 AM - 28 Nov 2014,Adrenolizer,http://adrenalin.trendolizer.com,362,261,,,The most trending adrenalin-rush news as collected by Trendolizer
news,4:20 AM - 22 Jan 2009,roadcc,http://www.road.cc,66801,555,"Bath, United Kingdom","51.38138,-2.3596899","The website for pedal powered people: Cycling, News, Reviews and bicycles"
news,10:56 PM - 4 Apr 2013,FGBREAKING,http://www.famagusta-gazette.com,15025,69,Nicosia,"35.17393,33.36472",FG NEWS - Famagusta Gazette. Leading and trusted news source from Cyprus in English updated 24/7. Est 1999. No affiliations - just news.
news,12:17 PM - 10 Dec 2008,BlackNews,http://www.BlackNews.com,82261,30747,"Columbus, OH","39.96226,-83.0006999","Daily African American news, commentary and celebrity photos. Join us on Facebook at http://www.Facebook.com/BlackNews"
police/traffic,11:15 AM - 22 Sep 2010,Retired_PlymFIM,https://www.devon-cornwall.police.uk/,1218,626,Plymouth,"50.37126,-4.1425599","On pre-retirement leave after almost completing 30 years to the day as a police officer. All views are my own, unless I've retweeted you of course!"
journalist,11:13 AM - 8 Jan 2014,BradleyPoage1,https://www.goodreads.com/author/show/6891115.Bradley_Poage,2496,4261,,,"#Indie #Author for#kindle, #kindleunlimited Favorite #Genres: #horror, #scifi, #thriller, #Action, https://www.amazon.com/s/ref=nb_sb_noss_2?url=search-alias%3Daps&field-keywords=bradley+poage … http://www.clickasnap.com/bradleypoage"
journalist,10:48 PM - 20 Jan 2010,AjayAggarwalHT,https://www.instagram.com/ajayaggarwal2020/,461,298,New Delhi,"28.61389,77.21595",Photo Editor (Delhi) @HtTweets.
journalist,11:37 PM - 22 Mar 2011,Ritvip1987,,662,577,Bhopal,"23.25309,77.39627",Principal Correspondent @DB Post
fire/emt,11:07 AM - 29 Apr 2015,CyntWhite,,2773,2690,United States,"39.78373,-100.4458799","EMT, Environmentalist, Animal advocate vegetarian, humanitarian #savewildhorses #banhorseslaughter #ponso #nosey #banfactoryfarms * some tweets graphic"
journalist,4:17 PM - 24 May 2012,TDSSherryBarkas,http://DesertSun.com,1680,732,"Palm Springs, CA","33.82462,-116.5402999","I'm a Desert Sun (@mydesert) reporter who tweets news in the Coachella Valley with an emphasis on Cathedral City, Desert Hot Springs, veterans and breaking news"
wx,2:48 PM - 8 Apr 2009,WIFR_StormTeam,http://www.wifr.com,2695,79,"Rockford, IL","42.27139,-89.0939599",Weather from 23 WIFR
journalist,6:19 AM - 4 Jan 2013,lionelbarber,http://www.ft.com,45075,455,London,"51.50732,-0.1276399","Editor of the Financial Times. Rides bikes, plays cricket, listens to opera, speaks German and travels light, Big Spurs fan"
news,12:45 PM - 16 Apr 2012,EuropeanKurds,,36579,4018,"Brussey, France","47.3003,5.81014",Tweets about the #Kurds and the problems in the middle east. News philosophy and politics - #BijiKurdistan / #TwitterKurds / #Peshmerga / #ProIsrael
news,1:29 AM - 7 Jul 2014,IrelandinNL,http://www.embassyofireland.nl,1523,853,"The Hague, The Netherlands","52.07998,4.31134",News from Embassy of Ireland team in The Hague. Amb @kevinthehague is on Twitter too. Queries: http://tinyurl.com/h8c8gg2  Twitter policy: http://bit.ly/1cURCpX
news,10:40 PM - 10 Mar 2015,CyberChamber,,87,0,,,This service uses @ifttt to automatically tweet links to new @UKParliament news items. Built by ^James (@jaCattell)
news,9:40 PM - 10 Apr 2013,SportsTapApp,https://itunes.apple.com/us/app/sports-tap-illustrated-pro/id563794295?mt=8,8102,27,Everywhere sports are played,,"Sports Tap: Sports news from the NBA, NFL, NCAA, NHL, MLB, UFC and more."
police/traffic,4:27 PM - 2 Oct 2009,RiversidePolice,http://www.rpdonline.org,8323,250,"Riverside, California, USA","33.95335,-117.3961599","The official tweet of the Riverside Police Department, Riverside, California. Find us on Facebook, too!"
news,12:41 PM - 29 Nov 2014,Fort_Wayne_News,http://www.newslocker.com/en-us/region/fort-wayne/,540,635,,,Find your latest news about Fort Wayne with just one click. Don't miss out on anything happening in your region!
journalist,9:06 AM - 16 May 2011,NYTBen,http://nyti.ms/1NcgxJE,26817,1259,متنقل,,Middle East Correspondent for The New York Times. مراسل جريدة نيويورك تايمز في الشرق الاوسط hubbard at nytimes dot com
journalist,12:00 AM - 6 Feb 2012,_SarahMcPhee,http://aapnewswire.com.au,518,1095,"Sydney, New South Wales","-33.8548099,151.21645",Journalist & Queenslander in Syd Lover of the great outdoors (thanks to Ernie Dingo). Puns are my jam. Views are my own. Got a story? smcphee@aap.com.au
news,9:46 AM - 17 Aug 2009,GMWatch,http://www.gmwatch.org,32993,1597,,,Countering the propaganda of the biotech industry. Subscribe to free email newsletters: http://www.gmwatch.org/news/newsletter-subscription …
journalist,1:00 AM - 16 Jun 2009,PropertyJourn,http://www.propertynewshound.com,20182,555,Topsham,"50.68507,-3.4657999","Property writer, Devonian, F1 obsessive, cinema enthusiast, labradoodle walker. Getting on a bit now but still no sign of a proper job."
news,1:43 AM - 22 Jun 2014,DailySanDiego,,16304,7069,"San Diego, CA","32.71742,-117.1627699","Follow for San Diego's breaking news, special reports, entertainment and more from @DailySanDiego"
wx,9:43 PM - 11 Nov 2008,nbnnews,http://www.nbnnews.com.au,15520,619,Australia,"-24.7760999,134.755","NBN News - Every night at 6pm. News, Sport and Weather covering the Central Coast to the Gold Coast"
journalist,2:15 PM - 31 Mar 2009,pollycurtis,http://www.theguardian.com,20135,1276,London,"51.50732,-0.1276399",Now: director of media at the British Red Cross. Before: journalist at the Guardian. Always: Ivy and Tam's mum.
disaster/accident,4:05 PM - 30 Jan 2012,critcrim,http://radicalcriminology.org,4626,3250,"Surrey, BC","49.18508,-122.8446499","Working Group at Kwantlen Polytechnic University, publishers of the open access journal: Radical Criminology (and THOUGHT|CRIMES Press)"
news,2:15 PM - 30 Apr 2009,MarysvilleTweet,http://www.marysvilleonline.net,762,112,"Marysville, KS","39.84111,-96.6472399","The Marysville Advocate is a weekly community newspaper in Marysville, Kan."
journalist,1:38 AM - 7 May 2015,Rajasekaran_RK,,315,183,Madurai,"9.83333,77.83333",Journalist @NewIndianXpress *Opinions are not official but personal
news,11:46 AM - 24 Dec 2010,gistpunch,http://www.gistpunch.com,676,307,Lagos,"6.45505,3.39417","Latest News on Entertainment, Sport, Music and Politics around the Globe. Contact us on 08095381635 and gistpunch@gmail.com for Advertisement"
journalist,4:29 AM - 24 Feb 2011,BBCMarkDaly,,18626,1319,"Glasgow, UK","55.85665,-4.2435799","BBC Scotland investigations correspondent, sometimes Panorama. Looking at the stories some people don't want you to hear. Sensitive stuff to mark.daly@bbc.co.uk"
journalist,8:39 AM - 28 Jul 2011,JamesDeanNOW,http://www.abc.net.au,371,119,"Bendigo, Victoria","-36.7588699,144.28259","ABC Central Victoria Journalist, based in Bendigo. RMIT Alumni. Passionate Gamer. Views and RT's are my own. Contact me via email at: dean.james@abc.net.au"
journalist,8:13 PM - 3 Jun 2013,TheLadiesFinger,http://theladiesfinger.com,11818,879,,,A feminist zine. Women's news and features. We write what we want to read. Want our weekly newsletter? Subscribe: http://bit.ly/1k6u0sw .
police/traffic,8:41 PM - 19 Jul 2009,sussex_police,http://www.sussex.police.uk/contact-us/,142247,999,"Sussex, UK","50.944675,-0.0619300095238065","Policing news, advice and occasional humour from Sussex Police, UK. We can't reply 24/7. To report something please visit our website."
news,1:37 AM - 1 May 2014,EntertainmntNWS,http://www.newslocker.com/en-us/news/entertainment/,552,664,,,Find your latest Entertainment news with just one click. Don't miss out on anything happening!
govt,7:21 AM - 23 Jan 2009,SadiqKhan,http://Sadiq.London,540864,8228,"Tooting, London","51.42665,-0.1690699",Mayor of London. #TeamKhan
news,12:16 PM - 4 Feb 2009,K24Tv,http://www.mediamaxnetwork.co.ke/livestream/,774112,1316,"Nairobi, Kenya","-1.2832499,36.81724",K24 is Kenya's number 1 Social TV station. Follow us on instagram http://instagram.com/k24tv  Periscope: https://www.pscp.tv/K24Tv
news,7:00 AM - 2 May 2016,Orsu24News,http://www.orsu24news.com,766,48,Nigeria,"9.60003,7.99997","Orsu 24 News is an independent and of the foremost community media outfit in Nigeria, dedicated in News publishing etc. Our Media is public trust and reliable."
disaster/accident,3:22 PM - 28 Sep 2016,ldnbikercrime,https://www.facebook.com/ldnbikercrime,303,63,"London, England","51.50732,-0.1276399",Gathering intelligence from the net on London Motorcycle Thefts and crime.
police/traffic,10:09 PM - 27 Sep 2012,OkkiPepernoot,,570,507,Netherlands,"52.237985,5.53460236308316","Police analyst in The Hague. Relentlessly curious. Koestert pet hates. 3lingual tweets. RTs ≠ endorsement, = bookmark."
journalist,5:42 AM - 6 Dec 2016,SKZCartoons,https://www.facebook.com/SKZCartoons/,3238,1085,Spain,"40.0028,-4.0030999",Seeking publisher/agent for novelty book version of my cartoons which are published here and in @theNewEuropean.
journalist,11:42 PM - 11 Jun 2012,Britt_Hughes9,,393,756,"Orange, New South Wales","-33.2820399,149.09715",Journalist || 9 News Central West Got a news tip? bhughes@nine.com.au
fire/emt,12:57 PM - 27 Jun 2015,FirestnMgr,,287,770,"North West, England","51.33516,7.26320190476191","Station Manager @lancaster_fire, @Carnforth_Fire @HornbyFire. Service Delivery Manager @LancashireFRS. PLEASE DO NOT REPORT EMERGENCIES HERE"
news,9:12 AM - 10 Oct 2012,SocialStatenIsl,http://socialinstatenisland.com/,10051,9749,Staten Island NY,"40.58345,-74.1495999",News Events Music Dining Entertainment in Staten Island. Join the Fun! Have an Event? Activity? Post it here FREE! https://www.spingo.com/submit/?partnerId=2175 …
news,1:17 AM - 29 Apr 2009,GhettoRadio895,http://www.ghettoradio.co.ke,72524,1797,"Nairobi, Kenya.","-1.2832499,36.81724",Ghetto Radio's official twitter page. Ghetto Radio 89.5 is the Voice of the Youth and #KenyasNumber1GhettoRadio Listen live http://ghettoradio.co.ke
news,7:18 PM - 6 Jan 2008,TrendLabs,http://blog.trendmicro.com/trendlabs-security-intelligence,36508,312,,,Security news and information direct from the experts
news,7:35 AM - 20 Apr 2016,MagShefield,http://www.themag.org.uk/,18,1,"Sheffield, England","53.38066,-1.4702199",http://www.themag.org.uk/  The Sheffield Mag is the best place to get up to date news and event information in Sheffield.
journalist,2:10 PM - 13 Dec 2011,AbujomaaGaza,http://www.daysofpalestine.com/,2822,1105,Gaza,"-23.3283899,32.8066",MA Inte'l #Journalism Print & online journalist based in the #Gaza Strip. Correspondent of #Middle_East Monitor in #London Endorse #BDS
news,4:33 PM - 22 Mar 2017,enewsngcom,,58,0,Nigeria,"9.60003,7.99997","Get Updated With Nigerian Latest Entertainment News, Celebrities, Music, Celebrity Photos & Fashion"
news,1:12 PM - 15 Oct 2009,BournemouthFun,,15530,1751,"Bournemouth, Dorset","50.71947,-1.8767699","News and all of the fun for Bournemouth, Poole and Christchurch!"
journalist,3:25 AM - 3 Apr 2009,isobelroe,http://www.abc.net.au/news/qld/,3526,1120,"Toowoomba, Queensland","-27.5610099,151.95335","@abcnews journalist. Coffee, wine, dance floors, camping. Queenslander. Any opinions expressed are not the ABC's."
police/traffic,11:07 PM - 12 Jan 2011,Venice311,http://venice311.org,165389,2473,"Venice, CA 90291","34.0060518664586,-118.461250503239","Fight grime & crime with LAPD Scanner tweets Venice, Ca. Voted Top 50 LA Twitter feeds to follow by @LAmag & LA's Best Police Blog 2011 by @LAWeekly!"
journalist,8:53 AM - 18 Feb 2013,justincarri,http://bloomberg.com,741,585,"Dubai, United Arab Emirates","25.26835,55.29619","Emerging Markets Managing Editor, Bloomberg News. Finance, Freedom and Football.. but not in that order. All views my own."
news,10:00 PM - 1 Dec 2011,CrizzlesButtons,http://crizzlesbuttons.ecrater.com,6029,6313,"SPOKANE, CASCADIA",,I make & ship #custom & #alternative #pinback #buttons worldwide & syndicate #indy #news articles! #handmade #anarchist #art #veggie #iww #cascadia #ctl #Resist
journalist,7:20 AM - 6 Jul 2009,damspleet,http://www.conflictarm.com,2901,922,,,Head of regional operations at @conflictarm. Always learning. Views are mine.
news,4:50 AM - 15 Sep 2014,Charanssapra,,670,384,,,"AICC Media Panellist, Ex- MLC, Vice.President Mumbai Congress"
news,9:11 AM - 24 Jul 2010,UNCLE_AJALA,http://www.linkedin.com/in/ajala-imisioluwa-paul-50450398,84827,16993,Nigeria,"9.60003,7.99997",Psalm 121 is my Watchword. Architect ☆ Entrepreneur ☆ Social Media Strategist. +2348087562044. I Plateau Much.
news,8:22 PM - 14 May 2014,DailySanFran,,17528,6101,"San Francisco, CA","37.77928,-122.4192299","Follow for San Francisco's breaking news, special reports, entertainment and more from @DailySanFran"
journalist,3:33 AM - 26 Nov 2013,SRehmanOffice,http://www.sherryrehman.com,13106,224,Pakistan,"30.33084,71.24749","Follow for Senator Sherry Rehman's news, views, articles and events. @sherryrehman | office@sherryrehman.com"
journalist,12:21 AM - 8 Feb 2011,ARothWP,https://www.washingtonpost.com/people/andrew-roth,23519,2144,"Moscow, Russia","55.75068,37.61749","Reporter for @washingtonpost in Moscow, formerly @nytimes. Write me at andrew.roth@washpost.com"
news,6:25 AM - 2 Oct 2008,politicshome,http://www.politicshome.com,85916,1347,"Westminster, London","51.49732,-0.1371399","Staying on top of modern politics has become a full time job. http://PoliticsHome.com  acts as an intelligent filter, giving min by min coverage of UK politics."
news,7:50 AM - 15 Feb 2017,esj_news,http://www.esjnews.com,193,855,"Prague, Czech Republic","50.08746,14.42125",European Security Journal | ESJ News
police/traffic,1:47 PM - 12 Apr 2017,scottburtknx,,253,196,"Los Angeles, CA","34.05439,-118.2439399",Airborne Traffic and News Reporter for KNX.1070 News Radio Los Angeles.
news,1:48 AM - 7 May 2013,Politics_UKnews,http://www.newslocker.com/en-uk/news/politics/,1580,1570,,,Find your latest Politics news with just one click. Don't miss out on anything happening!
news,5:56 PM - 2 Mar 2014,TimesofSanDiego,http://timesofsandiego.com,2430,304,"San Diego, CA","32.71742,-117.1627699","Independent website with the latest news, business, sports and other information for the greater San Diego area."
news,11:17 AM - 30 Jun 2016,RTHoopsTalk,http://thesixersense.com/author/jdandy/,4874,3659,,,"#TrustTheProcess Follow me for interesting debates, discussions, and news about the NBA! Contributor for @SixerSense & @Sports_Rants"
journalist,10:40 AM - 20 Aug 2011,garygeorgevich,http://rigamarolebygeorge.blogspot.com,1332,2872,"Michigan, USA","43.62119,-84.6824299",Comic / Writer / Humor Report: https://www.youtube.com/channel/UClrOowDeIAMdHKDVY5qQ3_w …
journalist,5:58 PM - 17 Feb 2009,citypages,http://www.citypages.com,154377,2150,Minneapolis,"44.97729,-93.2654599","Twin Cities news and arts buzz, as tweeted by web editor @jaymboller"
news,8:37 PM - 24 Jun 2012,Feminismview,,1453,1760,,,Fantasy Feminism News from news sources all around the world
wx,5:38 AM - 14 Oct 2009,MPalmerTWC,,1067,409,"Atlanta, Georgia","33.74909,-84.3901799","Lead meteorologist at The Weather Company, an IBM Business. University of Oklahoma. Boomer Sooner!! Avid tennis and baseball enthusiast."
wx,3:58 PM - 24 Mar 2010,TripCheckOR34,http://www.Tripcheck.com,282,0,,,"TripCheckOR34 provides incident, alert and seasonal road & weather information for all of OR34. Know before you go!"
journalist,7:58 PM - 5 Jun 2010,abcmatt,http://abc.net.au/news,4425,675,Beirut,"33.89592,35.47843",ABC Australia Middle East Correspondent. Own views etc Best pics and video on Instagram @realabcmatt Follow abcmattbrown on facebook
fire/emt,10:56 PM - 17 May 2016,FirefightinNew7,http://goo.gl/tbMwbi,124,92,"Sacramento, CA","38.58157,-121.4943899",Mistakes are often the stepping stones to utter failure. Citing #Firefighting recaps for #bhive. Who we are http://bhive.ca/7ways  #savethebees
wx,11:49 AM - 7 Jun 2014,TheCarolinasWx,http://www.weather.cod.edu/forecast/,1364,1302,"Goldsboro, NC","35.38488,-77.9927599","|Josh|15 years old|NWS Raleigh is my future.I don't like weather, I live it. Providing accurate Weather for the Carolinas! Thank you all in the Military"
journalist,7:04 AM - 18 Feb 2009,GetBAC,http://www.ottawacitizen.com,855,781,Ottawa,"45.42103,-75.6900199",I've been a reporter/editor at the Ottawa Citizen since 2001. I spent 11 years at the Windsor Star before that. Father of 2 with interest in disability issues.
journalist,9:49 PM - 13 Jun 2009,jeff_kaye,http://valtinsblog.blogspot.com,3284,1731,San Francisco Bay Area,"37.78849,-122.3558399","Psychologist, blogger, author of ""Cover-up at Guantanamo"" https://www.amazon.com/Cover-up-Guantanamo-Investigation-Suicides-Mohammed/dp/1520587090/ …"
fire/emt,11:58 AM - 26 Aug 2010,Waynetwpfire,http://www.waynefire.org,5861,3168,Indianapolis Indiana,"39.76833,-86.1583499","Wayne Township Fire Department protects 36 square miles on the west central section of Indianapolis. Last year we responded to more than 14,000 emergency calls."
journalist,3:03 PM - 28 Jan 2010,jovanthony,http://jamaica-gleaner.com/,1887,1495,"Kingston, Jamaica","17.97121,-76.7928099",Parliamentary Reporter at @ The Jamaica Gleaner Reach me at jovan.johnson@gleanerjm.com RT ≠ Endorsement
news,1:24 PM - 12 Jan 2009,TimminsPress,http://www.timminspress.com,3326,1162,"Timmins, Ont., Canada",,"The Daily Press is the premier source for advertising and news in Timmins, Ont., Canada."
journalist,6:08 AM - 11 Jan 2009,adambarken,http://www.imdb.com/name/nm0054805/,4147,1760,"Whitby, ON","43.89978,-78.9401199","TeeVee writer/producer guy (KILLJOYS on SyFy/Space, and THIS CAN'T BE HAPPENING AT MACDONALD HALL on YTV, coming soon!)"
news,3:56 AM - 10 Jul 2012,CPickens615,http://fox17.com/,2295,1995,Nashville,"36.16222,-86.7743499","Nashville native producing the @foxnashville morning news. @elonuniversity grad. Former resident of Denver, Los Angeles, and Cincinnati. Priors: @wcpo @fox19"
news,8:28 PM - 19 Mar 2016,Patriotic_Folks,http://thetruthdivision.com,12467,11463,,,Deport the mainstream media.
news,2:27 PM - 21 Aug 2008,pnwlocalnews,http://www.pnwlocalnews.com,10446,992,Puget Sound,"47.83315,-122.4345799","The best source for news from all around Puget Sound, brought to you by Sound Publishing."
news,5:23 AM - 13 May 2011,boston_informer,http://bostoninformer.com,491,143,Boston,"42.36048,-71.0595599","Local Boston News and Massachusetts Updates from A- Z, that's what you get from us."
disaster/accident,5:23 PM - 24 Oct 2010,McCannGI,http://www.mccanninvestigations.com,22314,843,Houston,"29.75893,-95.3676899",COMPUTER FORENSICS | CYBER CRIME | MOBILE DEVICE FORENSICS | BACKGROUND CHECKS | E-DISCOVERY | PRIVATE INVESTIGATIONS
journalist,1:33 PM - 12 Jun 2010,KrisAnneHall,http://www.KrisAnneHall.com,18434,11927,Fearlessly Teachg Everywhere,,"Constitutnl Attny, Talk & TV Show Host, Author, Teacher: Liberty over Security-Principle over Party-Truth over Personality #LibertyFirst #MolanLabe #DAV #Army"
news,2:18 PM - 14 Mar 2009,GeorgiaLogCabin,http://GeorgiaLogCabin.org,31093,21625,"Georgia, USA","32.32938,-83.1137299","You don't have to be from Georgia to follow @GeorgiaLogCabin. News for gay, lesbian, straight, conservative, libertarian, independent or moderate Republicans."
journalist,8:19 PM - 21 Jan 2011,jjpantherbaby,http://www.jamaljoseph.com,2729,1416,,,Author of Panther Baby . Director of @thechapterverse . Professor . Poet . Oscar Nominee . Panther
news,2:42 PM - 22 Apr 2013,DeboraKTVU,,2094,502,,,"North Bay native, wife and mom, storyteller, night owl, wine lover, send me tips, (news and wine)"
disaster/accident,4:52 PM - 27 Apr 2014,Dr_R_D,,422,1093,,,"Australian researcher in security, intelligence, military, policing and transnational crime. RTs are not personal opinion."
journalist,12:47 PM - 16 Oct 2013,NormEisen,,50868,1254,"Washington, DC","38.89495,-77.0366399","Fellow at Brookings, US Amb. Prague 2011-14, Obama White House Ethics Czar 2009-11, co-founder CREW. Views my own, RT≠endorse"
govt,3:46 PM - 14 Sep 2010,LarryEKlayman,http://www.freedomwatchusa.org,10768,9080,,,Founder of Freedom Watch - I've dedicated my career to fighting injustice and restoring ethics to government and the legal profession.
news,12:56 PM - 16 Oct 2009,LawLibCongress,http://www.loc.gov/law,65151,13,"Washington, DC","38.89495,-77.0366399","News and information from the Law Library of Congress in Washington, DC"
journalist,6:06 PM - 19 Jun 2009,CrowRhyme,,227,721,"Roseburg, Oregon USA","43.2165,-123.3417299","writer, poet, weird, alittle crazy,"
news,10:34 AM - 22 Oct 2009,KAPPKVEW,,6734,2211,"Tri Cities - Yakima, WA",,Official KVEW-TV #TriCities / KAPP-TV #Yakima Twitter account. Join us as we focus on what news is really about; people just like you.
news,7:12 PM - 21 Jul 2008,bgdailynews,http://www.bgdailynews.com,16793,697,"Bowling Green, Ky.","36.99031,-86.4435999","The Daily News covers news, sports, features and provides commentary for South Central Kentucky."
news,3:00 PM - 4 Jun 2008,PINACnews,http://photographyisnotacrime.com,9323,6297,Miami,"25.77426,-80.1936499","News site founded & published by @CarlosMiller. Writing, videos and photos. Activism, rabble-rousing and truth-seeking. We're 1st Amendment Rights Defenders."
news,9:09 PM - 28 Feb 2009,ThailandBizNews,https://www.thailand-business-news.com,2911,34,Bangkok,"13.585915,100.41608339172","Thailand Business News, Thailand News with a Business Perspective. A Siam New Network information portal."
news,4:53 AM - 27 Aug 2012,Naturalismview,,2475,2666,,,Your source for the latest news on Naturalism
disaster/accident,9:08 AM - 19 Mar 2015,CBHessick,,825,275,"Chapel Hill, NC","35.91319,-79.0558399","Criminal law professor at the University of North Carolina. Research includes criminal sentencing, child pornography, and legal ethics."
journalist,8:39 AM - 25 Aug 2009,Forrest4Trees,http://www.texasobserver.org/forrestforthetrees,6191,775,"Austin, Texas","30.27112,-97.7436899","Editor of the Texas Observer. Piss and vinegar. Native Texan. Plus: fishing, kayaking, gardening and rock climbing."
news,12:26 AM - 6 Mar 2015,ooyuzbusiness,,993,1666,,,Business News Tweets. Delivered using news analytics tool @OOYUZ
