journalist,5:56 AM - 13 May 2012,Mir_Bugti3,,10954,77,,,Baloch Poet & Writer Anti-slavery and Freedom activist struggling For Free and United Baloch State.
wx,1:40 PM - 10 Jul 2012,NWSBoston,http://www.weather.gov/box,50515,95,"Taunton, MA","41.9001,-71.0897599","Official Twitter Account for National Weather Service - Boston/Taunton, MA. Details: http://weather.gov/twitter"
journalist,3:17 PM - 3 May 2011,JackBPR,http://BizPacReview.com,48712,27912,"Florida, USA","27.75676,-81.4639799","Catholic conservative, writer, husband and father. Founding partner and CEO of conservative website http://BizPacReview.com  #TCOT"
fire/emt,7:19 AM - 21 Feb 2011,niwnews,http://www.niwater.com,5405,1570,"Belfast, Northern Ireland","54.59698,-5.9300899","Updates from NI Water (Water & Sewerage Services in NI). This account is monitored during office hours only, if you have an emergency call 03457 44 00 88 (24hr)"
police/traffic,7:43 AM - 24 Mar 2011,alainapinto,http://whdh.com,3982,734,"Boston, MA","42.36048,-71.0595599",Traffic Reporter | @7News | Boston | @uakron Alumna | @AlphaDeltaPi | Persian cat mom | Email: apinto@whdh.com | Follow me on Instagram! @alainapinto
news,6:54 PM - 22 Jan 2009,TorontoComms,http://www.toronto.ca,263998,554,Toronto ON Canada,"43.65292,-79.3848999",City of Toronto news #CityofTO. Not monitored 24/7. Terms of use http://bitly.com/1iPebAC
journalist,9:46 AM - 14 Dec 2016,plivekenya,https://goo.gl/TokZ5z,609,772,"Nairobi, Kenya","-1.2832499,36.81724","P Live Kenya is Kenya's new media publisher. 24/7 live news & videos, entertainment, sports, lifestyle, celebrities & more"
news,6:02 AM - 6 Oct 2012,functionlove,http://functionlove.net/,19655,177,f(orever),,"Everything f(x)+Sulli, from news to photos and fancams Spreading the f(love) since 121006~"
wx,7:27 AM - 11 Jun 2009,JimOBrienWX,http://www.fox59.com,17226,7038,"Westfield, Indiana","40.04281,-86.1274799","Meteorologist for FOX affiliate #Indy...family, veteran, southpaw with 20 years covering Indiana weather...CBM, AMS certified! Instagram: jimobrienfox59"
news,1:30 AM - 17 Apr 2012,Phoenixshare,,1652,2371,,,Your source for the latest news on Phoenix
news,5:24 AM - 15 Mar 2009,JolyonRubs,https://itunes.apple.com/gb/podcast/news-roast/id1199550294?mt=2,22135,3816,London,"51.50732,-0.1276399","News Roast, Revolting, Brexageddon, The Revolution Will Be Televised, Don't Panic London, Rep:Independent Talent. INSTA: JOLYONRUBS SNAPCHAT: JOLRUBS"
journalist,8:19 AM - 9 Apr 2014,OrlaGuerin,,27188,1284,,,"BBC News Correspondent covering Middle East, based in Cairo. Dubliner who has made a few detours. Opinions and RTs are not views of the BBC."
news,12:15 PM - 6 Sep 2011,3dersorg,http://www.3ders.org,47681,227,World,,"http://3Ders.org  is your independent source for the latest 3D printing, 3D printer news, trends, insight and analysis."
journalist,3:43 AM - 1 May 2010,BelindaaPheto,,1823,1849,Johannesburg South Africa,"-26.2049999,28.04972","God's Favourite Daughter. Mother to a king, daughter & a sister. Student of life. Ethical Journalist. Retweets are not endorsements."
news,2:28 AM - 14 Feb 2009,New_Europe,http://neurope.eu,35086,7607,"Brussels, Belgium","50.84655,4.35169","Published since 1993, New Europe is the only independent weekly newspaper and daily website bringing you the most important European news and analysis"
fire/emt,7:39 AM - 18 Aug 2014,SsidePolice,http://www.city.summerside.pe.ca/police-department,667,134,Summerside,"45.60756,-61.7701562043478",This account is not monitored 24/7. Call your local Department to report a crime. Emergencies: 911. Non Emergency Line for Summerside Police: 902-432-1201
news,4:16 AM - 24 Oct 2009,YorksCoastRadio,http://www.yorkshirecoastradio.com,20234,12246,Yorkshire Coast,"53.95963,-1.0829299","Yorkshire Coast Radio is the local radio station for Whitby, Scarborough, Filey and Bridlington, playing Just Great Songs, all day long!"
news,11:37 PM - 11 Feb 2013,patlks5757,,4180,4991,"Brooklyn, NY, USA","40.6501,-73.9495799","Lib Prog Atheist Activist,News Junkie- Photography, Science,Art,Nature,Dogs,Polar Bears,Satire, Rock/Metal/Punk,Baseball #Bernie #SmartNicePeople #RESIST"
fire/emt,12:26 PM - 26 Jun 2012,PSNIFermanagh,http://www.psni.police.uk/,2580,16,Fermanagh,"54.36187,-7.6567049",News & Updates from your local Police. We do not monitor Twitter 24/7. Something to report? Call the Police 101. In an emergency always call 999. #PSNI
journalist,7:59 AM - 27 Jul 2014,Local7701,,651,847,"St. John's, NL","47.56148,-52.7125799","Proud local comprised of three institutions in NL. HMP, BFCC and NLCCW. Views expressed are of our own opinions not our employer's. RT doesn't imply agreement."
journalist,9:30 AM - 28 Jan 2008,PhilipAuthier,http://montrealgazette.com/,7093,7505,"Montreal, Quebec","45.50879,-73.5539799","Political reporter, Quebec-Canadian affairs-Journaliste politique. Membre FPJQ. Analyst Quebec AM. Habs fan. No replies."
news,2:32 PM - 17 Oct 2011,nigerianpilot,http://nigerianpilot.com,7023,6446,"Abuja, Nigeria","9.06433,7.48929",Newspaper with Conscience
news,3:48 AM - 21 May 2015,Life_Legenda,http://en.minghui.org/,18262,15179,,,I am has consistently been credited for breaking the biggest stories dominating the entertainment news landscape and changing the way the public gets their news
journalist,10:06 AM - 10 Apr 2009,PC360_Claims,http://www.PropertyCasualty360.com/Claims,9057,230,"Erlanger, KY","39.01672,-84.6007699","Insights for P&C claims professionals on catastrophe modeling, forensics and best practices from Claims channel editor Patricia Harman."
journalist,10:34 AM - 25 May 2009,Unpersuaded112,,14581,15715,,,"Unpersuaded Writer | #1P1V | Religion is a bet some will lose | Truth is absolute | Love can not be destroyed | Time is a human creation, use it wisely"
news,7:25 AM - 7 Jun 2012,itv_sa,http://www.itvnetworks.tv,6907,883,South Africa,"-28.8166199,24.99163","iTV networks . Connecting communities in Africa and beyond , 24/7 on Dstv Channel 347"
news,3:59 AM - 6 May 2009,TaxUpdates,http://www.mondaq.com,1171,266,World Wide,,"News and alerts from lawyers, law firms and accountants covering corporate tax, global taxation, income tax & IRS and tax policy. @Mondaq"
disaster/accident,2:20 AM - 5 Jun 2015,HeinForum,http://www.afriforum.co.za,415,271,"Pretoria, South Africa","-25.7458299,28.18671","@AfriForum Community Safety Legal and Risk, Admitted Attorney, University of Stellenboch Council Member. Passionate about stopping crime."
news,10:42 AM - 3 May 2011,newsontv3,http://3news.com/tv3,164081,100,"accra, ghana","5.56001,-0.2057399","This is the official TV3 News Twitter handle (@newsontv3). TV3 Network Limited (TV3 Ghana) is a private, free-to-air television broadcaster in #Ghana. #News"
disaster/accident,1:24 PM - 8 Dec 2015,CrexUiO,http://www.uio.no/c-rex,223,0,"Oslo, Norway","59.91326,10.73911","Center for Research on Extremism: The Extreme Right, Hate Crime, and Political Violence"
journalist,9:31 PM - 4 Apr 2009,MikeThePhotog,http://michaelrhartz.com/,715,1118,"Indianapolis, IN","39.76833,-86.1583499","Journalist, Content Coordinator at @rtv6. Alternative Facts ≠ Facts. RT ≠ endorsement."
news,5:07 AM - 28 Dec 2010,Cvetin,,4576,3531,Republic of Macedonia,"41.61712,21.71683","English lang. news guy for the Macedonian Information Agency (http://www.mia.mk ). Tweets, RTs, DMs, pokes, favs, likes, pings, pongs do not reflect..."
news,4:38 PM - 5 Oct 2016,sidneyb00,,893,735,United States,"39.78373,-100.4458799","The most relevant in USA news (politics, Sport, geography and more ...)"
journalist,4:37 AM - 1 Mar 2013,rebeccachimjeka,,356,91,Lilongwe,"-13.9734499,33.78781",journalist/blogger
journalist,5:42 PM - 10 Mar 2013,jordyjourno,http://fox13now.com/author/jdth10-2/,700,620,"West Jordan, UT","40.60966,-111.9390999",AM Newscast Producer at KSTU @fox13 | British | Married | Views are my own | RTs are not endorsements | Story ideas welcome - jordan.hogan@fox13now.com
journalist,9:57 AM - 6 Aug 2012,MarcMullins1,http://www.theindychannel.com,3960,994,"Indianapolis, IN","39.76833,-86.1583499",#Anchor/#reporter. WRTV @RTV6. Good Morning #Indiana & RTV6 News at Noon. Proud papa of a #Pekingese named Bishop.
news,11:35 PM - 23 Dec 2015,nprabhak5,http://www.NPrabhakar.Com,855,5001,HOSUR,"12.73288,77.83094","MA.Public Admin,http://M.COM  PGDOM. PGDPR. PhD. Mang.Higher Level Politician and Social Service,world wide Social media ,International contact Politician, Actor, MD,"
news,7:24 AM - 7 Aug 2008,sokodirectory,http://www.sokodirectory.com,2542,568,East Africa,"12.25274,0.87361",The Official Twitter Account for http://www.sokodirectory.com . The leading online directory and news platform for the SME industry.
news,10:04 AM - 14 Aug 2010,HPoolMail,http://www.hartlepoolmail.co.uk,9963,269,Hartlepool,"54.6957,-1.2003099","News, sport & lifestyle from Hartlepool, East Durham & the region. Daily newspaper Monday-Saturday & website 24/7. Find us on Facebook: http://bit.ly/29Jeq34"
news,6:43 AM - 17 May 2008,colmtobin,http://www.turnipandduck.com,55927,2561,"Dublin, Ireland (via Corcaigh)",,Writes/Produces Brain Freeze for CBBC/RTE and the Surviving Ireland mockumentary for RTE Radio 1. Writes columns for @thetimesIE. (P.S. I'm not the novelist.)
news,6:34 AM - 21 Jul 2014,AdoptionNandE,,743,50,,,ADOPTION NEWS & EVENTS (AN&E) exists for the purpose of sharing news and events to educate and enlighten the public. We offer an opportunity to learn the TRUTH.
news,10:34 AM - 7 Jun 2009,AviationHeds,http://www.1stheadlines.com/aviation.htm,5542,0,USA,"39.78373,-100.4458799",Breaking news stories about aviation from top online news sources.
journalist,7:48 AM - 12 Feb 2010,SobhanaMIRROR,,3378,843,New Delhi,"28.61389,77.21595","Journalist with @mumbaimirror @Bangaloremirror Previously: The Telegraph, Indian Express & Hindustan Times RTs are endorsements why else will I RT"
journalist,10:10 AM - 2 Oct 2013,shannonkdelaney,http://fox35orlando.com,1240,499,"Orlando, FL","28.54211,-81.3790399",Assignment Editor @FOX35News | Past @SPECNewsAlbany | @SienaCollege | Retweets≠endorsements | Opinions are my own | NY | Wanderlust | Shannon.Delaney@FOXTV.com
news,11:25 AM - 2 Mar 2009,KLFY,http://www.klfy.com,41049,918,"Lafayette, LA","30.22408,-92.0198399",The Best Coverage For Acadiana. News Tips: (337) 981-4844 OR Tip10@klfy.com
journalist,2:49 PM - 18 Nov 2012,MGliksmanMDPhD,http://www.afairersociety.com.au,23858,21532,Sydney & Mullumbimby,"-33.8548099,151.21645",&LLB. ex-Vice President AMA(NSW). past VRF-Harvard Medical School. Oz & EU Citizen. Retweet = Endorsement. Author http://amazon.com.au/JEWBOY-Michael …
police/traffic,4:50 AM - 15 Sep 2014,TrafficTre,,607,1884,#BisonDoItBetter #DMV,,"LIVE from the #DMV! #HUBison 4 Life, Hold the tomatoes or I might catch a #Natitude, Traffic updates for DC, MD & VA. Luv for the birds in Bmore BUT #HTTR"
news,2:46 AM - 25 Apr 2013,EnergyVoiceNews,http://www.energyvoice.com,5460,591,Aberdeen,"57.14524,-2.0913699","All the latest news, analysis and expert opinion from the oil, gas and renewables industries. http://www.energyvoice.com"
journalist,9:56 AM - 24 Sep 2015,JackTheJobber,https://www.youtube.com/channel/UCq8jp0E99ELBvmBxjJ-JLgA,55286,638,"South Tyneside, England","54.96987,-1.44767455217391",Wrestling writer and accidental YouTube boy for @WhatCultureWWE | English Literature graduate | #RVRSLS | https://www.instagram.com/jackgking92/
journalist,8:43 AM - 2 Apr 2008,carltonreid,http://www.bikeboom.info,20007,3844,"Ouseburn Valley, NCL",,Exec editor: http://BikeBiz.com  Books: http://roadswerenotbuiltforcars.com  http://www.bikeboom.info  KICKSTARTER: http://kck.st/2pgeC2G
journalist,2:25 AM - 22 Feb 2011,TJRadick,http://www.thecourier.com,741,184,Findlay Ohio,"41.04138,-83.6503899",Courier sports writer / copy editor
news,2:41 AM - 17 Sep 2012,NEWSorNOTHING,,773,17,Worldwide,,"The weird, oddly, unbelievable, crazy or insane news gathered here."
police/traffic,2:15 PM - 2 Sep 2012,Traffic_M62,http://www.MotorwayCameras.co.uk,13202,1,"M62 Motorway, UK",,"Live #M62 traffic information updated every 5 minutes by @MotorwayCameras - SEE the traffic, live CCTV images @ http://www.MotorwayCameras.co.uk"
journalist,1:53 PM - 13 Jun 2011,liz_farmer,,2480,3597,,,"People are interesting, I write about them | @DallasNews Breaking News Producer | lfarmer@dallasnews.com"
news,12:20 AM - 9 Mar 2016,euronewsinsidrs,,1014,39,Europe & beyond,"51,9.99999",The never-ending flow of news can be overwhelming. Insiders goes beyond the news to bring you in-depth investigations & reports from the field.
wx,9:53 PM - 7 Oct 2014,BOM_NT,http://www.bom.gov.au/nt,12830,3369,"Northern Territory, Australia","-19.8516099,133.23033",Official Bureau of Meteorology (Northern Territory) account for Bureau information. Always check http://www.bom.gov.au/nt/warnings  for latest warnings
news,10:21 AM - 2 Oct 2008,heraldcourier,http://www.heraldcourier.com,9657,272,"UT: 36.319708,-82.363649",,The Bristol Herald Courier is your news source for East Tennessee/Southwest Virginia. Check out our app! http://bit.ly/1Pwzl5F  http://apple.co/1UciwAg
journalist,9:54 AM - 28 Aug 2014,SethPines,http://www.sethpines.com,580,2026,"Phoenix, AZ","33.44858,-112.0773399","University of Arizona Alumnus. Hometown: South Windsor, CT. Real-Time Editor @abc15 News/story tips? Email seth.pines@abc15.com"
wx,7:19 AM - 19 Feb 2009,DanielleWBZ4,,15831,1097,Boston,"42.36048,-71.0595599","Weekday Morning Meteorologist at @cbsboston, WBZ-TV. You'll hear me on @wbznewsradio too. Proud @UMassLowell & @floridastate Alum!"
news,3:10 AM - 19 Jan 2010,a1plusnews,http://www.a1plus.am,4728,9,Armenia,"40.76962,44.67366",The freshest news from Armenia
wx,7:38 AM - 4 Dec 2009,wxjerdman,http://www.weather.com,11282,1407,"Milwaukee, WI","43.03499,-87.9224899",@weatherchannel Digital/Sr. Meteorologist. A @Forbes must follow. MS Colo. St. '96; BS U. Wisc. '94; Impactful. Insightful. Interesting. Weather. Opinions mine.
news,8:11 PM - 14 May 2009,LivingSafely,http://www.LivingSafely.org,7993,6704,Worldwide,,"Official site. Living Safely keeps you up-to-date with informative health, medical, nutrition, product recall, safety and travel news and tips."
news,4:15 AM - 5 May 2008,motor_racing,,11376,239,England,"52.795475,-0.540240094230767","A collection of motor sport sites headlines covering f1, formula 1, IRL (Indy Car), NASCAR & WRC"
news,8:01 AM - 6 Mar 2009,Refreshing909fm,http://www.refreshing909.com,422,194,"Lancaster, OH","39.71367,-82.5993199","Refreshing 90.9fm WFCO serves Fairfield County by providing community information, h.s.sports coverage, and Christian music and programming. #Refreshing909"
journalist,11:03 AM - 26 Jul 2013,abc7johngregory,http://abc7.com,7080,5244,"California, USA","36.70146,-118.7559899",@abc7 Eyewitness News Anchor & Reporter
govt,7:50 AM - 2 Jul 2012,AFLCIOGlobal,http://aflcio.org,1175,461,"Washington, DC","38.89495,-77.0366399",The AFL-CIO International Department building power for workers worldwide!
news,12:41 PM - 26 May 2014,Oxford_UK_News,http://www.newslocker.com/en-uk/region/oxford/,1458,1289,,,Find your latest news about Oxford with just one click. Don't miss out on anything happening in your region!
wx,10:56 AM - 28 May 2013,DeniHawkinsKBOI,https://www.facebook.com/DeniHawkinsKBOI/,2348,1127,"Boise, ID","43.61656,-116.2008299","Anchor/Reporter & a little bit of wx at @KBOITV in Boise, ID | Proud Gonzaga grad | Boise born & raised | Family, friends, sports, animals, food & music."
journalist,7:56 AM - 8 Nov 2012,niewview,http://www.jencalleja.com,2022,891,London,"51.50732,-0.1276399",Writer + translator (DE-EN). Debut poetry SERIOUS JUSTICE @TestCentre77. Currently: novel. Translator in Residence @BritishLibrary. @_GoodNightOut. Sauna Youth+
journalist,5:31 AM - 10 Apr 2012,dawoodmasood786,http://dawoodmasood.com,2299,1089,"Luton, England","51.891065,-0.423026604545453","Founder, @QubaTrust, Works, @alhiraluton. Tweet mainly on stuff concerning Western Muslims. My views etc... http://goo.gl/ooixiB  Disclaimers apply."
news,8:25 AM - 11 May 2009,TrafficInPeople,,20256,237,USA,"39.78373,-100.4458799","Human Trafficking Headlines. RTs are NOT endorsements, nor does linked material necessarily reflect the opinions of tweeter."
news,10:30 AM - 26 Mar 2009,JewishChron,http://www.thejc.com,40999,445,London,"51.50732,-0.1276399",The UK’s NO.1 Jewish newspaper. Subscriptions: 0800 328 0536. Office: 0207 4151 500
journalist,4:19 AM - 20 Nov 2012,NolanNiamh,http://www.rte.ie/news,70,268,"Dublin, Waterford","37.70852,-121.873336309927","RTE News Journalist. The beach, the sea, the colours, the music..."
police/traffic,8:07 PM - 21 Oct 2013,ElectrekCo,http://electrek.co,20581,8,"Fremont, CA","37.54826,-121.9885699","Following the electric transportation industry and green ecosystem, Tesla, SolarCity and more."
news,12:36 PM - 5 Feb 2009,WBEZeducation,http://www.wbez.org/news/education,14154,2297,Chicago,"41.87555,-87.6244199","Tweets are by WBEZ education reporters @beckyvevea, @lindalutton, @SSKedreporter. WBEZ is 91.5 FM, public radio in Chicago."
journalist,12:30 AM - 1 Jan 2011,straczynski,http://www.studiojms.com,29959,77,"Los Angeles, CA","34.05439,-118.2439399","Official account for J. Michael Straczynski. Writer: Changeling, Thor, WWZ; creator @Babylon5; co-creator/EP of @sense8. No story ideas please."
journalist,2:10 AM - 6 Aug 2009,JohnChallinor,http://www.sportsmanagement.co.uk,2542,2240,"Poole, Dorset, UK","50.71794,-1.9815199","Councillor at the Borough of Poole (Parkstone ward & Portfolio Holder) and publisher at Leisure Media - Sports Management, Health Club Management & CLAD."
news,7:30 AM - 27 Jun 2009,tv6tnt,http://www.tv6tnt.com,124503,521,Trinidad & Tobago,"37.16939,-104.5005399","Trinidad & Tobago's #1 TV station, according to the latest MFO national media survey. Phone: 868-623-5337; http://www.fb.com/CCNTV6 ; E-mail: news@tv6tnt.com"
journalist,7:05 PM - 7 Jun 2010,ToriLRidgewood,http://torilridgewood.wordpress.com,498,755,Canada,"61.06669,-107.9916999","Writer (romance, paranormal, horror). Secondary School Teacher (Drama, History, Student Success)."
journalist,3:09 PM - 3 Jun 2009,RobKIRO7,http://www.kirotv.com,3114,2910,"Seattle, WA","47.60383,-122.3300599","SoCal guy. Ohio State Grad. KIRO7 News Reporter -- Seattle, WA"
news,11:38 AM - 10 Feb 2009,poststar,http://poststar.com,10750,335,"Glens Falls, NY","43.30969,-73.6440999","News coverage in the Glens Falls, Saratoga and Lake George region of upstate New York."
journalist,3:33 AM - 11 Jan 2010,AmandaZitzman,http://www.amandazitzman.com,4261,1731,"Denver, CO","39.73915,-104.9846999",News reporter FOX31 Denver and Channel 2 @KDVR @channel2kwgn
wx,3:02 AM - 16 Sep 2008,haligonia,http://www.haligonia.ca,124038,30794,Halifax Nova Scotia Canada,"44.64842,-63.5749699","Haligonia.ca. Often imitated, never duplicated. Breaking Halifax Nova Scotia news, weather and lifestyle-type stuff. Hello."
news,3:45 AM - 10 Feb 2014,Aljazirahnig,http://www.AljazirahNews.com,14387,2997,"FCT,Abuja","9.06433,7.48929","This is the official Twitter handle of Aljazirah Nigeria Newspapers, the first in breaking the news around the world."
news,1:31 AM - 3 Mar 2009,cavendishpress,http://www.cavendish-press.co.uk,996,654,"Manchester, England","53.47913,-2.2440999","Britain's brightest and most versatile news, feature and picture agency. 0161 237 1066; newsdesk@cavendish-press.co.uk; http://Facebook.com/cavendish.press"
news,9:40 AM - 29 Nov 2010,acute_tomato,https://restoftheworldblog.wordpress.com/,1955,1900,,,"EUROPEAN. Internet professional, also in the advice business ~ loves cinema and poetry. Passionate about human rights & migration. #dhfc Radio presenter."
police/traffic,4:22 AM - 7 Aug 2014,PCElliottNRT,https://sussex.police.uk/contact-us,326,150,"Eastbourne, England","50.773315,0.259142272727269","Sussex Police Officer, based in Eastbourne. This account is not monitored 24/7. To report something please visit our website."
journalist,8:28 AM - 11 Nov 2013,WISN_Ben,https://www.facebook.com/benwagnernews/,1592,1220,"Milwaukee, WI","43.03499,-87.9224899",AM News Anchor @WISN12News. Tips/restaurant suggestions? benjaminwagner@hearst.com. Keep the lawyers happy -- Links/RTs ≠ endorsements. Opinions are my own.
wx,11:02 AM - 29 Dec 2008,WKOW,http://www.wkow.com,32787,882,"Madison, WI","43.07476,-89.3837599","WKOW: We've Got You Covered with breaking news, weather and sports"
fire/emt,12:22 PM - 26 Jun 2012,PSNIDungannon,http://www.psni.police.uk/,2210,194,Dungannon,"54.5039,-6.7703599",News & Updates from your local Police. We do not monitor Twitter 24/7. Something to report? Call the Police 101. In an emergency always call 999. #PSNI
journalist,5:54 AM - 14 Apr 2009,Beltrew,http://www.thetimes.co.uk/search?q=bel+trew,94313,2789,"Cairo, Egypt","30.04881,31.24366","Middle East reporter for The Times based in Cairo. Views my own, retweets not endorsements. Email bel.trew@thetimes.co.uk Pics: https://Instagram.com/beltrew"
news,5:21 PM - 27 Jun 2012,EcologyReport,,3348,3026,"United States, Illinois","40.07963,-89.4339799",Your source for the latest news on Ecology
journalist,2:54 PM - 2 Jan 2010,BeachPeanuts,http://www.beachpeanuts.com/,5746,1606,Florida,"27.75676,-81.4639799","Publisher/Writer of award-winning political news site: Beach Peanuts. Politics, News, Research, Activism"
journalist,11:02 PM - 17 Mar 2009,latikambourke,https://m.facebook.com/LatikaMBourkeJournalist,113795,3396,"London, England","51.50732,-0.1276399",Fairfax Media Australia journalist filing from London for the Sydney Morning Herald and The Age. Author - From India With Love. DM me with your news tips.
news,3:54 PM - 14 Oct 2008,OddNewsUPI,http://www.upi.com/odd_news,8429,115,"Weirdsville, USA",,"Twitter's best feed for weird news. For more, find us @ https://www.facebook.com/oddnewsupi/"
news,2:25 AM - 8 Sep 2008,itvanglia,http://www.itv.com/anglia,66821,3969,Norwich,"52.6286,1.29227",Your regional news for the East of England - join us weekdays at 6pm on ITV
journalist,10:09 PM - 6 Jan 2010,oneunderscore__,,9473,2565,"New York, NY","40.73059,-73.9865799","Trick shot champion. Swim club president. Hot open hamburger. Senior News Editor, dystopia beat, @TheDailyBeast."
news,12:54 AM - 15 Apr 2011,bukipreety,http://www.newseveryhour.com,416,544,Lagos,"6.45505,3.39417",Your news and entertainment site
fire/emt,11:21 AM - 12 Jul 2010,ChattFireDept,http://www.chattanooga.gov/fire-department,8020,340,"Chattanooga, TN USA","35.04562,-85.3096799",News and related posts on the Chattanooga Fire Department by Public Information Director Bruce Garner. In-depth posts can be found at http://www.facebook.com/ChattFireDept .
news,7:48 AM - 8 May 2016,TehlkaNews,http://www.tehlka.tv,4807,122,"Lahore, Pakistan","31.56219,74.32285",Tehlka news feels responsibility to convey authentic news to the public through our independent sources and resources. http://www.tehlka.tv
news,3:33 PM - 22 Aug 2012,lpartainnews,https://m.facebook.com/LaurenPartainJournalist/,753,153,"Tulsa, OK","36.15568,-95.9929099","#MultimediaJournalist at #KTUL, Ch. 8 in #Tulsa, #Oklahoma. Finding national and local #news for you. #Louisiana girl. Forever #LSU. Opinions are my own."
fire/emt,10:59 AM - 16 Mar 2012,SFBARTalert,http://bart.gov/,84307,3,SF Bay Area,"37.78849,-122.3558399","Automated feed (beta). News: @SFBART. Customer service: http://bart.gov/comments . Emergencies on BART: dial 911, use the train intercom or see a station agent."
wx,9:56 AM - 21 Aug 2015,WFXRWeather,http://virginiafirst.com,215,155,"Roanoke, VA","37.27097,-79.9414299",Southwest & Central Virginia's Pinpoint Weather
disaster/accident,8:48 AM - 23 Sep 2009,RNCOEM,http://www.renogov.org/emergency,566,33,Hutchinson/Reno County Kansas,"38.06084,-97.9297699","Planning for, Responding to, Recovering from, and Mitigating the affects of all kinds of disasters"
journalist,2:37 AM - 10 May 2010,ianbirrell,http://www.ianbirrell.com,26858,999,London,"51.50732,-0.1276399","Foreign reporter, columnist, campaigner, co-founder @africaexpress and a bit more besides..."
disaster/accident,1:23 AM - 17 Feb 2009,iGamingBusiness,http://www.iGamingBusiness.com,11241,2001,"London, UK","51.50732,-0.1276399","iGaming Business is the biggest media company in the iGaming sector, specialising in publishing, events, news, research, data and intelligence."
wx,10:52 PM - 1 Jan 2012,StaciaKnightWx,,2157,316,,,News on 6 Meteorologist. University of Kansas alumn (RCJH) & proud dog mom to 9 year old Max.
news,5:12 AM - 14 Dec 2014,fxzoneofficial,http://www.fxzone.me,474,349,,,Live forex financial news in English and arabic
govt,1:32 PM - 29 Sep 2009,DeptVetAffairs,http://blogs.va.gov,557641,879,"Washington, D.C.","36.29885,-82.3591834",Official Twitter feed of the U.S. Department of Veterans Affairs. Following a Twitter user does not signify VA endorsement.
news,6:45 AM - 29 Apr 2013,advicesector,http://tinyurl.com/advicesector,1074,715,,,"Insight, info and current affairs for the UK advice sector. Subscribe below and get the regular news and key issue updates:"
fire/emt,11:03 AM - 5 Jan 2010,ClevelandFB,http://www.clevelandfire.gov.uk,9417,1554,"Teesside, UK","54.63061,-1.3159129",Cleveland Fire Brigade protects the people of Teesside and is a vital community partner. Please note this account is not monitored 24/7.
journalist,4:36 PM - 31 Oct 2008,JasonLeopold,http://jasonleopold.contently.com,43545,3900,Los Angeles,"34.05439,-118.2439399","Sr investigative reporter @BuzzFeedNews investigations team. 'FOIA terrorist.' Band Tshirt hoarder. Punk. Send docs, tips, anonymously, securely http://bzfd.it/2i8q3mn"
journalist,8:56 AM - 11 Jan 2012,ETNmillette,http://www.GoErie.com,963,218,"Erie, Pennsylvania, USA","42.12906,-80.0852399",Photography Supervisor at the Erie Times-News and @GoErie. Retweets do not constitute an endorsement of the content and/or views retweeted.
fire/emt,12:38 PM - 27 Apr 2016,LeSueurFire,,82,127,"Le Sueur, MN","44.37716,-93.7114399",Official Twitter page of the Le Sueur Minnesota Fire Department.
journalist,8:06 AM - 17 Sep 2009,AsaWinstanley,https://electronicintifada.net/blogs/asa-winstanley,14888,1084,London,"51.50732,-0.1276399",Investigative journalist at The Electronic @Intifada | @MiddleEastMnt column | Socialist | #Palestine | PGP: 0xE8D78D78
news,11:59 PM - 29 Jul 2014,BluSkills,http://www.bluskills.co.uk,1147,813,"Ripon, England","54.13687,-1.5213099","Your 360° Security Solution. Security Chauffeur, Residential and Close Protection Services. Company updates, information and news from the world of security."
news,9:50 AM - 20 Nov 2013,CJLSRadio,http://cjls.com,1317,391,"Yarmouth, Nova Scotia","43.83728,-66.1155999","Commercial FM radio station serving Southwestern NS. 95.5 Yarmouth, 96.3 Shelburne, 93.5 Digby."
disaster/accident,7:21 PM - 28 Dec 2010,JSchanzer,http://www.amazon.com/Jonathan-Schanzer/e/B001K8SMH4,19834,2105,Warshintin via Philly,,Sr VP Research @FollowFDD. Former @USTreasury terror finance analyst. Coiner of Schanzerisms.
news,12:33 AM - 5 Nov 2009,HDNER,http://www.hurriyetdailynews.com,268076,86,Istanbul,"41.00963,28.96516",Turkey's English news source for more than 50 years
disaster/accident,6:51 AM - 6 Mar 2009,foolofshadows,http://foolofshadows.com,2,16,,,Waging war against reality one fevered delusion at a time.
police/traffic,6:35 AM - 27 Sep 2012,CCIanHopkins,http://www.gmp.police.uk,9498,617,GMP,"37.559025,126.793257307692","Chief Constable of Greater Manchester Police, National Police Lead for Workforce representation & diversity."
fire/emt,3:45 AM - 23 Feb 2017,DerbyshireRCT,,395,91,"Matlock, England","53.13745,-1.5544599",Derbyshire Constabulary's Rural Crime Team. Account not monitored 24/7. Please don't report crime via Twitter. Call 101 for non-emergencies; 999 in an emergency
news,8:06 AM - 14 Nov 2016,Daily_Polius,,2615,3699,"New York, USA","40.73059,-73.9865799",News usa
journalist,7:41 AM - 17 Apr 2012,FPPTim,http://freedomoutpost.com,3717,1835,South Carolina,"33.68743,-80.4363699","Husband To One Lovely Lady, Father To 10, Christian, Lover of Liberty Editor/Writer @ http://TheWashingtonStandard.com  & http://GunsInTheNews.com  ΜΟΛΩΝ ΛΑΒΕ"
journalist,11:47 AM - 3 Jan 2012,NIGERIANCRITIC1,,195,842,"OAU, ILE-IFE",,"CHIEF CONSULTANT@ACADEMIA SPECIALTIES,IFE&OTA: BIOCHEMIST,DEFENCE&TECHNOVATION ANALYST,WRITER,CORPORATE SOLUTIONS,e-JOBS EXPERT."
news,12:36 PM - 31 Oct 2013,homebasetvghana,http://hbtvghana.com,248,47,Kokomlemle,"5.57367,-0.2084599",A digital TV channel broadcasting from Ghana.
police/traffic,8:39 AM - 24 Mar 2010,BritWales,http://www.youtube.com/watch?v=gHej13mBunM&feature=uploademail,1040,3658,"Here, there, everywhere and beyond!",,"British [Queen's] Subject, Cardiff: English, Italian, Spanish, Arabic. Consultant Islam-West. Editor, Kuwait Grand Mosque 4yrs. Retired Police Communications UK"
journalist,8:32 AM - 11 Mar 2007,AmandaMarcotte,http://www.salon.com,57592,1067,"Brooklyn, NY","40.6501,-73.9495799","Politics writer for http://Salon.com , owned by two cats and a vinyl obsession."
news,1:23 PM - 3 Nov 2009,MadisonPatch,http://madison.patch.com,2156,417,"Madison, NJ","40.75982,-74.4170899",Madison Patch is your source for local news.
journalist,9:33 AM - 2 Dec 2016,JemutaiKE,https://m.youtube.com/channel/UC4hEBI6Zhq_6u_nfOZN2oWQ,10947,10710,"Eldoret, Kenya","0.51983,35.27154",| Mother of Two | Journalist | Politics | Business Lady | TEL: 02023540324 #AditsoleTechnologiesTeam
news,10:47 PM - 17 Jul 2012,cedarrapidsbuzz,http://tbnn.it/cedarrapids,1274,218,"Cedar Rapids, IA","41.97588,-91.6703999","Curating the best media feeds in Cedar Rapids. Part of the 400-city The Breaking News Network, the largest community news network supporting the social good"
news,4:39 AM - 9 Apr 2009,annakaiowa,http://www.fairobserver.com,3516,3422,Planet Earth,"12.8831,77.75016",All that is necessary for the triumph of evil is that good men do nothing. - E. B. - Peace - Social Media Marketing @myfairobserver
journalist,5:22 AM - 12 Jul 2009,HannahAllam,http://www.buzzfeed.com,27821,5790,"Washington, DC","38.89495,-77.0366399","Reporter covering U.S. Muslim life for @BuzzFeedNews. Past: Baghdad, Cairo, foreign policy @McClatchyDC. Okie via Egypt. Tips/ ideas: hannah.allam@buzzfeed.com"
journalist,10:46 AM - 11 Jun 2009,metesohtaoglu,http://medyascope.tv/profil/metesohtaoglu/?profiletab=posts,31169,2992,Istanbul - Turkiye,"41.00963,28.96516","Journalist,researcher,(Global Jihadi Movements Expert,MENA,#Turkey,Inter.Affairs)KUresel cihat hareketleri,Ortadoğu,Asya,Afrika(Former News Editor@CNN TURK,NTV)"
news,11:13 AM - 30 Oct 2007,recordonline,http://recordonline.com,31722,985,"Hudson Valley, New York",,Breaking news in the Hudson Valley from the Times Herald-Record.
news,1:21 AM - 7 May 2009,LitigationNews_,http://www.mondaq.com,590,306,World Wide,,"Litigation news and alerts from lawyers, law firms and accountants also covering arbitration and dispute resolution.@Mondaq legal news feed."
journalist,1:46 PM - 21 Feb 2011,Orlaodo,http://rte.ie/news,9408,3355,Dublin,"53.34976,-6.2602699","Legal Affairs Correspondent for RTE News. Views my own. RTs and likes indicate interest, not agreement."
journalist,2:51 PM - 31 Aug 2009,Hadas_Gold,http://politico.com/,39050,1204,"Washington, D.C.","36.29885,-82.3591834",I'm a media reporter for @politico and a @fox5dc contributor. Send me your news and recipes hgold@politico.com TLV PHX DCA
govt,9:40 AM - 29 Jan 2009,europeaid,http://ec.europa.eu/europeaid/,37123,2103,Worldwide,,We're @EU_Commission department 4 Intl Cooperation & Development. Mission? Eradicate poverty & achieve sustainable development worldwide . #EUDev #GlobalDev
police/traffic,10:41 AM - 15 Jan 2010,tranlib,http://libraryattack.com,2180,2084,"Berkeley, CA","37.87083,-122.2728599","Transportation librarian, pedestrian, cyclist, and wannabe hacker."
journalist,2:41 PM - 19 Sep 2008,overlawyered,http://www.overlawyered.com,12348,273,"Washington, DC area","39.26593,-77.5308199","The oldest law blog, skewers everything litigious. From @CatoInstitute. Also check out our editor's other account, @walterolson."
journalist,1:17 PM - 18 Jan 2014,4US_Workers,http://www.protectusworkers.org,2449,2753,"Florida, USA","27.75676,-81.4639799",President of Protect US Workers org.; owner/attorney of The Blackwell Firm; professor at University of South Florida Tampa; author; mother; jujitsu fighter
wx,10:45 AM - 30 Oct 2011,PaulHeggenWSMV,http://www.wsmv.com/weather,9580,542,"Nashville, TN","36.16222,-86.7743499","Professional meteorologist (weekday mornings @WSMV), amateur sports analyst, nerd omnivore, friend to all dogs."
news,7:17 PM - 2 Nov 2015,Top_Story_News,http://bit.ly/1NCY6PB,487,240,WorldWide,,"Top Stories news from Bing, Google, Yahoo, CNN, ABC, Huffington, BBC, USA Today, New York Times, FOX, Mirror, CBC, NBC & more! http://bit.ly/1NCY6PB"
news,5:09 AM - 4 Aug 2008,ISMPalestine,http://palsolidarity.org,53697,844,Occupied Palestine,,Solidarity. Justice. Freedom. Follow for news and live updates on the ground in #Palestine.
news,11:08 AM - 14 Jan 2015,musbizubeat,,51303,39590,http://musbizusblog.com,,"We keep u updated with latest news stream, sport, gist, rumours, Romance, fashion, technology and music updates |PIN: 593E69F8 | Mail us musbizubeat@gmail.com"
journalist,4:55 PM - 16 Jul 2007,ukigoni,http://amazon.com/author/ukigoni,4248,771,,,"Op-Ed contributor @nytimes. Journalist @guardian. Author ""The Real Odessa"" @grantabooks. Nazi SS Captain Erich Priebke sued me for €50k. He lost."
journalist,2:22 AM - 8 Aug 2011,lindakibombo,http://lindakibombo.blogspot.com,2926,1695,Kampala,"0.31771,32.58135","Journalist, Writer, Blogger"
journalist,6:47 AM - 26 Mar 2010,CarolCNN,http://www.facebook.com/carolCNN,58898,1609,,,"Die-hard @tigers @lions fan, #runner, and #HLN anchor. RT are not endorsements."
news,1:30 PM - 12 Nov 2012,WKYTBreaking,http://wkyt.com,3889,95,"Kentucky, USA","37.5726,-85.1551399",WKYT's official Twitter account for breaking news in Central and Eastern Kentucky.
journalist,1:56 PM - 21 Oct 2013,joeduceyreports,,209,107,"Lexington, KY","38.0464,-84.4970299","Reporter for WLEX18 News (NBC) - Avid cyclist - ESU Grad - I enjoy good food, good books, and good people"
wx,11:22 AM - 25 May 2012,NWSTallahassee,http://www.weather.gov/tae/,15608,282,"Tallahassee, Florida","30.43808,-84.2809299",Official Twitter account for the National Weather Service Tallahassee. Details: http://weather.gov/twitter
journalist,3:06 PM - 14 May 2008,amywestervelt,http://www.amywestervelt.com,18732,7392,Sierra Nevada   ✈️ Glasgow,,Writer/radio nerd for hire. Stories @wsj @guardianus @kqed @renopublicradio & more. Make @rangepodcast & @AboutYourMa. Member @SEJ. Rep'd by @laurieabkemeier
journalist,3:17 PM - 17 Oct 2011,adam_furley,,712,1049,"Lincoln, Nebraska","40.80005,-96.6673999","Student at The University of Nebraska - Lincoln #Huskers #Nebrasketball #ChicagoCubs #Lions, @CornNation writer, Love Country Music!"
journalist,3:45 PM - 1 Apr 2009,chris_coppola,http://azcentral.com,2926,2260,"Phoenix, Ariz.","33.44858,-112.0773399",Breaking news editor for the Arizona Republic and http://azcentral.com . RTs and links are not endorsements.
journalist,2:39 PM - 2 Jul 2009,ademillo,https://apnews.com/search/andrew%20demillo,7634,5194,"Little Rock, AR","34.74648,-92.2895899","I'm the Capitol Correspondent for the Little Rock bureau of The Associated Press, an amateur dad, an avid runner and an unapologetic UGA fan."
wx,11:43 PM - 1 Aug 2014,BSMarshall2,,274,539,"Iowa, USA","41.92167,-93.3122699","KGAN/KFXA (CBS 2/Fox 28) Meteorologist. Cedar Rapids, IA. Weather and sports enthusiast. Baseball, wearer of many hats, runner, former radio personality."
wx,10:23 AM - 13 Mar 2009,ScottDimmich,http://www.scottdimmich.com,5589,2116,"Cincinnati, OH","39.10145,-84.5124599",Cincinnati (my home) AMS Certified Meteorologist. @sycamoreschools/@psumeteo grad. Avocado/wx data/sleep aficionado. Best days start after 10am. Personal acct.
wx,6:24 PM - 10 May 2008,CincySkywarn,http://www.warn.org,1160,32,"Cincinnati, Ohio","39.10145,-84.5124599","Weather Amateur Radio Network - W8NWS - The Cincinnati, Ohio Chapter of Skywarn. (ham radio)"
police/traffic,9:02 PM - 15 Dec 2008,pkoonce,http://koonceportland.blogspot.com/,2457,394,"Portland, OR","45.52024,-122.6741899",Transportation Engineer working to implement the policies of his hometown #PDX
wx,6:27 PM - 1 Aug 2011,kylemounce,http://theindychannel.com/weather,1841,794,"Indianapolis, IN","39.76833,-86.1583499",Meteorologist at RTV6 - ABC station in Indianapolis
journalist,11:52 PM - 3 Oct 2015,BabakTaghvaee,https://www.shephardmedia.com/author/babak-taghvaee/,3086,150,"Valletta, Malta","35.89875,14.51348","Book Author, Freelance Military Aviation Historian, Journalist, and Photographer. Ex-aircraft technician. Shephard Media special correspondent."
news,10:57 PM - 25 Mar 2009,KPUG,,1592,1008,"Bellingham, WA","48.7544,-122.4788599","KPUG 1170AM - The Sports Leader. Sports Talk radio station in Bellingham, Washington. Listen to The Zone live from 3-5:30pm on-line at http://kpug1170.com"
journalist,10:01 AM - 28 Feb 2011,dspinv13,http://www.ktnv.com/,1939,274,"Las Vegas, NV","36.16628,-115.1492199",Chief Investigative Reporter @ KTNV Channel 13 Action News
journalist,5:08 PM - 5 Sep 2014,AshleyHoltKJRH,https://www.facebook.com/AshleyHoltKJRH/,546,472,"Tulsa, OK","36.15568,-95.9929099","@KJRH2HD Reporter, Fmr @KOMUNews Reporter/Anchor, pizza-lover, Chicago suburban #NABJ #MizzouMafia Story ideas? Ashley.Holt@KJRH.com"
journalist,12:30 PM - 15 Oct 2009,KBBenning,http://www.cknw.com,718,682,"Vancouver, Canada","49.26089,-123.1139299",@CKNW reporter. @AM730Traffic anchor/reporter. Former reporter with @thenownewspaper. BCIT Broadcast and Online Journalism student. BA in Journalism from KPU.
news,10:47 AM - 2 Nov 2016,CodeNameBlackHD,https://www.youtube.com/channel/UCh2-aq-kgLgWl-VSBtunKnA,92218,243,"Nevada, USA","39.51588,-116.8537199",950K Subscribers #1 source for not taking shit seriously Sponsored by everyone. I'M A VERY UGLY GUY. https://www.youtube.com/channel/UCh2-aq-kgLgWl-VSBtunKnA …
fire/emt,6:38 AM - 9 Jun 2010,BLMAZFire,http://www.blm.gov/az,5862,491,"Arizona, USA","34.39534,-111.7632699",Bureau of Land Management Arizona Fire Districts: ASD=Arizona Strip; CRD=Colorado River; PHD=Phoenix; GID=Gila #AZFire https://www.facebook.com/BLMArizona  @BLMArizona
fire/emt,11:09 AM - 16 Jul 2010,NorthCountyFire,http://ncfireprotectiondistrict.org,3097,205,"Fallbrook, CA","33.37641,-117.2511399","The official Twitter site for the North County Fire Protection District serving the communities of Fallbrook, Bonsall and Rainbow in San Diego County, CA #NCFPD"
journalist,2:22 PM - 20 Apr 2010,berryfeels,http://www.italtel.com,598,1634,"Milan, Italy","45.46679,9.19049",Strategy & Marketing. Cyber Security & DC SDN practice lead. Views & Trolls are my own unless on ppt. #CiscoChampion 2017
news,8:53 PM - 4 Jun 2010,PotomacLocal,http://www.potomaclocal.com,4778,1371,"Woodbridge, Virginia","38.65817,-77.2496999","Voted Virginia's #1 Online-Only News Source by the Virginia Press Association, serving Prince William, Stafford, & Manassas."
news,12:37 AM - 27 Sep 2013,EDM_Authority,http://www.facebook.com/EDMAuthorityOfficial,117,157,Madrid - Buenos Aires,"40.39165,-3.6538799","Electronic Dance Music content curator and trend spotter. The best news and professional reports about DJs, the clubbing scene and outdoor festivals"
news,1:10 PM - 14 Sep 2015,sanclemente23,http://www.LocateSanClementeHomes.com,33,15,"San Clemente, CA","33.42702,-117.6124099",San Clemente News and Information
news,11:54 PM - 23 Oct 2011,PaloAltoNews,http://tbnn.it/paloalto,1943,431,"Palo Alto, CA","37.44215,-122.1634399","Curating the best media feeds in Palo Alto. Part of the 400-city The Breaking News Network, the largest community news network supporting the social good."
journalist,11:46 PM - 2 Mar 2013,Jenspilsbury,,151,24,"Cairns, QLD","-16.9204899,145.7719",Editor of The Cairns Post and devoted wife and mum. A lifelong golfing tragic who loves to travel. (Opinions are my own)
news,4:53 AM - 23 Oct 2014,Food_news_usa,http://www.newslocker.com/en-us/profession/food/,840,580,,,Find your latest Food news with just one click. Dont miss out on anything happening in your profession!
news,2:30 PM - 23 Jul 2008,jaxdotcom,http://jacksonville.com,50239,2436,"Jacksonville, FL","30.33218,-81.6556499",Sharing the latest news and information from The Florida Times-Union and http://Jacksonville.com . Follow @timesunionmedia for media and marketing solutions.
news,5:56 PM - 1 Oct 2015,vocradio1,http://voiceofthecaribbean.net,307,417,Worldwide,,"Comprehensive Caribbean online radio, broadcasting the latest regional & international news, sports & entertainment to the world. iOS & Android apps now out!"
journalist,7:07 AM - 30 May 2009,schemaly,http://wmcspeechproject.com,45023,6726,,,"Feminist 100% of the time. Dir/WMC Speech Project. Writer: Verge, TIME. HuffPo, Role Reboot, The Atlantic, Salon, Guardian, Rolling Stone+ Views here personal."
wx,8:37 AM - 21 Mar 2017,FloridaOracle,http://www.TheFloridaOracle.com,3115,4167,"Florida, USA","27.75676,-81.4639799","News, Sports, Weather and so much more from Florida and beyond. Visit us at http://TheFloridaOracle.com"
journalist,8:20 AM - 27 Jan 2009,jasonwheelertv,,5541,2266,"Dallas, TX.","32.77627,-96.7968499","News anchor/reporter @wfaachannel8. I'm also a passionate traveler, amateur chef, tennis player, husband, dad & optimist. http://Facebook.com/JasonWheelerTV"
journalist,6:23 AM - 28 Apr 2008,mikeklonsky,http://michaelklonsky.blogspot.com/,7059,816,Chicago,"41.87555,-87.6244199","Retired Educator, writer, blogger, BBall coach, Hitting Left on WLPN Chicago"
news,4:53 PM - 16 Apr 2012,Chicagoupdate1,,2494,3044,,,All the latest breaking news about Chicago
journalist,7:35 AM - 24 Mar 2008,ArponBasu,http://www.lnh.com,25183,1963,"Montreal, Quebec","45.50879,-73.5539799","Directeur de la redaction http://LNH.com  Managing editor. Father of three, husband of one. My views and no one else's, obviously."
disaster/accident,10:54 AM - 7 Apr 2009,RepAdamSchiff,http://schiff.house.gov/,283715,978,"Burbank, CA","34.18164,-118.3258499",Representing California's 28th Congressional District and Ranking Member of the House Intelligence Committee.
disaster/accident,4:34 PM - 31 Aug 2011,RubyGonzales2,,2556,912,Southern California,"34.021965,-118.285864851123","Covers crime, courts, breaking news for the San Gabriel Valley Tribune, Pasadena Star News & Whittier Daily News. Retweets are not endorsements."
journalist,7:21 AM - 14 Jul 2008,BlakeMichelleM,http://www.blakemichellemorgan.com,7684,2001,"Bay Area, CA","37.78849,-122.3558399","#CustomerExperience #futurist, author, speaker, @Forbes columnist, podcast host, mama. Married to @JacobM."
journalist,1:35 PM - 10 Jun 2009,WBZNightside,http://www.cbsboston.com/nightside,8275,3603,Boston,"42.36048,-71.0595599","Dan Rea, a veteran Boston television journalist. Is the Host of NightSide on WBZ Newsradio 1030 AM every weeknight from 8:00pm to midnight."
journalist,11:21 PM - 16 Nov 2016,KarmaKatan,,51,89,Pennsylvania,"40.96998,-77.7278799","TCP member. love to write, watch anime, and play video games."
wx,2:38 PM - 19 Dec 2011,JeremyKappell,http://www.facebook.com/pages/Jeremy-Kappell-WDRB/182761101767247?ref=hl,6077,1825,"Louisville, KY","38.25423,-85.7593999","Follower of my God and my dreams Family man, foodie, fitness freak Meteorologist for http://WDRB.com  https://www.facebook.com/JeremyKappellWX/ …"
journalist,9:14 PM - 25 Dec 2009,Jeff_Sparrow,http://www.rrr.org.au/program/breakfasters/,9899,903,"Melbourne, Australia","-37.8142099,144.96316","Guardian columnist, Triple R Breakfaster, writer and nogoodnik."
journalist,3:01 AM - 21 Sep 2011,BrowneGareth,http://garethabrowne.wordpress.com/,2170,1937,Erbil,"36.53493,44.25344",Iraq based Journalist and Arabist. Words: @thetimes @MiddleEastEye @The_NewArab @Telegraph
fire/emt,7:23 AM - 15 Feb 2012,Neptanow,http://nepta.us,16400,5065,Nationwide,"51.387015,0.547614999999999",The National Emergency Planning and Training Association. Helping families and businesses across the U.S. prepare for and recover from disasters.
wx,5:20 AM - 19 Dec 2010,MyMountainTown,http://mymountaintown.com/,2602,2844,Colorado,"38.72517,-105.6077099","Community Website serving Mountain Jeffco & Park County: Morrison, Conifer, Evergreen, Pine, Bailey, Fairplay. Local Weather, News, Webcams, Forums, Calendar!"
journalist,5:26 PM - 30 Jun 2009,awzurcher,http://www.bbc.com/news/correspondents/anthonyzurcher/,12161,1457,"In and around Washington, D.C.",,"BBC senior North America reporter. A Texan who explains US politics to Brits, UK politics to Americans & Canadian politics to everyone. Views expressed ≠ BBC's"
news,2:14 PM - 7 Apr 2010,EastonDV,http://easton.dailyvoice.com,474,58,"Easton, CT","41.25287,-73.2973299","The Easton Daily Voice is a local news organization. Our town-based reporters cover the most important news, sports and information in our community."
police/traffic,9:12 AM - 17 Jan 2014,ThorntonPolice,http://www.cityofthornton.net/police,3966,103,9551 Civic Center Dr,"38.35484,-81.6418599",The vision of the Thornton Colorado Police Department is to be recognized as the standard of excellence in law enforcement.
journalist,7:15 AM - 7 Sep 2011,NFLFilmStudy,http://draftcentric.weebly.com/,16187,298,"Houston, TX","29.75893,-95.3676899","Chief Writer, NFL and NFL Draft scout for @BleacherReport. @Ashland_Univ '13, @UHouston '14. I am just a man with a heart and sinful hands."
fire/emt,4:53 AM - 28 Jun 2014,SnoCoScannerRep,,1073,108,"Snohomish County, Washington","48.00747,-121.7304799","Welcome to the Snohomish County Scanner Report. Near instant reports from local Sheriff, and city Police and Fire Departments."
fire/emt,1:41 PM - 28 Jul 2015,Marysville_Fire,http://www.marysvillefiredistrict.org,677,431,"Marysville, WA","48.06274,-122.1633299","Marysville Fire District provides service to approximately 78,000 residents of Marysville, Seven Lakes, Quil Ceda Village and Smokey Point, WA."
journalist,4:40 PM - 12 Dec 2015,TheDaneChris,http://www.almasdarnews.com,2914,96,Denmark,"55.67024,10.33332","Deputy Editor at Al-Masdar News. Specialized on frontline reports from Syria, Iraq, Yemen & Libya. Opinions are my own, articles are strictly objective."
journalist,8:37 AM - 23 Feb 2009,JohnnyMac48,http://usaprophecy.com,2691,1863,"Pennsylvania, USA","40.96998,-77.7278799",Blog at John McTernan's Insights regarding Bible prophecy and current events esp. about Israel. Author of As America Has Done To Israel.
journalist,8:01 PM - 17 Jan 2009,quinncy,http://www.quinncummings.com,17180,2337,Los Angeles,"34.05439,-118.2439399","Wrote three books, have three pets. Will write for you for money. First person to call Trump The Giant Toddler. Court Jester to Ragnarok."
wx,11:22 AM - 2 Aug 2012,EquinoxWeather,https://www.equinoxweather.com,2299,1266,"Muncie, IN","40.19366,-85.3865099","#WRN Ambassador, Veteran Owned Weather Consulting business. Dedicated to providing quality weather information. NWA member"
journalist,11:26 AM - 5 Jan 2010,ABCBTom,http://www.hungrybugdiner.com/,3178,985,,,"Manga reviewer, aesthete, dilettante, snob, horror fan, scholar of nonsense, reader, writer, watcher, doer, craftsperson of disordered lists."
wx,8:43 AM - 7 Apr 2009,StormTrack8,http://www.wishtv.com/subindex/weather,5205,16,"Indianapolis, Indiana","39.76833,-86.1583499",Weather blogs from WISH-TV's Storm Track 8.
wx,10:49 AM - 4 Sep 2010,Erica_Collura,http://local12.com/weather,6926,790,"Cincinnati, OH","39.10145,-84.5124599",4pm & 5:30pm Meteorologist @local12 WKRC
journalist,10:22 AM - 16 May 2013,JWPrairieDog,http://www.tulsaworld.com,1587,585,"Tulsa, Ok","36.15568,-95.9929099","Tulsa World reporter, father, civics student and succinct biography writer."
wx,10:43 AM - 25 Apr 2016,tornado_talk,http://www.tornadotalk.com,1391,491,,,"Tornadoes+history+storytelling = Our #podcast. Hosts: Dan Holiday & Jen Narramore. Tweets about the show, realtime severe wx coverage, #tornado history/articles"
fire/emt,3:13 PM - 19 Oct 2010,FresnoCoFire,http://www.fresnocountyfire.org,4753,92,Fresno County,"36.67135,-119.8155299",The Fresno County Fire Protection District is located in the heart of the San Joaquin Valley in Central California.
fire/emt,11:42 AM - 19 Jan 2013,CliffordFire,http://www.facebook.com/cliffordfire,787,72,"Clifford, Indiana","39.28227,-85.8691499",Official page of the Clifford Volunteer Fire Department. We report news around Bartholomew and surrounding Counties. Updates on http://facbook.com/cliffordfire
journalist,4:52 PM - 1 Aug 2011,RobNero1,,1913,3224,,,"Very aware of My Light and My Dark and my struggle between- Musician Vocalist Writer All Things Reader, Movie Lover, Graphic Novel freak"
disaster/accident,7:01 PM - 15 Oct 2010,NDRRMC_OpCen,http://www.ndrrmc.gov.ph,184357,84,"Camp Aguinaldo, Quezon City","14.606515,121.063741815327",Welcome to the Official Twitter Account of the National Disaster Risk Reduction and Management Council
news,3:38 PM - 27 Oct 2015,punditnews2016,http://politicalpunditnews.com/,90,28,United States,"39.78373,-100.4458799",Political News for the 99%
news,4:19 PM - 9 Sep 2008,abcbrisbane,http://www.abc.net.au/brisbane,252339,39154,"Brisbane, Australia","-27.4689599,153.02349",ABC Radio Brisbane. Listen here: https://radio.abc.net.au/  Talkback number: 1300 222 612 SMS: 0467 922 612
wx,8:20 AM - 3 Feb 2015,MikeFOX45Now,http://abc22now.com,708,1429,"Dayton, OH","39.75894,-84.1915999","Meteorologist for ABC 22 & FOX 45. All around Ohio weather guy. Cleveland sports fan, OSU Grad. Go Bucks! Proud to be forecasting for the Miami Valley!"
journalist,1:15 AM - 22 May 2010,BevanShields,,14304,2364,Canberra,"-35.2819299,149.12889",Federal Editor and Canberra Bureau Chief for The Sydney Morning Herald and The Age. Opinions my own. bevan.shields@fairfaxmedia.com.au Snapchat: bevo1985
journalist,8:00 AM - 23 Apr 2010,AaronBlake,http://wapo.st/13B31dj,58524,3517,"Washington, D.C./NoVa",,"Senior political reporter, The Fix at The Washington Post. RTs should be taken seriously, not literally. All tweets speak for themselves."
police/traffic,9:58 AM - 9 Sep 2009,kcbstraffic,http://www.cbssf.com,6746,162,San Francisco Bay Area,"37.78849,-122.3558399",Get live traffic updates anytime on KCBS All News 740AM/106.9FM. Traffic every ten minutes 'on the eights.'
news,4:53 AM - 11 Jan 2009,baydailynews,http://www.mercurynews.com/peninsula,2882,467,"Menlo Park, CA","37.45382,-122.1821799","The Peninsula's best daily news source. Covering Palo Alto, Menlo Park, Atherton, Redwood City, Mountain View, Los Altos and other area communities."
news,11:04 AM - 1 Aug 2011,WCHE1520Radio,http://www.wche1520.com,1347,279,"West Chester, PA","39.95972,-75.6059599","WCHE 1520AM is central Chester County's first and ONLY community radio station for local news, sports, information, and entertainment."
journalist,9:10 AM - 25 Jan 2013,bacarnegie,,626,670,"Toronto, Ontario","43.65292,-79.3848999",Evening News Anchor at @am640. Previously Reporter/Anchor at @BlackburnSarnia. @FanshaweCollege & @westernu alumni.
journalist,2:54 PM - 9 May 2009,jdawsey1,,31254,1607,DC,"38.89366,-76.9878772593398","POLITICO White House reporter. Proud WSJ, Room 9 alum. Southerner and New Yorker at heart. Cigar aficionado. Tips? Tipsy topsy slurs? JDawsey@politico.com"
journalist,11:31 AM - 30 Apr 2015,PeterMancina,https://www.linkedin.com/in/peter-mancina-79a12313,11408,7581,"San Francisco, CA","37.77928,-122.4192299","Anthropologist, author, migration scholar & researcher tweeting about power, policy, #sanctuarycities, immigration, social movements & culture."
fire/emt,6:04 PM - 15 Aug 2011,ASUPolice,http://cfo.asu.edu/police,6650,803,"325 E. Apache Blvd., Tempe, AZ","33.4147,-111.8982299",Arizona State University Police Department is a full service dept. operating 24/7 on all four campuses. Call 911 for emergencies. Non-emergencies: 480-965-3456
police/traffic,9:13 PM - 3 Oct 2012,4TheJerseyKid,,3044,417,,,"US Army: 82C/04B/97E/96B; Arctic Test Center; Berlin 74-76, near-miss courtmartial, MSM / rookie police officer, W Texas, 77 / Truth, Justice--The American Way."
journalist,6:34 PM - 3 Sep 2010,KylieMcGivern,http://kxan.com/author/kylie-mcgivern/,1813,1226,"Austin, TX","30.27112,-97.7436899",Reporter @KXAN_news Investigative journalist. City government beat. Mizzou grad. Floridian. Have a story idea? Would love to hear it! Kylie.McGivern@KXAN.com
wx,12:02 AM - 16 Feb 2011,SydneyNews,http://www.beliefmedia.com,1310,264,"Sydney, Australia","-33.8548099,151.21645","We seek and tweet news, events, and #history relating to #Sydney, #Australia. Account provided by @BeliefMedia. Sydney weather radar at @SydneyBasin."
fire/emt,1:24 PM - 9 Jan 2014,SanMateoFD,,1198,294,"San Mateo, CA","37.4969,-122.3330499",City of San Mateo Fire Department
news,12:35 PM - 12 Jan 2017,SportsNewsOrg,,232,192,,,"Breaking sports news, updates, commentary and analysis."
journalist,12:36 PM - 25 May 2009,WRALLynda,http://wral.com,6974,1897,"Raleigh, NC","35.78039,-78.6390899",WRAL/Fox50 Anchor/Reporter
journalist,9:08 PM - 25 Jul 2012,DekeFarrow,http://modbee.com,210,166,"Modesto, CA","37.63909,-120.9968699",Modesto Bee local editor and reporter
news,11:15 PM - 18 May 2012,Architecturefan,,4519,4673,,,Your source for the latest news on Architecture.
police/traffic,1:49 AM - 20 Jan 2009,allenpayton,http://www.AntiochHerald.com,867,1403,"Antioch, California, USA","38.00492,-121.8057799","Christian, father, entrepreneur, Publisher http://AntiochHerald.com  http://ContraCostaHerald.com , CEO, Former Antioch Mayor Pro Tem & Contra Costa Transportation Commissioner"
journalist,3:59 AM - 25 Aug 2011,WPXI_Lori,,2496,288,,,"Reporter, WPXI TV Pittsburgh, PA. Retweets are not endorsements."
journalist,11:46 PM - 21 Apr 2016,MsJaneMurdoch,http://janemurdoch.com,457,42,The Goblin King's Labyrinth,,Intersectional feminist. Writer. My socks never match. Anti-Nazi. Mostly gay She/Her. $100 per tweet to engage with men who hate women. TW for my TL.
news,12:49 PM - 9 Oct 2008,mediaguardian,http://www.theguardian.com/media,531208,120,UK,"54.70235,-3.2765699","News, comment and analysis from the @Guardian's media team"
journalist,6:09 PM - 31 May 2011,AllisonWSOC9,http://www.wsoctv.com,5756,905,,,I'm an evening anchor and reporter at WSOCTV in Charlotte! So excited to be working in the Queen City!
news,2:41 PM - 24 Feb 2009,WSILNews,http://www.wsiltv.com,27679,193,"Carterville, IL","37.75978,-89.0774199","WSIL News 3 serves viewers in southern Illinois, southeast Missouri and western Kentucky."
wx,2:11 PM - 11 Nov 2010,WHAS11Ben,http://www.whas11.com,8630,9020,Louisville,"38.25423,-85.7593999","Chief Meteorologist @WHAS11 Television in Louisville, Kentucky. Thanks for watching! ABC Affiliate."
fire/emt,5:25 AM - 12 Mar 2017,AtlanticCityFD,,463,264,"Atlantic City, NJ","39.36428,-74.4229299",Official Twitter feed for the Atlantic City Firefighters IAFF Local 198. Feed not monitored 24/7. For emergencies dial 911.
journalist,4:45 PM - 20 May 2008,marclacey,http://topics.nytimes.com/top/reference/timestopics/people/l/marc_lacey/index.html,8841,2780,"New York, NY","40.73059,-73.9865799","NYT National Editor, after journalistic stints in Buffalo, Los Angeles, Washington, Nairobi, Mexico City and Phoenix."
news,12:40 AM - 8 Jul 2016,TheNewsAddictor,,171,105,India,"22.35111,78.66774","Welcome to my world of News Addiction. Keep your belt tight and get ready for the thrilling journey of News, as I am complete freak of Latest news."
police/traffic,1:24 PM - 20 Aug 2016,ChiefRizzi,,94,58,"Yakima, WA","46.60155,-120.5108399",At Yakima Police Department our ability to provide exceptional police service is enhanced by our partnerships with the community.
fire/emt,7:16 AM - 21 Mar 2016,NJPBA24,http://www.acpolice.org/,467,399,"Atlantic City, NJ","39.36428,-74.4229299",This account represents the voice of active and retired ACPD officers. It is not monitored 24/7 dial 911 if you have an emergency. Mail: 250 N New York Ave.
wx,9:09 PM - 3 May 2013,CitizenAtHeart,,185,230,kawit cavite,"14.44382,120.898122470414","CableBroadbandStaff , Union P.R.O , Weather Enthusiast ㅋㅋ"
wx,8:48 AM - 23 Aug 2011,DickFaurot,http://newson6.com,4846,825,"Tulsa, Ok","36.15568,-95.9929099","Meteorologist at KOTV6, Tulsa, Ok."
journalist,12:44 PM - 7 Apr 2011,RotoPat,,40785,751,Rotoworld West (St. Louis),,NFL writer for Rotoworld/NBC Sports. MLB hobbyist. Jeff Fisher scholar.
journalist,2:02 PM - 24 Apr 2009,MarkDice,http://YouTube.com/MarkDice,196788,130,New Videos Every Day,,"Media Analyst, Author, 1 Million YouTube Subscribers, Laughing at Liberals & Exposing Fake News Mainstream Media Manipulation. Subscribe to my YouTube channel."
fire/emt,11:24 AM - 16 May 2014,MeafordRFTC,http://www.meaford.ca/government/emergency-services.html,899,658,"Meaford, Ontario","44.60865,-80.5914599","This account is not monitored, if this is an emergency please call 911 Meaford Fire is located in Meaford ON."
news,7:03 PM - 26 Aug 2012,fitnessreports,,3832,4279,,,We deliver the latest fitness news everyday
police/traffic,7:59 AM - 10 Nov 2009,TotalTrafficSF,http://totaltraffic.com/LocalTraffic/San%20Francisco/,1817,558,"San Francisco, CA","37.77928,-122.4192299",Stuck in a delay in the Bay Area? Tell us about it! Call the TTWN Traffic Tipline: 415 247-4100
disaster/accident,12:08 PM - 3 Nov 2008,VFPNational,http://www.veteransforpeace.org,21046,3053,"Saint Louis, MO","38.62727,-90.1978799",Exposing the True Costs of War and Militarism Since 1985. #PeaceIsPossible
fire/emt,9:23 AM - 25 Jun 2015,PeoriaFire,,581,18,,,
news,8:17 AM - 16 Apr 2012,TEDRadioHour,http://www.npr.org/programs/ted-radio-hour/,38191,650,,,A radio show about big ideas. A co-production of NPR and TED. Hosted by @guyraz. Subscribe on iTunes: http://bit.ly/TXPO9v
journalist,2:24 PM - 15 Jun 2009,JeffreyGoldberg,http://www.theatlantic.com/author/jeffrey-goldberg/,165122,1346,"Washington, D.C.","36.29885,-82.3591834","Editor in Chief, The Atlantic"
news,8:59 AM - 18 Oct 2009,AsCorrespondent,http://asiancorrespondent.com/,50498,7646,Asia,"56,103.99999","Independent Asia news covering regional Politics, Business, Technology, Environment & Asian Culture issues from the Asia Pacific region. English-language based."
fire/emt,8:27 AM - 18 Apr 2009,Newsworking,http://www.newsworking.org,1034,81,"Allentown, PA","40.6022,-75.4712699","Fire Scene Videos | Photos | News from eastern Pennsylvania and beyond, including NYC & Philadelphia."
news,11:44 AM - 17 Aug 2009,wagingnv,http://wagingnonviolence.org/,14651,950,"New York, NY","40.73059,-73.9865799",Your source for news and analysis on the many ways that ordinary people around the globe are using nonviolence. Subscribe to newsletter: http://on.fb.me/1q3A82T
wx,8:43 PM - 11 Mar 2015,StLouisOnline,,9045,7167,"St Louis, MO","38.62727,-90.1978799","Breaking news, weather, traffic and more for St. Louis. DM us anytime. RTs not endorsements"
journalist,5:02 PM - 29 Oct 2010,BrooklynSpoke,http://brooklynspoke.com/,14101,982,"Brooklyn, NY","40.6501,-73.9495799",I'm Doug Gordon. I'm a TV writer/producer. Trying to make our city's streets more humane for all.
news,4:24 AM - 8 Feb 2012,DavidWhisenant,https://www.facebook.com/DavidWhisenantWbtv/,8440,4345,"Salisbury, NC, USA","35.67097,-80.4742199","Christ follower, WBTV News guy, husband, dad, granddad, STL Cardinals, Redskins, App State, NASCAR, Beatles, USA, Anglophile.RT's not endorsements, or are they?"
journalist,6:15 AM - 18 Jan 2011,SazaliAbdulAziz,,695,325,,,Sports correspondent for @TheNewPaper.
journalist,1:43 AM - 23 May 2012,jothims,http://www.inc.in,26428,981,,,Panelist on National Media on State Issues @INC Ex. Gen. Secretary @IYC. Writer. Passionate about gender and rights.
wx,12:32 PM - 29 Jul 2009,wnct9,http://www.wnct.com,12026,324,"Greenville, NC","35.61266,-77.3663499","9 On Your Side is your source for news, ECU sports, First Alert weather, politics, and social media for eastern North Carolina."
news,11:20 AM - 28 Jun 2007,scsentinel,http://www.santacruzsentinel.com,29920,4038,"Santa Cruz, California","36.9746,-122.0294199",News from the Santa Cruz Sentinel; http://www.santacruzsentinel.com  - DM us with news tips find me on rebelmouse http://www.rebelmouse.com/scsentinel
wx,1:26 PM - 20 Nov 2007,ndn,http://www.naplesnews.com,57325,2282,"Naples, Florida","26.14203,-81.7948099","Breaking news, weather and sports from the newspaper of record in Naples, Florida."
journalist,2:42 AM - 15 Jan 2009,thecreativepenn,http://www.TheCreativePenn.com,74414,23181,"Bath, England","51.38138,-2.3596899",NY Times & USA Today Bestselling Thriller Author http://www.JFPenn.com . Creative entrepreneur. Podcaster. Professional speaker. INFJ. Travel junkie.
journalist,9:08 PM - 7 Apr 2012,Yield101,,318,630,,,Drinker. Observer. Investor. Writer.
journalist,12:52 PM - 4 Feb 2009,Angenette5,https://www.facebook.com/angenettel,12484,2588,"Cincinnati, OH","39.10145,-84.5124599","Emmy-nominated reporter at WKRC. Always curious. Big fan of animals, coffee and great conversation."
journalist,3:52 PM - 31 Jul 2011,AnthoniaOrji,http://www.anthoniaorji.com,661645,112905,Nigeria,"9.60003,7.99997",Digital & Social Media Strategist . Journalist . Media Savvy . Online Influencer . Social Commentator . Global Connector . RT ≠ Endorsement.
news,10:42 AM - 18 Dec 2014,POLSEdmonton,http://polsnews.com/edmonton/,470,1117,"Edmonton, Canada","53.53436,-113.5064999","The most important news about politics in Edmonton, one of 100 cities of http://POLSNews.com"
journalist,9:40 AM - 5 Oct 2010,arawnsley,http://rawnslnotebook.tumblr.com,3847,657,Jundland Wastes,,"Reporter. http://ForeignPolicy.com  SitRep. Also: Bellingcat, Daily Beast, WIB, Wired. Member @MilWritersGuild. Contact info https://keybase.io/rawnsley"
wx,11:15 AM - 26 Dec 2013,wnkywx,http://www.wnky.com,1546,367,"Bowling Green, KY","36.99031,-86.4435999","Your local source for complete weather for Bowling Green, KY & SOKY. #wnkywx"
news,7:07 AM - 1 May 2009,OcalaStarBanner,http://www.ocala.com,7763,1921,"Ocala, FL","29.18719,-82.1400899",http://Ocala.com  provides news and entertainment information focused on communities in and around Marion County.
fire/emt,7:42 AM - 6 Dec 2012,AnaheimPD,http://www.anaheimpd.org,14424,829,"Anaheim, CA","33.83475,-117.9117299",This non-emergency communications tool is designed to expand access to Anaheim Police Department resources and enhance our delivery of professional services.
disaster/accident,10:49 AM - 11 Oct 2012,VigoCounty911,,426,110,"Terre Haute, IN","39.4667,-87.4139099","9-1-1 PSAP for Vigo County, Indiana"
journalist,4:08 PM - 3 Mar 2009,natekuester,http://nwahomepage.com,3538,3307,"Fayetteville, AR","36.06258,-94.1574299","Husband, dad, dog dad, @KNWANews Anchor, pop-culture nerd, #StarWars Nerd, football fan, former sports writer, Hogs fan #WPS, Washington State alum #GoCougs"
news,8:16 AM - 3 Sep 2010,MediaRings,http://mediarings.ca,20506,13821,,,Co-owner and Managing Partner at Media Rings a Creative Communications Agency based out of Toronto Canada. http://mediarings.ca
news,4:52 AM - 14 Apr 2014,LoopJamaica,https://yzuj.app.link/pjwwGgEP5z,6953,458,Jamaica,"18.18505,-77.3947599","Loop is your one-stop shop for all your favorite news topics from Jamaica, the world and the web. Available Online, Android, Windows and iPhone"
wx,1:31 PM - 19 Jun 2009,LaceySwope,,14703,1488,,,AM & Noon Meteorologist at KWTV News9 in OKC. I love everything about weather & the outdoors. I'm married to my best friend and we have a wonderful dog (child).
wx,6:49 PM - 9 Dec 2014,Arkwxwatchers,http://www.arkansaswx.weebly.com,681,130,Arkansas,"35.20488,-92.4479099",Weather page discussing and giving updates everything Arkansas Weather covering all of Arkansas and counties bordering Arkansas. Facebook instagram and the web
police/traffic,6:11 PM - 18 Oct 2014,WyandottePolice,,164,188,"Wyandotte, Oklahoma","36.7934,-94.7252199",The official Twitter of the Wyandotte Tribal/Municipal Police Department. Partners with the Wyandotte Community and with Tribal Members across the country.
fire/emt,7:30 AM - 9 Aug 2009,slcfire,http://www.slcfire.com,9650,80,Salt Lake City Utah,"40.76701,-111.8904299","Utah's Capital City Fire Department, Est. in 1883. Account not monitored 24-7. Call 911 for emergencies; 801-550-0121 for media. Content here is media approved."
journalist,11:56 PM - 15 May 2011,Tapang_Ivo,,3288,92,United States & Cameroon,"39.78373,-100.4458799","Peace journalist, security analyst, conflict researcher, Cameroon Anglophone Civil Society Consortium member."
fire/emt,4:23 PM - 19 Aug 2009,MarshallFire12,http://www.facebook.com/MCFD12,374,222,"Marshall, MI","35.90896,-92.6312699",Marshall Fire Department
journalist,8:33 PM - 27 Oct 2012,CaitlinRearden,,1197,426,"Little Rock, AR","34.74648,-92.2895899",Reporter @KARK4News & @FOX16News From the Northeast.... back in the South by way of the West. Story idea email me crearden@kark.com
journalist,7:56 PM - 10 Apr 2009,kharizzmaaa,,1503,198,at your neck,,"bootleg news correspondent, the human kickback, flawda raised. anybody can get slapped. Tweets don't rep my employer."
journalist,3:26 AM - 26 Jan 2010,ArtVolumeOne,https://museumcollections.depaul.edu/browse.php?module=objects&id=18&index=D,1112,498,Preventing ecological collapse,,Amy Marina Denes #ProcessingSocieties Fine Artist/writer: sci-fi/logic/NL sys http://bit.ly/1q3MXy1  Green/AI/Proof/Memory/CMB/Forensics Cycle/Outdoors S/Z +
wx,7:21 PM - 21 Apr 2009,PatGarofalo,http://www.patgarofalo.com,5571,470,"Farmington, MN","44.64024,-93.1435399","A computer geek trapped in Minn's State Legislature. Likes - springtime, my Tesla, AC/DC, short track racing. Hates - mean people, paper cuts, cold weather."
news,8:20 AM - 3 Feb 2013,daily_jang,http://Beta.jang.com.pk,3235,8,Pakistan,"30.33084,71.24749","Today news papers Pakistan Jang Daily News watch Live TV Geo TV, Pakistan latest News Karachi"
disaster/accident,5:25 AM - 13 Nov 2011,dallasjustus,http://www.dallasjustice.com,407,270,"Dallas, Texas","32.77627,-96.7968499","Board Certified Criminal Attorney in Dallas, Texas handling investigations and criminal matters in Federal and State Courts."
news,6:07 AM - 21 Jan 2015,DaaruBaazMehta,https://www.youtube.com/channel/UCuVrc2yQN2z7dvDCppRyz6A,43743,1715,India,"22.35111,78.66774","No Endorsements || Personal Views|| AAP News & Updates || Tweets cant be legally challenged|| High on AAP Governance || Wo Pareshaan karte rahe, Hum kaam.."
news,5:49 AM - 22 Feb 2010,IndianaUpdate,,7001,723,Indiana,"40.32701,-86.1746899","Breaking news about Indiana, curated by @quiboatnews."
journalist,3:26 AM - 15 Mar 2009,rrthakur,http://www.rmncompany.com,239,0,"New Delhi, India","28.61389,77.21595",CEO / Managing Editor
journalist,4:16 AM - 7 Apr 2009,DavidVujanovic,,1921,2773,Eastern Mediterranean,"48.42757,-123.3577899",AFP journalist with one foot in the Middle East and one back in the Balkans. Usual caveats
journalist,6:35 PM - 7 Sep 2010,JoeKhalil_Media,https://m.facebook.com/JoeKhalilpage/?tsid=0.3957652661483735&source=typeahead,2271,1295,,,Sacramento based Reporter/Anchor @FOX40 covering Northern CA; Lebanese; Columbia University @columbiajourn ; #SPARTY @MichiganStateU; Metro Detroit product
journalist,7:13 AM - 6 Feb 2009,BrentBozell,,79633,403,"Reston, VA","38.9584,-77.3579699",Founder and President of the Media Research Center. Publisher of NewsBusters and http://CNSNews.com . Chairman of @ForAmerica.
journalist,3:00 AM - 28 Apr 2011,LaurieHoresh,http://foxsports.com.au,1641,1470,"Sydney, New South Wales","-33.8548099,151.21645",Host of the @HardCountFox NFL podcast | @FOXSportsAUS Head Digital Video Producer | @CowboysBlitzNFL Writer. Elite penmanship. laurence.horesh@foxsports.com.au
journalist,5:28 PM - 25 Mar 2014,kathmego,,19837,23327,"Los Angeles, CA","34.05439,-118.2439399","Gamer, writer, disciple of the macabre, reference queen."
