police/traffic,11:24 AM - 6 Jan 2009,ModestoPolice,http://www.modestopolice.com,39927,366,"Modesto, CA","37.63909,-120.9968699",The mission of the Modesto Police Department is to drive the crime rate down and improve the quality of life in the city of Modesto. | #insideMPD
fire/emt,9:59 PM - 22 Jan 2013,cville_abe,,1435,238,,,"Charlottesville Area Breaking News & Events is a volunteer group to keep citizens informed of emergency incidents,breaking news,traffic,weather, and events"
govt,2:56 AM - 31 May 2016,CMOKerala,http://keralacm.gov.in/,15726,6,"Kerala, India","10.35295,76.51197","Updates from the Office of Chief Minister of Kerala, Shri. Pinarayi Vijayan"
news,3:43 AM - 9 Apr 2009,TOIWorld,http://timesofindia.indiatimes.com/world,50769,16,,,"Follow latest world news and headlines from US, UK, Gulf, Pakistan, China, Europe and rest of the world."
journalist,4:21 PM - 16 Feb 2014,ChristinaMcKeen,,1650,745,"Vancouver, B.C.",,"A pedantic, humourless, leftie cry-baby w/ no grasp of reality who's just here 2 ""find a man"". Also a sore loser. Thanks 2 the trolls who helped me write my bio"
news,5:47 PM - 17 Nov 2009,Drewbueno,https://www.numbersusa.com,807,1131,"Washington, DC","38.89495,-77.0366399",Policy Analyst & Media Standards Program @NumbersUSA
disaster/accident,9:23 AM - 5 Aug 2011,FBILosAngeles,http://www.fbi.gov/losangeles/,43926,93,"Los Angeles, CA","34.05439,-118.2439399","Welcome to the official FBI Los Angeles Twitter. To submit a tip on terrorism or a federal crime, please go to https://tips.fbi.gov ."
wx,2:58 PM - 6 Jan 2013,ChrisPhillipsWx,,1535,824,"Cincinnati, Ohio","39.10145,-84.5124599",Weather Webcaster for IndianaWeatherOnline & CincinnatiWeatherOnline. Opinions are my own.
wx,9:51 PM - 7 Oct 2014,BOM_WA,http://www.bom.gov.au/wa,64300,53,"Western Australia, Australia","-25.2302999,121.01872",Official Bureau of Meteorology (Western Australia) account for Bureau information. Always check http://www.bom.gov.au/wa/warnings  for latest warnings
journalist,2:05 AM - 19 Feb 2016,SampathStats,http://crictracker.com/author/statsman/,2802,694,Hyderabad / Bangalore,"17.40858,78.50976",Cricket Statistician and Journalist | Love to churn out facts and stats | Cricket is my Drug | Known for doing Engineering | Stats editor @Cricketracker |
wx,5:30 AM - 3 Mar 2009,KetchmarkWCPO,http://www.wcpo.com,9677,1216,"Cincinnati, OH","39.10145,-84.5124599","9 First Warning morning meteorologist for WCPO in Cincinnati. Mother, Wife, Weather Enthusiast"
news,8:00 AM - 26 May 2009,Watwoman,,3282,2387,"Hawaii / Kamakura, Japan",,Artist/Traveler/Amateur Photographer who tweets mostly Japan news and other interesting tidbits.
journalist,11:04 PM - 6 May 2009,niranimal,http://PETASaves.com,904,1825,Chennai,"13.07969,80.28295",Vegan ☆ Animal Liberation Activist ☆ Indian ☆ Traveller ☆ Plant Biologist ☆ HRD Psychologist (Views expressed here are my personal)
news,3:32 AM - 13 Dec 2015,shamranews,http://www.shamrapop.com,859,3653,"Nairobi, Kenya","-1.2832499,36.81724","For your News, Fashion and Entertainment stories!!"
journalist,12:29 PM - 13 Jul 2009,TheManiacHiker,http://www.timestopper73.wordpress.com,638,272,Indiana,"40.32701,-86.1746899","Freelance photographer/writer, hiker, loves Mt. Washington"
news,2:47 PM - 20 Aug 2008,KITV4,http://www.kitv.com,26475,15315,"Honolulu, Hawaii","21.30454,-157.8556699",This is the official Twitter account for KITV4 News. E Komo Mai!
journalist,4:07 PM - 4 Feb 2008,janersm,http://fuzzypinkslippers.com,3413,4445,"Huntsville, AL","34.746775,-86.7086188994222","Disabled INFJ ginger fangirl & Hufflepuff from Alabama with the superpower of freckling. I also write, game, and get political. Randomness since 1984."
journalist,8:23 PM - 24 Oct 2008,TrinaOrlando,http://www.nbcchicago.com,6457,1315,"Chicago, IL","41.87555,-87.6244199",Reporter at @NBCChicago | Formerly @CBSPittsburgh and @JET24FOX66 | @USC Trojan | @Georgetown Hoya | Doggy mama to @BaxterBrooks | Wifey to @Jarmbro
disaster/accident,1:14 AM - 8 Nov 2015,DeepStrategy,http://deepstrategy.org,318,270,Global,,Former intelligence officer-turned-curious student of the nexus between world affairs and human behavior. Emphatically nonpartisan. Relentlessly optimistic.
news,1:25 PM - 14 Oct 2008,KCTS9,http://KCTS9.org,83303,2621,"Seattle, WA and Vancouver, BC",,Public TV station serving Washington state and Canada. Contact Viewer Services at 1.800.443.9991 or Membership at 1.800.937.5287.
wx,5:51 PM - 1 Feb 2011,KRQEMark,http://krqe.com,8388,1152,Albuquerque NM,"35.0841,-106.6509799",Chief Meteorologist KRQE ABQ. Blessed by God with 2 little girls & @csukrysty who put up with my coaching the @DallasCowboys from the couch. Proud @WSUCougars
govt,2:19 AM - 24 Sep 2011,OccupyYtown,http://occupyyoungstown.weebly.com/,7645,412,"Youngstown, Ohio","41.09978,-80.6495099","OY stands in solidarity w/ OWS addressing national & local issues of injustice, govt transparency, inequality & economic crisis https://www.facebook.com/occupyy"
fire/emt,8:15 AM - 26 Feb 2009,AR_Emergencies,http://www.adem.arkansas.gov,13617,385,"North Little Rock, Arkansas","34.76953,-92.2670899",Arkansas Department of Emergency Management | Homeland Security and Preparedness Agency. All disasters are local.
news,7:57 AM - 27 Nov 2012,MonettTimes,http://www.monett-times.com,2655,2280,"Monett, MO","36.92895,-93.9277099","A daily newspaper serving the people of Barry and Lawrence County, Mo., since 1899."
journalist,1:26 AM - 20 Mar 2009,ijattala,http://www.imranjattala.com,6383,268,"SoCal, US","33.91929,-117.873057703468","Award-winning journalist from the Los Angeles Press Club. Founder/chief editor, Ahmadiyya Times. Radio talk-show host. Former Energy (O&G) executive."
journalist,6:40 AM - 13 Oct 2013,saemarijn,http://www.undp.org,230,434,Africa,"2,15.99999",| Regional Technical Advisor #Ecosystems & #Biodiversity @UNDP #SustainableDevelopment | | Tweets reflect my own views |
journalist,8:10 PM - 8 Sep 2012,pstokesbooks,http://www.authorpaulastokes.com,5711,1857,"Portland, OR","45.52024,-122.6741899","Author, editor, online instructor, mental health nurse. Latest release: VICARIOUS from @torteen. Next release: THIS IS HOW IT HAPPENED from @harperteen."
wx,4:47 AM - 1 Apr 2009,WeathermanRob,,277,247,"Mesa, AZ","33.41531,-111.8312599",B.S. Meteorology
journalist,7:40 PM - 21 Jul 2011,Ziya_Meral,http://www.ziyameral.com,20112,2673,United Kingdom,"54.70235,-3.2765699","A researcher with a focus on Turkey, Middle East, defence, security, conflict, and religion issues.. Tweets, views expressed are personal"
news,7:59 AM - 29 Aug 2012,WorldNewslocker,http://news.newslocker.com/worldnews/,1672,2027,,,Find your latest world news with just one click. Don't miss out on anything happening .check
journalist,11:17 PM - 22 Jan 2010,sahiljoshii,http://www.dailyo.in/,4433,421,"Mumbai, India","18.95238,72.83271","Senior editor, @Aajtak and @Indiatoday, chevening scholar.Keen on politics, intl n social issues, films n travel..views are personal but news are official"
journalist,12:11 PM - 27 Jul 2010,GrantRants,https://the-grant-rant.com/,2974,1483,St.Catharines,"43.16541,-79.2391699",Reporter and columnist at the St. Catharines Standard newspaper/Postmedia. http://grantlafleche.pressfolios.com/
journalist,11:56 AM - 22 Oct 2008,apeterka,http://www.eenews.net,2046,592,"Washington, D.C.","36.29885,-82.3591834","@EENewsUpdates legal reporter. Outdoors lover, traveler, book nerd, Cubs fan, @reillydelivered's better half. Often on the Chesapeake. RTs ≠ endorsements."
news,7:58 AM - 14 Jul 2008,echopress,http://www.echopress.com/,2535,1287,"Alexandria, MN","45.88466,-95.3778799","Get the latest news and updates for all of Douglas County from the Echo Press in Alexandria, MN. Follows, retweets are not endorsements. #AlexMN #DouglasCo"
journalist,3:52 AM - 22 Dec 2009,_lifestyled,http://patreon.com/amalanetwork,775,415,"Nebraska, USA","41.73702,-99.5873799","name's colby. just like the cheese, starts with a c and ends with a y. good on a sandwich. writer for @amalanet. DMs open."
news,6:19 AM - 22 Apr 2008,dailyecho,http://www.dailyecho.co.uk,78816,378,"Southampton, UK","50.90253,-1.4041799",The Southern Daily Echo newspaper in Southampton. See all our accounts at http://dailyecho.co.uk/twitter  and like us at http://facebook.com/dailyecho
news,3:56 AM - 25 Jan 2011,ekathimerini,http://www.ekathimerini.com,38439,78,"Athens, Greece","37.98414,23.72798",Kathimerini English Edition is a daily newspaper published in Athens and is distributed exclusively with the International New York Times in Greece and Cyprus
journalist,2:11 PM - 13 Oct 2009,MikeLeslieWFAA,http://www.wfaa.com/sports/,8682,1737,"Dallas, TX","32.77627,-96.7968499","Sports Reporter at @wfaachannel8 in Dallas, TX | Covering @DallasCowboys, @DallasMavs, @Rangers, @DallasStars and more"
journalist,9:45 AM - 17 Jul 2009,dhirajBeniwal30,http://dhirajbeniwal.com,235,208,new delhi,"28.61389,77.21595","Journalist, Interested and Curious."
journalist,1:35 AM - 18 Jul 2013,atiffsherazi,,178,250,islamabad,"33.69457,73.06437","Staff Reporter , feature writer @jang_akhbar .Tweets are personal opinion you have right to differ."
news,5:50 AM - 10 Nov 2011,hamilton_news,,566,2,"Hamilton, South Lanarkshire","55.7759,-4.0334399",The news feed for the famous Scottish town Hamilton and surrounding areas.
news,8:54 PM - 18 Jun 2014,WorldlyWap,http://www.worldlywap.net,1332,47,Nigeria,"9.60003,7.99997","http://Worldlywap.net ™ Best website for latest sports update, Entertainment, Technology, News, Music and many more...."
govt,8:01 PM - 8 Feb 2017,MasterBernieJed,,2,15,,,"Official Jedi Twitter Account of Bernie Sanders, Jedi Master, Senator from Vermont, and former mayor of Burlington"
news,5:03 PM - 16 Dec 2008,faithclubdotnet,http://www.faithclub.net,15079,164,"Pittsburgh, PA","40.44169,-79.9900799",God is real! Jesus is LORD! God said'Good News' and I received a Good News Bible. http://www.goodnewsjim.com  http://www.FatherSpiritSon.com
police/traffic,4:45 PM - 3 May 2011,LiveTrafficSyd,http://www.livetraffic.com,68750,25,Sydney,"-33.8548099,151.21645",This feed is for information only. For more traffic information visit http://www.livetraffic.com  or call 132 701. For Regional NSW follow @LiveTrafficNSW
journalist,4:11 PM - 17 Apr 2012,CraigYoungRH,http://www.reporterherald.com,1590,558,"Loveland, Colorado","40.39776,-105.0749799","Business reporter for the @ReporterHerald. I live and work in downtown #Loveland, Colo., with my family and my old VW bus."
journalist,10:27 AM - 28 Feb 2011,nickconfessore,http://nyti.ms/Confessore,118342,1211,,,"Reporter for @NYTimes, writer-at-large for @NYTmag, MSNBC contributor. Seriously, not literally."
journalist,1:48 PM - 24 Oct 2011,realJeffreyLord,,26796,208,"Harrisburg, PA","40.26631,-76.8861099","CNN political commentator, Reagan White House, American Spectator, Conservative Review, NewsBusters. Author. Interests: Politics, religion, writing, media."
news,8:41 AM - 2 Sep 2012,IdleandWild,,4923,645,"Lancashire, England","53.861165,-2.54710734444445","Media Manager at Burnley Football Club, partner to @nic_wells and proud dad to Harrison. Eat pie... have son... son eats pie... it's the circle of life."
disaster/accident,3:16 PM - 14 Apr 2014,puzzleshifter,,3946,1077,,,Xicanx. Independent Scholar. Political Economy of Indigenous Well-Being/ Medicine/Resistance Mexico US Canada. Drug War. http://cash.me/puzzleshifter
news,11:39 AM - 11 Sep 2016,kukurukutweet,http://www.kukurukuentertainment.com/,14,22,"Lagos, Nigeria","6.45505,3.39417","Africa's popular news platform bringing you News in Entertainment, Politics, Sports & Lifestyle"
journalist,12:43 AM - 23 Mar 2014,AnjulieWrites,http://korumag.eleventhmuse.net/,1515,1039,"Perth, Western Australia","-31.9527099,115.86047",Founder of @koru_mag | Avid reader and #writer of YA | Takatāpui (Māori & bi/queer) | She/Them | Avatar by @layahimalaya
news,2:24 AM - 17 Jul 2013,NewsFlash_SA,http://www.newsflash.co.za,1067,296,Nationwide - South Africa,,"South Africa’s oldest radio news agency, supplying news and sound bytes to 52 radio stations. We reach more than 4.7 million listeners."
journalist,12:28 AM - 17 Feb 2012,samsparkes999,,9878,6134,Tweeting in personal capacity,,Love being on RPU. Passionate about role of FLO/FLC. Life's short so enjoy. Helping social media break down barriers. Personal account Views & tweets mine.
journalist,9:23 AM - 30 Jan 2014,clintonkowach,http://clintonkowach.com,45080,40905,"Colorado, USA","38.72517,-105.6077099","Diligent Watchman #News | #BibleProphecy Author of Submissive Wisdom | #Economist | Seeker of #Truth, #Knowledge & #Wisdom | My channel: http://bit.ly/2kBLuBT"
news,1:30 PM - 31 Mar 2010,ChaseAlert,http://ChaseAlert.wordpress.com,10200,152,Los Angeles,"34.05439,-118.2439399","Keeping you informed of High Speed Chases, strange occurances and breaking news in the Greater LA Area. Follow our companion Alert Only account @ChaseAlertsOnly"
journalist,7:47 PM - 23 Mar 2014,TheDizzyLizzieB,,1264,1120,"Charleston, SC","32.7876,-79.9402699",Senior News Clerk & Staff Reporter with The Post & Courier & Charleston Scene in SC & reviewing Bravo's Southern Charm is actually part of my job.
news,9:37 AM - 25 May 2015,Warritatafo_com,http://www.warritatafo.com,1762,1612,South South Nigeria,"12.426195,8.67163427419355","We into big time online and radio or tv promotions for ur music,mixtape,videos and all other products. contact us on Bbm 7FD9B607 whatsapp 07060969049"
news,7:24 AM - 23 Nov 2016,WestmonsterUK,http://Westmonster.com,21262,9,Brexit Britain,,"Anti-Establishment News. Guardian: ""Provocative"" Financial Times: ""Organ of outrage"" Times: ""Brash"""
journalist,4:20 PM - 7 Apr 2009,jboren4507,http://www.fresnobee.com,4566,564,Fresno,"36.73944,-119.7848299",Executive Editor/Senior Vice President for The Fresno Bee
news,5:16 AM - 19 Apr 2012,Detroitupdate1,,3413,4053,,,Fantasy Detroit News from news sources all around the world
journalist,3:36 PM - 2 Jul 2010,bsarwary,https://www.facebook.com/pages/Afghanistan-You-NEVER-See-Bilal-Sarwary/758417147538138,72583,4154,AFGHANISTAN,"33.00008,64.99984",Thinking about ALL AFGHANS who get up each morning and DONT have the OPTION of just walking away from it ALL. #AFGHANISTANYOUNEVERSEE. Afghan journalist.
wx,7:31 PM - 16 Apr 2009,Sherry_Hughes,http://wcpo.com,4401,3270,Cincinnati,"39.10145,-84.5124599","Simply put, I forecast the weather. #Volunteer #Mentor #Humanitarian Lifetime alum @UofSC #9OnYourSide @WCPO #ABC #Cincinnati."
news,10:45 AM - 16 Oct 2013,TheTrentOnline,http://www.thetrentonline.com,67927,164,"Lagos, Nigeria","6.45505,3.39417",Nigeria's Internet Newspaper
news,6:50 AM - 1 May 2015,Eunewsagency,http://www.europeannewsagency.be,1242,1851,"Brussels, Belgium","50.84655,4.35169","European News Agency – Belgium, fournisseur d’actualite des medias, une information fiable, rapide et qualitative. Envoyez un fax + 33 8 9710 4472"
news,4:47 AM - 8 Apr 2011,BBCSheffield,http://www.bbc.co.uk/radiosheffield,114752,721,South Yorkshire,"53.4815,-1.38107944445423","The BBC local station for South Yorkshire & North Derbyshire. 88.6FM, 104.1FM, 1035AM & Digital Radio. Tel: 0114 279 66 99. http://www.facebook.com/bbcsheffield"
journalist,3:36 AM - 4 May 2011,adamhudson5,http://adamhudson.org/,3087,1960,"SF Bay Area, CA",,"Journalist, writer, musician; cover militarism, #GTMO, policing, housing, Bay Area; @SunataBand drummer & music lover; tips: hudson.adam1@gmail.com"
wx,1:23 PM - 16 Sep 2009,BillMeck,,10081,20,"Lexington, Ky","38.0464,-84.4970299",Chief Meteorologist for LEX-18
wx,1:08 PM - 9 Dec 2012,EARSWxAlert,http://w9ear.org,68,157,"Indiana, Illinois, Kentucky",,"We bring you the latest severe weather information from the EARS Repeater Network! We serve most of IN, Southeast IL, and parts of KY."
disaster/accident,9:03 AM - 16 Nov 2015,WarmongerHodges,,3772,1397,"Bristol, England","51.45349,-2.5973899","Far from a bunch of ""loony lefties"", Labour under Jeremy Corbyn represent the voice of common sense. No stupid wars. Pay nurses more. Build houses. #ForTheMany"
news,9:19 AM - 21 Jan 2015,beBee,https://www.bebee.com/,24129,14602,All around the world,,Official Twitter Account of beBee® . The Social Media Network For Successful Personal Branding. Learn more: https://www.youtube.com/watch?v=AX8uYAu1cRw … #beBee
journalist,2:45 AM - 11 Sep 2011,Metmaeen,,3279,63,Peace & Education for All,"32.40874,-86.7710899","Investigative Journalist and writer, Kabul, Afghanistan"
journalist,9:40 AM - 14 Dec 2009,mariandelafuent,,46350,660,"Miami, Florida EEUU",,"TV personality, born in Madrid, Spain. Living in Miami since 1995, former anchor of CBS Telenoticas, NBC Telemundo Network and actually Vme TV and New York Tim"
news,3:54 AM - 16 Dec 2012,sirkenayo_net,https://play.google.com/store/apps/details?id=com.sirkenayo,23124,4247,Planet FUN!,"-22.1265699,-51.4255046083333",YOUR ONE STOP ENTERTAINMENT HUB! Mails: info@sirkenayo.net (For Enquiries and DMCA Complaints) music@sirkenayo.net KINDLY USE OUR BBM CHANNEL: C00342EC5
news,6:24 PM - 12 Jul 2010,GtonGuardian,http://www.geraldtonguardian.com.au,1428,104,"Geraldton, Western Australia","-28.7703499,114.61471",http://geraldtonguardian.com.au  is one of the leading news services for Geraldton and the Mid West of Western Australia. #Geraldton
news,8:29 PM - 27 Sep 2009,goyalsanjeev,http://indiathinkingahead.blogspot.com/,9911,166,"Gurgaon, India","28.48895,77.0107765988761",Tweet on current-affairs | Politically Incorrect I Support UCC & Article-370-Abolition | News Junkie | eCommerce Professional
journalist,11:59 AM - 4 Jun 2013,abc7michelle,http://abc7.com,5881,495,Los Angeles,"34.05439,-118.2439399",@abc7 Eyewitness News 5 and 11 p.m. anchor. FB and Instagram: ABC7Michelle
news,5:06 AM - 6 Oct 2012,TheLibertyEagle,http://www.TheLibertyEagle.com,32928,645,"Washington, DC","38.89495,-77.0366399","REAL NEWS WITHOUT LIBERALISM! MAKE SURE TO FOLLOW US ON FACEBOOK, INSTAGRAM & YOUTUBE."
police/traffic,12:07 AM - 3 Feb 2017,dcpwhitefield,http://www.ksp.gov.in,668,156,"Bengaluru, India","12.97911,77.59129","Deputy Commissioner of Police , Whitefield Division Bengaluru . ಉಪ ಪೊಲೀಸ್ ಆಯುಕ್ತರು, ವೈಟ್ ಫೀಲ್ಡ್ ವಿಭಾಗ, ಬೆಂಗಳೂರು. 9480801084"
journalist,7:05 PM - 13 Nov 2011,Rrrrnessa,http://www.amazon.com/Letters-Diaspora-Stories-War-Aftermath/dp/1523344970/ref=sr_1_1?ie=UTF8&qid=14,19274,335,displaced,"37.32693,-121.8649799",Author of Letters from Diaspora. Freelance Writer. Analyst. Activist. for inquiries: arnesab@outlook.com | support my work http://paypal.me/arnesab
news,10:43 AM - 28 Jan 2017,1Progressivism,http://theprogressivewon.wordpress.com,2469,4916,facebook.com/1Progressivism,,PoliticalTruth & News That Everyone Can Use
journalist,7:40 AM - 11 Sep 2009,ZachMyersNews,http://www.fox59.com,5409,1008,"Indianapolis, IN","39.76833,-86.1583499","Reporter, Weekend Morning Anchor"
news,6:34 AM - 14 Feb 2017,newsbott3r,,22,0,London,"51.50732,-0.1276399",Curating leading news from around the #world
journalist,3:58 AM - 25 Mar 2007,waelabbas,https://www.facebook.com/waelabbas,343820,837,"Cairo, Egypt","30.04881,31.24366",Multiple Award-Winning Journalist and Blogger P.S.: you have to be 18+ to follow! اللي في قلبي على تويتري
journalist,6:55 AM - 24 Nov 2011,A_Kelly_ISPCA,http://www.ispca.ie,5132,5487,"Ardee Co. Louth, Ireland","53.85972,-6.5405499",I am Chief Executive of the Irish Society for the Prevention of Cruelty to Animals (ISPCA). All views are my own and may not reflect the views of the ISPCA.
news,2:20 AM - 5 Feb 2010,DailyMailCeleb,http://dailymail.co.uk/usshowbiz,259006,943,,,Latest celeb and entertainment news from the Daily Mail Showbiz team. We're on Facebook too: http://fb.me/DailyMailCeleb  Kim K followed us 8/21/2015
news,9:52 AM - 10 Jun 2015,sanfrancisco_up,,1468,1878,"San Francisco, CA","37.77928,-122.4192299",Latest News about happenings around San Francisco city curated using news search & analytics app OOYUZ @ooyuznews
journalist,10:57 AM - 18 Mar 2011,craigarc,http://Theboltonnews.co.uk,72,145,Manchester,"53.47913,-2.2440999",Greater Manchester journalist and media pro. Any views expressed are my own.
disaster/accident,12:18 PM - 7 Apr 2016,bastropCoTx911,,221,19,"Bastrop, TX","30.11049,-97.3152699",
journalist,9:51 AM - 16 Jan 2017,Daily_Plebeian,http://www.thedailyplebeian.co.uk,1637,2963,,,"Proud member of the UK 73% and rising who didn't vote Brexit. Views expressed are often vague, acerbic and sometimes even serendipitously accurate."
fire/emt,9:46 PM - 8 Apr 2013,jwitkov4815,http://www.reverbnation.com/firenrbones,1284,4997,"Texas, USA","31.81603,-99.5120899","Fire NR Bones, an original and innovative jazz-funk-fusion trio, has performed throughout Houston and in the peripheral area."
news,1:27 AM - 13 Jan 2017,oananews,http://www.oananews.org/,48,4,,,"The Organization of Asia-Pacific News Agencies (OANA) was founded in Bangkok on December 22, 1961 on the initiative of UNESCO."
journalist,12:50 AM - 23 Oct 2008,ionacraig,http://www.ionacraig.com/,27162,998,Yemen - Cheltenham,,Journalist. Orwell Fellow. Migraineur. Mostly Yemen since 2010. Once upon a time I trained racehorses. iona@ionacraig.com PGP: http://tinyurl.com/hhx26t4
journalist,4:58 AM - 22 Apr 2017,OurVoices4,http://www.sonenigwizi.com,115,141,Africa,"2,15.99999",A DisabilityInclusive media platform Giving a #Voice #Views #News #Discussions #Tweets Every human being has a #Right to be heardFounder @GwiziSoneni
news,6:24 AM - 7 Oct 2009,Kataeb_Eng,http://www.kataeb.org/EN,7989,642,"Beirut, Lebanon","33.89592,35.47843","Official Twitter feed of http://Kataeb.org  in English, bringing you coverage of the latest news in Lebanon and around the world."
journalist,9:24 AM - 17 Jun 2009,AbdurahmanShar,,2244,1964,,,"Director at #Somalia @ngoconsortium. Ex @muslimcharities. Thinker on Aid, Horn of Africa and Emerging NGO Actors. Views are my own. RTs not endorsements."
wx,8:31 PM - 29 Dec 2008,StormTracker12,http://www.wvalways.com/weather,5957,207,"Clarksburg, WV","39.28064,-80.3445299","The most accurate forecast in north-central West Virginia along with the latest severe weather information from @BSchuermanWBOY, @KristianWBOY & @ShawnWBOY"
disaster/accident,12:16 PM - 17 Sep 2012,pmakela1,,3199,1822,"Lappeenranta, Suomi","61.05824,28.18753","Looking for work in eng. journalism etc. Reservist, IPSC Shooter, blogger with a military and security policy focus. http://Mech.Engineer  by trade. #turpo"
news,6:35 PM - 4 Dec 2015,mysoulindia,http://theuninhibitedvoice.wordpress.com,450,430,The Netherlands,"52.237985,5.53460236308316","~~~भारत माता की जय ~~~ Proud Indian. Exposing Pakistani Scumbags and their Indian stooges. Pakistani media doesn't like me, I just ask questions ;-)"
police/traffic,8:48 AM - 10 Mar 2009,stephen501,,1144,528,,,"supports MU, Season ticket holder, K stand. Corbyn supporter. Ex Lab member proudly suspended supporting JC in his 2nd leader campaign by Watson thought police"
journalist,1:21 AM - 21 Mar 2009,thomassturm,http://www.sturm.to,761,1430,San Francisco Bay Area,"37.78849,-122.3558399","Programmer, photographer and writer. Now go outside and look at the sky."
journalist,9:39 PM - 3 Jun 2009,NotThatBigIan,http://ianacheson.wix.com/poetry-blog,1237,2368,Devon,"50.75,-3.7499999","The usual mix: Prison safety and security expert, leadership consultant, poet, Irish Unionist and all round quarefella. Views frequently mine. Or plagiarised."
govt,10:39 PM - 1 Oct 2012,dswdserves,http://www.dswd.gov.ph,64208,745,"Quezon City, Philippines","14.65099,121.04861",The official account of Department of Social Welfare and Development - Central Office. Malasakit sa mahihirap. Maagap at mapagkalingang serbisyo sa mamamayan!
news,10:08 PM - 3 Dec 2016,Burundi_Facts,http://www.burundifacts.com,783,40,Burundi,"-3.3634299,29.88705",Beyond the news: it's facts!
journalist,9:24 PM - 23 Feb 2013,Hamarirai,,57,354,"Bhagalpur, India","25.24948,86.98281",Independent Journalist
journalist,7:23 AM - 15 Mar 2014,AidanKerrTweets,https://www.linkedin.com/in/aidan-kerr-a57a56120?trk=nav_responsive_tab_profile,9190,1218,"Scotland, United Kingdom","56.78611,-4.1140499",@STVNews Digital Politics Reporter #GE2017 | aidan[dot]kerr[at]stv[dot]tv | FB: http://facebook.com/AidanKerr95/  | Views are my own |
wx,11:22 AM - 9 Jan 2014,LEX18Wx,,236,11,,,LEX 18 Storm Trackers
journalist,2:14 PM - 17 Aug 2013,OAanmoen,http://royalcentral.co.uk/author/oaanmoen,8491,250,Kingdom of Norway,"60.50002,9.09997",Masters student in history at @UniOslo - Author & lecturer - Europe Correspondent for @RoyalCentral covering the Monarchies of
wx,8:14 AM - 1 May 2011,KOCOShelby,http://www.facebook.com/ShelbyHaysWX,10470,1800,"Oklahoma City, OK","35.47298,-97.5170499",Emmy nominated @koconews Certified Broadcast #Meteorologist. #CBM Okie. Living my dream. Obsessed with country music & #Nashville. #okwx #Oklahoma OU alum
journalist,8:50 AM - 24 Sep 2010,wensleyclarkson,http://wensleyclarkson.com,2289,119,London,"51.50732,-0.1276399","Crime writer/investigative journalist/TV producer Wensley Clarkson. Author of best selling SEXY BEASTS, nominated for 2016's CWA Non Fiction Book of the Year."
news,4:20 AM - 19 Sep 2015,GeekJournalNews,http://www.geekjournal.net,957,1761,,,News about technology and geek stuff #geek #technology #science
news,5:15 PM - 14 Apr 2012,Portlandtime,,2553,2903,,,We deliver the latest Portland news everyday
journalist,12:12 AM - 10 Sep 2010,philmcraig,,3294,2024,Twickenham,"51.44679,-0.3283299","TV producer & writer, London & Fremantle WA. Ex #ourabc. Born Batley, Yorks, fan of MUFC & England cricket. UKLabour and Brexcited. What's That Skip?"
journalist,8:40 AM - 15 Apr 2014,EdKwakofi,http://edwinkwakofi.wordpress.com,750,344,Ghana,"8.03002,-1.0800199","Journalist (@Citi973), Blue and carefree since 2004. Lead from the back not the front; that way you make sure no one gets left behind TEMA!!!"
fire/emt,8:20 AM - 19 Dec 2016,WYP_PatrolTm2,http://www.westyorkshire.police.uk,514,413,"Wakefield, England","53.68256,-1.5000399","West Yorkshire Police, Wakefield District Patrol Team 2. Do not report crime via Twitter. Call 101 for non-emergencies and 999 for emergencies."
fire/emt,7:44 AM - 10 Jun 2015,WVWSResponse,,1264,477,,,"Official @wmpolice account for Wolverhampton and Walsall Force Response. Do NOT report crime via Twitter. Call 101, or 999 in an emergency."
news,8:17 AM - 13 Jun 2011,Cou_politics,http://www.thecourier.co.uk/News/politics.html,176,3,Dundee and Holyrood,,The latest political news from The Courier.
police/traffic,8:12 AM - 24 Nov 2010,HighwaysYORKS,http://www.highways.gov.uk/traffic,15876,28,Mways & maj A rds Yorks/Humber,,OFFICIAL FEED. Live traffic information from Highways England. We manage England's motorways and major A roads. Contact: http://bit.ly/1DslcUg
news,3:25 PM - 20 Mar 2016,secnews_io,http://secnews.io,676,918,"Hawaii, USA","21.21604,-157.9751999",Security news unfiltered
police/traffic,4:09 AM - 26 Jul 2009,AlastairDalton,http://www.scotsman.com/news/transport,4265,4154,Glasgow,"36.99588,-85.9119199","Transport Correspondent, The Scotsman/Scotland on Sunday. Columnist. Leader writer. adalton@scotsman.com"
journalist,5:43 PM - 17 Aug 2014,PrisonUK,http://prisonuk.blogspot.co.uk/,11723,8014,Little England aka Poundland,,"Author and academic: a social anthropologist. Former prisoner. Active participant in the debate surrounding crime, prisons and probation. Human owned by a dog."
news,5:27 AM - 12 Aug 2013,courtsnewsIRL,http://www.courtsnewsireland.ie/,4064,2323,,,Ireland’s only dedicated source for courts news.
journalist,5:28 PM - 6 Nov 2011,Dean_Journalist,http://www.bbc.co.uk/news/northern_ireland,5471,5016,"Magilligan, County Derry","55.154355,-6.90847994166667",Senior broadcast journalist for BBC News at @BBCRadioFoyle. Have a story? Email: dean.mclaughlin@bbc.co.uk Tweets are my own. Love: (order can vary)
wx,7:42 AM - 21 Apr 2009,scottontvKSDK,http://ksdk.com/weather,9571,1844,"St Peters, MO","38.80105,-90.6278799",KSDK Meteorologist working in the wee hours of the morning forecasting St. Louis' weather!
news,8:46 PM - 29 May 2012,aaronellis01,http://www.wave3.com,3907,5001,"Louisville, Kentucky","38.25423,-85.7593999","I work in TV news, I love Bourbon, UK Basketball, Horses. What more can you say about a guy from Kentucky..and yes I wear shoes."
news,7:41 PM - 18 Dec 2015,Promoted_News,,266,55,,,Top stories. Trending topics. Hot news.
journalist,1:50 AM - 17 Sep 2009,ishtkam,http://www.ibnkhabar.com,1065,285,"New Delhi, India","28.61389,77.21595","Journalist at #Network18, @CNNNews18, @News18India Past: @ZeeNews, Azad & S1 8 awesome years of TV Journalism & Radio Broadcasting, Tweets are personal"
news,4:50 AM - 1 Jun 2012,IPlayPSVita,http://www.iplaypsvita.com,6784,821,Worldwide,,"PS Vita News, Games, Videos, Release Dates, Reviews, Giveaways & More brought to you by I Play PS Vita - we love #PSVita."
news,4:36 PM - 8 Jul 2009,ballinaAdvocate,http://www.ballinaadvocate.com.au/,361,9,Ballina,"54.11433,-9.1531999",Latest news stories from Ballina region
wx,9:05 AM - 7 May 2013,Wilmwx,,134,79,,,"This blog is dedicated to the weather of Wilmington, DE and surrounding areas."
news,4:13 AM - 11 Oct 2012,MSShanker1,http://www.orangenews9.com,144,9,india,"22.35111,78.66774",updates on news
fire/emt,9:31 PM - 21 Apr 2012,tkokernak,,128,154,,,"Lieut. Sterling, MA Fire Dept, President IAFF Local 5001"
news,2:54 AM - 1 Sep 2016,clarinetwoman2,https://m.facebook.com/michalnews,751,3731,,,"#news #politics, #security #israel, #space,#music and everything in between"
wx,5:07 AM - 9 Nov 2015,TopPerthNow,http://toplocalnow.com/au/perth,448,8,"Perth, Western Australia","-31.9527099,115.86047",Latest headlines and weather updates from Perth.
wx,8:03 AM - 14 May 2011,Janealder,,425,938,cleveleys,"53.87815,-3.0428699","Blackburn rovers fan , and my local team Fleetwood town,Real Madrid fan , snow lover , love football and cricket , animals , birds , weather , and gardening"
journalist,7:32 PM - 17 May 2011,blaire_bennett,,743,994,,,"Indiana transplant living in a sea of orange in Oklahoma. Fan of 90’s country music, hand written letters & #shiplap. Views & opinions are my own."
fire/emt,5:45 AM - 12 Mar 2009,ECFRS,http://www.essex-fire.gov.uk,31170,344,Essex,"51.796705,0.579334404388714",Welcome to the official twitter site for Essex County Fire and Rescue Service. Do not use our page to report emergencies - call 999.
news,9:37 PM - 24 Apr 2015,Kalingatv24x7,http://kalingatv.com,2818,153,"Odisha, India","20.54312,84.68973","When it comes to Breaking News, Kalinga TV leads the Way with 24x7 Coverage."
wx,4:45 PM - 11 Jul 2010,fox4wx,http://www.fox4kc.com/weather/,22114,725,N 38°51' 0'' / W 94°44' 0'',,"The FOX 4 WX Dept. updates you on the latest blogs, breaking weather information & weather trivia that you can't find anywhere else. Thx for following us! Joe L"
journalist,2:22 PM - 26 Nov 2014,MerylPinque,http://www.amazon.fr/M%C3%A9ryl-Pinque/e/B00DVZH8TM/ref=sr_ntt_srch_lnk_1?qid=1455012121&sr=8-1,428,1028,☆ Planète vegane ☆,,"ecrivaine, vegane abolitionniste, feministe universaliste ☆ Writer, abolitionist vegan, universalist feminist Be the change you want to see in the world"
wx,2:45 PM - 7 Nov 2008,Main_Event_Wx,,5393,751,"Bowling Green, Kentucky","36.99031,-86.4435999","Weeknight meteorologist at WBKO in Bowling Green, KY. Four-time 1st place AP award winner. Semi-retired DJ, but still an avid music buff and huge parrothead."
wx,10:18 PM - 10 Apr 2012,weatherhop,http://weatherhop.com,1712,1003,Tornado Alley,"41.21979,-78.4430599","Cloud-based severe weather notifications sent straight to your phone, email or social network feed."
news,3:48 AM - 16 Jun 2009,stuartmillar159,http://buzzfeed.com,13792,1183,London,"51.50732,-0.1276399",Head of News @BuzzFeedUK PGP: http://bit.ly/1Xp6XZe
news,3:59 AM - 17 Aug 2009,Dailymirror_SL,http://www.dailymirror.lk,324960,15,"Colombo, Sri Lanka","6.93499,79.85384",Premier Breaking News site + Best selling English Newspaper in Sri Lanka (Selected Tweets may appear on the Dailymirror Newspaper)
journalist,2:58 AM - 12 May 2012,BethLodge1,http://blodgesbooks.wordpress.com,418,462,Stockton-on-Tees,"54.56409,-1.3129099",Journalist and blogger from lovely Teesside. I write for The Gazette and read lots of books. Chuffing great Boro fan. bethany.lodge@trinitymirror.com
journalist,1:26 AM - 5 Aug 2009,madversity,http://www.linkedin.com/in/madhavann,189305,1772,New Delhi,"28.61389,77.21595","Journalist/Writer/Alleged poet. Economy/biz/politics/tech. Music/movies. ex @reuters, HT, ET, BS. Read on @firstpost, heard on @bbcworldbiz RTs not endorsements"
news,10:45 PM - 12 Sep 2011,StudioNonline,http://www.studiononline.com,2498,279,Hyderabad,"17.36162,78.47473","Official Twitter Account Of Studio n News Channel,24/7 Telugu News Channel, Andhra Pradesh. fb : https://www.facebook.com/studionnews/"
journalist,4:31 PM - 7 Apr 2014,ClareSibthorpe,,603,506,,,@canberratimes reporter. Views are mine. clare.sibthorpe@fairfaxmedia.com.au.
news,5:36 AM - 14 Jul 2013,LondonEconomic,http://www.thelondoneconomic.com,59477,56931,London,"51.50732,-0.1276399",Independent news and opinion.
news,12:36 PM - 5 Apr 2010,abhinawp,,3284,1136,India,"22.35111,78.66774","News Junkie,alleged bhakt/Troll,IIT/IIM, Sarcasm, No harm in agreeing 2 disagree, tweets r mostly on political issues,Road Trips/Hills Addict-RT may≠endorsement"
journalist,6:45 AM - 2 Aug 2014,zafarabbaszaidi,http://pscp.tv/zafarabbaszaidi,640,1331,"New Delhi, India","28.61389,77.21595",Journalist in India. Crime Correspondent. Liberal Views. Storyteller. Documentary Filmmaker. #Reporter.Tweets personal.RT not endorsement.
journalist,1:49 AM - 14 Mar 2014,Chemutai_Goin,,641,358,,,Parliamentary and political reporter.
journalist,3:08 PM - 20 May 2011,DawnPapple,http://www.inquisitr.com/author/dawn/,715,1513,,,Freelance Writer
journalist,5:10 AM - 24 Nov 2011,hemantakrnath,http://www.newsofassam.wordpress.com,439,1351,"Guwahati, Assam, India","26.18059,91.75394","Special Correspondent of IBNS (A national news agency), Meghalaya Times, RTs are not my views"
news,4:53 AM - 13 Feb 2012,JBaghwan,http://www.express.pk/,2988,535,Peshawar,"34.01238,71.57874","Bureau Chief of Express News, Khyber Pakhtunkhwa and Fata. @StateIVLP Allumni 2007."
journalist,12:47 PM - 5 May 2009,dats,http://facebook.com/Siraj-Datoo-758440044260594/,10891,2692,London,"51.50732,-0.1276399",Digital editor/reporter @business | Send tips to sdatoo@bloomberg.net | Formerly political reporter for BuzzFeed UK | I make a good cup of chai. Views all mine.
news,3:51 AM - 10 Feb 2009,LisburnStar,http://www.lisburntoday.co.uk,4807,167,Lisburn,"54.51109,-6.0437899",Lisburn's only local newspaper
wx,10:32 PM - 16 Jun 2011,SimpleWeatherIN,http://www.simpleweatheralert.com,190,78,Indiana,"40.32701,-86.1746899",Provide a valuable service. Get more page views. Attract Twitter followers. Add weather alerts to your social media. See our home page for our risk-free offer.
news,7:10 AM - 10 Sep 2015,uklocalnet,http://uklocal.net,792,1629,United Kingdom,"54.70235,-3.2765699",Breaking local news for the UK
news,5:47 AM - 16 Dec 2011,lsaexpress,http://www.lythamstannesexpress.co.uk,4056,332,Fylde coast,"53.78928,-2.9873799",The official Twitter account of the Lytham St Annes Express. Got a story? Email news@lsaexpress.co.uk
news,2:46 PM - 26 Dec 2016,cambellsblog,http://www.cambellsblog.com,34,17,,,"Official Page for http://cambellsblog.com . Your home for the news, gists, entertainment and more."
wx,5:03 PM - 7 Mar 2015,IowaWXNow,http://iowaweathernow.net,103,24,"Sioux City, IA","42.49668,-96.4058699","Stay up to date with the latest alerts, forecasts, and reports here from forecasters Iowa can trust."
journalist,11:14 AM - 17 Apr 2011,timothy_stanley,http://www.telegraph.co.uk/authors/tim-stanley/,37562,731,London/Washington DC,"38.89495,-77.0366399","Historian, leader writer for Daily Telegraph, CNN opinion, contributing editor for Catholic Herald. Views my own."
journalist,9:00 AM - 14 Jun 2016,fareedalmhlol,,802,1641,Syria,"34.64018,39.04941",Novice journalist in the Syrian revolution
news,6:37 AM - 14 Nov 2012,HeraldZimbabwe,http://www.herald.co.zw,138369,1553,"Harare, Zimbabwe","-17.8317699,31.04568",The Herald is Zimbabwe's leading daily newspaper and is the flagship of Zimbabwe Newspapers (1980) Limited
journalist,7:10 AM - 7 Jan 2010,iindrojit,http://indiatoday.intoday.in/author/Indrajit-Kundu/1.html,2279,1761,"Kolkata, India","22.56874,88.34629","Neither #LeftLiberal nor a #Bhakt, foodie, opinionated, proud Kolkatan & a wanderlusting global Bong | @IndiaToday Correspondent | @ACJIndia Alumnus"
news,11:14 AM - 8 Aug 2014,SecureTeam10,http://www.youtube.com/user/secureteam10,43209,44,United States,"39.78373,-100.4458799","The research channel that broke the boundaries of underground reporting, bringing exposure of the alien phenomenon back to the masses"
wx,12:15 PM - 24 Dec 2015,DanCohen754,,80,173,"New Brunswick, NJ","40.48621,-74.4518099","Environmental Policy, Sustainability, Climate Change, Climate & Weather Patterns"
police/traffic,7:43 AM - 21 Oct 2014,WazeTrafficLA,http://www.waze.com,1623,21,"Los Angeles, CA","34.05439,-118.2439399",Official @Waze account. First to report unusual traffic in LA. Turn on push notifications for real-time updates. Broadcast w/credit to Waze.
journalist,2:01 AM - 17 Apr 2010,HumayounAK,https://www.dawn.com/authors/6679/humayoun-ahmed-khan,440,139,"Karachi, Pakistan","24.86677,67.03112",Journalist. Cricket Fan.
wx,4:39 AM - 19 May 2013,WLKYSusanneH,http://wlky.com,5380,3290,Louisville,"38.25423,-85.7593999",WLKY meteorologist. Links/RT are not endorsements.
journalist,4:45 PM - 11 Aug 2008,GreenJ,http://www.meanjin.com.au,42618,3111,melbourne's latte sandal belt,,ABC presenter and Meanjin editor.
journalist,3:13 AM - 12 Jun 2011,Kyle3white,,2546,651,Northern Ireland,"54.656875,-6.56342025520468",Motorcycle journalist.
news,7:59 PM - 24 Apr 2013,gazaenglis,http://www.gazaalan.net/en/,1029,533,"Palestine, Austria",,official account News Agency Gaza Now وكالة غزة الآن In English : @gazalnps @gazaaln Whatsapp : 00972592729777 info@gazaalan.net
journalist,11:47 PM - 13 Jan 2014,Miriam411,http://www.LeBeckInternational.com,4002,537,,,"Middle East-based regional security analyst for @LeBeckInt. I tweet about MENA but love the GCC, Yemen, Iran the most. Views are mine unless they're also yours."
journalist,10:07 PM - 13 Sep 2016,thomasrryan1,,86,44,"Los Angeles, CA","34.05439,-118.2439399",I'm an actor/writer/filmmaker who cares deeply about telling the truth and sharing love and pleasure through the arts.
police/traffic,7:25 AM - 2 Apr 2014,DCCTraffic,http://www.dublincity.ie/main-menu-services-roads-and-traffic-traffic-dublin/get-latest-traffic-news,5196,154,"Dublin, Ireland","53.34976,-6.2602699",Official account for Dublin City Council Traffic & Incident Management Centre 1800293949 traffic@dublincity.ie Social Media Policy http://bit.ly/1hx4t3n
news,9:48 AM - 6 Dec 2007,tribstar,http://www.tribstar.com,6445,532,"Terre Haute, Indiana","39.4667,-87.4139099","http://TribStar.com , the online edition of the Terre Haute Tribune Star Newspaper, is the #1 source for local news in the Wabash Valley."
news,3:34 PM - 18 Jun 2016,pepper1_isback,,213,962,Born Usa,"40.67902,-73.9735499",Humbug News News News Breaking news Politics news Politics news Politics news UK and World News UK and World News Business and economics Business and economics
journalist,12:52 PM - 19 Jan 2010,drmfirdosi,http://mudasirfirdosi.blogspot.com,1354,890,London | Kashmir,"51.58417,-0.0239499",Consultant Psychiatrist | Health Advocate | Columnist | Views Personal | Retweets not endorsement
news,1:27 PM - 12 Mar 2009,VGoldsmith13,,793,1779,"Austin, TX","30.27112,-97.7436899","Proud liberal. USAF veteran. News/political junkie. Raising compassionate & politically aware grandson. Believe in Constitution, science, empathy. #StillWithHer"
news,4:18 AM - 16 Nov 2016,AtimanarjNews,http://www.news.atimanarj.com,52,29,India,"22.35111,78.66774","Official Twitter Handler of Atimanarj News. ""All World's Happening!"""
news,2:05 PM - 19 Oct 2015,wavelradio,http://wavelengthradio.weebly.com/,152,98,"London, England","51.50732,-0.1276399","Two Radio stations for one, playing Amazing 80's & Amazing 70's hits across the decades, click the link in our posts."
journalist,11:51 PM - 21 Dec 2015,cultfree54,,1540,551,,,"Scot who thrived in rUK with thirty years of academic work on managing identity conflicts. Author of 13 books, latest SCOTLAND NOW: A WARNING TO THE WORLD."
police/traffic,2:10 AM - 29 Dec 2012,WildlifeBlog,http://wildlifedetective.wordpress.com/,984,592,"Methven, Perthshire",,"Retired Tayside Police and National Wildlife Crime Unit officer. Author of 5 books on wildlife, wildlife crime and of http://wildlifedetective.wordpress.com/"
news,9:34 AM - 16 Apr 2012,Nashvilletime,,4602,4949,,,All the latest breaking news about Nashville
disaster/accident,3:11 PM - 18 Nov 2009,coatsey9110,,265,73,,,
news,5:52 PM - 25 Sep 2015,sexy_laticia,https://goo.gl/ilMKn1,288,375,United States,"39.78373,-100.4458799",Media Presenter
news,8:38 PM - 2 Sep 2009,ridgewoodpatch,http://ridgewood.patch.com,1954,879,"Ridgewood, NJ","40.97918,-74.1165699",Giving you all the Ridgewood news you can handle.
news,10:19 PM - 21 Feb 2011,MuthuiMkenya,https://mobile.facebook.com/muthui.mkenya?ref_component=mbasic_home_header&ref_page=MNotificationsCo,9878,10190,,,"News, Events, Gossip,Entertainment, Sports and Politics"
police/traffic,11:25 AM - 8 Nov 2011,MercedCrimeBeat,,681,1236,"Merced, Calif.","37.30295,-120.4843199",Police and courts reporter for the Merced Sun-Star. rparsons@mercedsunstar.com
disaster/accident,4:37 AM - 7 Jan 2017,ehrhardt_a,,28,86,Malta,"27.50157,85.24516",Criminology Graduate 2014 (u.k) & Law student.
police/traffic,6:52 AM - 5 Dec 2012,EdLCape,,1429,219,,,"Professor, UWE, Bristol, writes Defending Suspects at Police Stations and other stuff, researches Crim Just, tweets mostly on police powers and suspects' rights"
journalist,8:52 AM - 29 Nov 2014,csagir2015,,42626,1000,,,"Ex-Managing Editor of Today's Zaman, fired by Erdogan trustees. 1st journo account blocked by Erdogan family. Blocked: @csagir @csagir2014 @CelilSgr @csagir2015"
fire/emt,5:55 PM - 19 Jan 2012,WindsorPolice,http://www.police.windsor.on.ca,23222,461,"Windsor, Ontario, Canada","42.30327,-83.0285099","This account is not monitored 24/7. Please do not report a crime here; call 9-1-1 in an emergency, or dial (519) 258-6111 for non-emergency police assistance."
journalist,11:56 AM - 17 May 2009,jamesrbuk,http://www.jamesrball.com,43362,2832,London,"51.50732,-0.1276399","Special correspondent, @BuzzFeedUK. Formerly @Guardian, @wikileaks, @TBIJ. New book: ""Post-Truth: How Bullshit Conquered The World"" out *now*."
news,1:43 AM - 6 Jul 2008,jljzen,http://www.japantimes.co.jp/author/int-jesse_johnson,3714,1897,"Tokyo-to, Japan","34.225575,139.294773938122",@Japantimes News Desk .Tokyo . RTs are things you should read . mail me at jesse.johnson@japantimes.co.jp http://about.me/jess.johnson/
fire/emt,1:15 AM - 30 Mar 2009,NatickFire,http://www.natickfire.org,2161,228,"Natick, Ma","42.28363,-71.3469899","Official Twitter feed for the Natick, MA. Fire Dept. This page is not monitored 24 hours a day. Please do not report emergencies here. Emergencies- Dial 911"
journalist,5:26 AM - 4 Feb 2011,LyndaHardynews,http://www.facebook.com/profile.php?id=100000432974079,847,134,,,Reporter and presenter for @bbcsoutheast
disaster/accident,9:19 AM - 23 Oct 2012,theBSCprogramme,http://www.bsc.scot,2129,1719,Scotland,"56.78611,-4.1140499",Building Safer Communities: national and local partners & communities working together to reduce victims of crime & unintentional injury in Scotland
journalist,4:39 PM - 22 Mar 2009,joncolman,http://www.newsandstar.co.uk/carlisle-utd,4649,1888,Cumbria,"54.61431,-2.94208993836317","Carlisle United reporter for @newsandstar & @cumbnews. Co-author of Keeping Quiet, Paul Nixon's autobiography. Not the Accrington Stanley manager. Views my own."
news,1:12 AM - 17 Jun 2012,GoldmyneTV,http://www.goldmyne.tv/livetv,24338,9116,"Lagos, Nigeria","6.45505,3.39417","Nigeria's award-winning online TV channel with the best news, local movies, international shows & music videos."
journalist,10:03 AM - 17 Jul 2011,DavidLockeACNC,http://acnc.gov.au,12787,10012,Australia,"-24.7760999,134.755",Assistant Commissioner at the Australian Charities and Not-for-profits Commission (ACNC). Views are my own. Re-tweets do not necessarily imply support.
journalist,4:46 PM - 3 Mar 2010,BradMPerry,http://www.iheartradio.ca/khj/news,1757,957,"Fredericton, NB","45.96464,-66.6437499","Web reporter / news anchor with Bell Media Radio in #NewBrunswick and #Truro, N.S. Story idea? Email: brad.perry@bellmedia.ca"
journalist,4:49 AM - 26 Feb 2011,molloy1916,http://www.dannymorrison.com,11480,540,Belfast,"54.59698,-5.9300899","Writer, commentator, former republican prisoner & secretary Bobby Sands Trust"
news,5:14 PM - 5 Nov 2009,PowerBoatWorld,http://www.powerboat-world.com,1069,48,"USA,Can,UK,EU,Asia,NZ,Aus",,The boating news network
journalist,8:23 AM - 8 Oct 2009,anita_oh,http://www.facebook.com/anitaohtv,4136,956,"Philadelphia, PA","39.95239,-75.1635799",Journalist @CBSPhilly . Chasing truth . : oh@cbs3.com
journalist,9:04 AM - 23 Feb 2015,Syria_Protector,http://www.almasdarnews.com,25778,186,Syria,"34.64018,39.04941",@TheArabSource Correspondent in Damascus.
fire/emt,11:57 AM - 4 May 2009,gcoem,http://www.oem.greenecountymo.gov,3422,425,"Springfield, Missouri","37.21533,-93.2982499","Official Twitter account for the Springfield-Greene County Office of Emergency Management. http://facebook.com/SpringfieldGreeneOEM …, http://instagram.com/gc_oem ,"
wx,9:54 PM - 27 Dec 2009,wxeindhoven,,163,0,"Eindhoven, the Netherlands","51.44855,5.4501175",Current weather in Eindhoven
journalist,1:50 PM - 21 Dec 2012,Emran_Feroz,,5266,661,"Kabul, Stuttgart, Innsbruck",,Journalist. From the Hindu Kush to the Alps. Founder @dronememorial. Mail: emran_feroz[at]hotmail[dot]com
wx,10:59 AM - 4 Nov 2010,Indianapolis_NC,http://www.IndianapolisNewsChannel.com,638,48,"Indianapolis, IN","39.76833,-86.1583499","Updated Indianapolis news,sports, weather,entertainment,politics and business information."
fire/emt,2:19 AM - 6 Oct 2011,LancashireFRS,http://www.lancsfirerescue.org.uk,25847,384,Lancashire,"53.861165,-2.54710734444445",Lancashire Fire and Rescue Service's official account. (Account not 24hrs) DO NOT REPORT EMERGENCIES HERE.
news,6:25 AM - 12 Aug 2013,Goobjoognews,http://www.goobjoog.com,12857,199,Mogadishu,"2.04277,45.33856",Goobjoog News provides indepth coverage of Somalia and the Horn of Africa. Follow us on @Goobjoognews
journalist,2:35 PM - 12 Mar 2014,AshishSinghNews,http://www.Newsx.com,3139,2142,"New Delhi, India","28.61389,77.21595","Assistant Editor @NewsX | Politics | Defence | Aviation | International affairs. Ex- @TimesNow, @ZeeNews, @HtTweets ashishindia101@yahoo.com"
news,7:59 AM - 26 Mar 2009,Kent_cc,http://www.kent.gov.uk,58803,2450,"Kent, UK","51.22446,0.73342",News & information from #Kent County #Council monitored 9am-5pm Monday to Friday. View our other KCC twitter accounts: http://bit.ly/1B7uRMm
news,5:11 PM - 24 Sep 2011,JuliaMoffitt13,http://www.wthr.com/global/Story.asp?s=825845,18217,7300,"Indianapolis, Indiana","39.76833,-86.1583499",Julia Moffitt can be seen anchoring during Eyewitness News Sunrise Monday through Friday. @WTHRcom
news,4:28 AM - 5 Nov 2011,BusinessTechSA,http://businesstech.co.za/news/,8637,3,Gauteng,"-25.9363399,28.08131",BusinessTech serves the South African business technology community with news and discussions.
journalist,10:55 PM - 16 May 2009,sadhavi,http://www.sadhavikhosla.com,46657,691,Patiala | Gurgaon,,"Researcher, Writer, Activist, Political Analyst. Author 'Punjab - The Enemies within' Documentary on Punjab 'Fading Glory'."
journalist,2:30 PM - 27 Feb 2012,williamhboney1,http://www.ramshornrepublic.com,5525,2926,One step closer,,Whistle Blower Extraordinaire & Author. Writer of wrongs. Books and blogs at the website.
fire/emt,12:30 PM - 29 Apr 2009,LexingtonPD,http://www.lexsc.com/police,6919,838,"Lexington, SC","33.98153,-81.2362099","Official Twitter page of the Lexington Police Department in South Carolina. While this site is monitored regularly, please call 911 for all emergencies."
news,11:47 AM - 8 Mar 2010,thelonelykush,,146,462,India,"22.35111,78.66774",Condemn gender biased laws in India. Believe in egalitarianism. Using power of social media to fight for dignity of men and elderly harassed by wives & girls.
journalist,10:35 PM - 11 May 2009,pinoyweekly,http://www.pinoyweekly.org,5480,593,Philippines,"12.75034,122.73121","Voice of the marginalized Pinoy. Online source for alternative news, progressive views, indepth reports and multimedia content."
journalist,3:03 AM - 2 Jan 2014,AishaManiar,http://onesmallwindow.wordpress.com/,591,110,,,"Freelance legal translator, human rights activist, writer"
news,6:52 AM - 31 Oct 2012,chsjnews,http://www.country94.ca/news,7313,771,"Saint John, N.B.",,Greater Saint John’s premier source for local news. Listen live: http://player.listenlive.co/32121
news,2:15 AM - 15 Jun 2009,Chiobserver,http://www.chichester.co.uk,11200,726,"Chichester, West Sussex","50.84467,-0.783108934090909",Keep in touch with the news and life in and around Chichester.
journalist,9:59 AM - 19 Jan 2011,hamishausk,http://hamishauskerry.com/,416,895,"Newcastle Upon Tyne, England","54.97709,-1.6141999",Freelance Journalist based in #Newcastle. News Editor for @TheTabNewcastle. Formally #Orkney reporter for @STVNews and sundry print media. All views mine.
news,8:13 AM - 10 Mar 2016,hashnashik,http://edufive.com/services,3183,1771,"Nashik, India","20.22172,74.1136002059173",Finding latest news about #Nashik & RT them.What's happening in #Nasik? Part of the #NetworK (@hashNetworK) & Managed by @edufive.com team #MH15 #नाशिक #नासिक
fire/emt,8:20 AM - 24 Sep 2010,warkspolice,http://www.warwickshire.police.uk,60822,218,Warwickshire,"52.33333,-1.5833299","Warwickshire Police official Twitter feed. News, appeals & updates. Please do not use Twitter to report crime, instead call 101, in an emergency dial 999"
journalist,6:44 AM - 6 May 2010,MalikAchkJourno,https://www.clippings.me/malikachakzai,9077,3161,"Quetta, Peshawar, Kabul",,Journo cover #conflict in #AfPak freelancer @dawn_com @TFT_ Former @armedpolitics @UPI_Next @VOAPashto @PolicyMic member @IRE_NICAR RTs/Follows ≠ Endorsement
govt,12:58 AM - 15 Jan 2009,ColoradoFoothil,http://www.ebay.com/usr/coloradofoothills,1219,2122,"Buffalo, New York","42.88644,-78.8783599","United States Government - Customer Service - Arapahoe Community College Graduate -Littleton, Colorado. AAS Business Management"
journalist,12:20 PM - 22 Jul 2016,daniel_heinke,http://works.bepress.com/daniel_heinke,1258,216,Bremen (GER),,"Adjunct professor for terrorism studies, HfÖV Bremen | Associate Fellow @ICSR_Centre | @Marshall_Center affiliate | All views (only) my own."
news,12:35 AM - 1 Dec 2016,norrionews,,14399,5,,,Norrionews is an online News media setup to meet the needs and yearning of Information Consumers.
news,6:48 AM - 9 Feb 2017,EverythingRSA,,248,52,"Johannesburg, South Africa","-26.2049999,28.04972",Everything about South Africa. Why not give us a follow? . We love followers! and South Africa . News curated from different sources.
news,9:31 AM - 6 Oct 2010,BBC3CR,http://www.facebook.com/bbc3cr,70538,267,"Beds, Herts and Bucks",,"BBC Three Counties, loving life in Beds, Herts & Bucks. On FM, AM & Digital Radio, on Freeview, Mobile, Tablet & http://bbc.co.uk/threecountiesradio …"
fire/emt,12:30 PM - 13 Feb 2008,BobbyHalton,http://community.fireengineering.com/profile/BobbyHalton,16838,5804,,,American Firefighter / Fire Chief retired
journalist,7:54 AM - 30 Jun 2009,BBCFooC,http://news.bbc.co.uk/1/hi/programmes/from_our_own_correspondent/default.stm,4838,1831,"New Broadcasting House, London",,"From Our Own Correspondent - story-telling, insight, analysis and wit from reporters around the globe."
wx,7:48 PM - 17 Oct 2013,stormwchatlanta,,1192,948,Atlanta GA,"33.74909,-84.3901799",Severe weather coverage for Atlanta GA and the Southeast with the latest watches & warnings! PLUS: Live video during tornado outbreaks!
journalist,5:32 AM - 12 Dec 2009,Khaaasteh,http://ifpnews.com,784,555,"Tehran, Iran","35.68617,51.42235",Journalist @IranFrontPage
wx,11:15 PM - 16 Jun 2011,SimpleWeatherNJ,http://www.simpleweatheralert.com,195,38,New Jersey,"40.07573,-74.4041599",Provide a valuable service. Get more page views. Attract Twitter followers. Add real-time weather alerts to your social media. See our home page for details.
journalist,11:01 PM - 13 Sep 2009,jpbrammer,http://johnpaulbrammer.com/,39933,1688,"Brooklyn, NY","40.6501,-73.9495799",Chicano Gay Person. Insurgente. Powerful Witch. Writer everywhere. Associate Producer at @NBCOUT. Instagram: _juan_pa_ Email: jpbrammer@gmail.com
wx,8:48 AM - 20 Jan 2011,rnllwilliamswx,,1144,292,"Kansas City, MO","39.08446,-94.5630199",@KCTV5 Meteorologist | AMS Certified Broadcast Meteorologist #726 | Born and raised in @CityRochesterNY | @sunyoswego grad | Proud weather geek
journalist,12:17 AM - 21 Aug 2011,ProfNKPandey,,2413,108,Lucknow,"26.834505,80.9080152894179","Alumnus of I.I.T. Delhi & SXC, Ranchi, Views on twitter singularily personal. RTs not strictly endorsements."
disaster/accident,4:55 AM - 6 Jul 2013,sushantsareen,,20528,385,,,"strategic affairs analyst; obsessive Pakistan watcher and hence Afghanistan, Terrorism, Islamism; history buff but studied economics;"
news,1:22 PM - 23 Jun 2009,browe46,,104,275,Ottawa,"45.42103,-75.6900199",I share stories from Southeast Asia from newspapers and news agencies. I do not always agree with those stories.
wx,2:20 AM - 7 Jun 2012,NWSMKX,http://weather.gov/mkx,15339,254,"Sullivan, WI","43.01278,-88.5881499",Official Twitter account for the National Weather Service in Milwaukee. Details: http://weather.gov/twitter
news,1:25 AM - 18 Feb 2009,cyprusmail,http://www.cyprus-mail.com,48522,322,"Nicosia, Cyprus","35.17393,33.36472",The island's leading English daily newspaper
journalist,4:35 AM - 7 Mar 2010,fud31,,12219,46,"Albany, New York","42.65116,-73.7549599","Ex-NYPost editor/columnist;chronicled NY's decline over 4 decades,6 govs--many awards;host,Focus on the StateCapitol,10am daily,http://www.talk1300.com ,WVOX@4pm"
news,1:41 AM - 25 Jul 2009,PeninsulaQatar,http://www.thepeninsulaqatar.com,21399,115,Qatar,"25.33369,51.22952",The official account of The Peninsula English Daily Newspaper #Qatar #Doha
journalist,9:53 AM - 15 Jan 2012,raghavanWaPo,http://www.washingtonpost.com/sudarsan-raghavan/2011/02/22/ABkvITI_page.html,5012,900,Cairo,"30.04881,31.24366",Cairo Bureau Chief and Middle East correspondent for The Washington Post. Instagram:raghavanwashpost
journalist,8:50 AM - 13 Mar 2013,RLitwiller,http://rogerlitwiller.com,7791,6217,"Trenton, Ontario Canada","44.10331,-77.5758899","Author/historian/lecturer of Royal Canadian Navy's proud heritage. Enjoy travel & photography. Paramedic for 33 yrs. I am a storyteller, who can save your life!"
news,8:44 AM - 14 Sep 2010,sydneyinformer,http://sydneyinformer.com,377,186,Sydney,"-33.8548099,151.21645","Local Sydney News and Australia updates from A - Z, that's what you get from us."
journalist,5:25 AM - 21 Feb 2017,WeirdBristol,https://www.amazon.co.uk/Charlie-Revelle-Smith/e/B00HBFSRCU,860,203,"Bristol, England","51.45349,-2.5973899","Your guide to the weird, wonderful, unforgettable and quirky history of Bristol from novelist Charlie Revelle-Smith, author of the Bristol Murders series."
news,8:14 PM - 7 May 2014,LateefJohar,http://www.sagaar.net,8325,272,"Toronto, Ontario","43.65292,-79.3848999",Human Rights activist; Media Person @BSO__AZAD; Sat for 46 days on a Hunger Strike Unto Death for the release of Chairman #ZahidBaloch. #Balochistan
police/traffic,4:22 PM - 9 Aug 2009,metlinkwgtn,http://www.metlink.org.nz,10144,7,New Zealand,"-41.5000799,172.8344",Official account of GWRC's public transport network. Mon to Fri - 6am-10pm. Go to website for full opening hours. Talk to us at 0800 801 700.
fire/emt,6:50 AM - 2 Sep 2011,NIFRSOFFICIAL,http://www.nifrs.org,5958,557,,,Official Twitter page of Northern Ireland Fire & Rescue Service. Account not monitored 24/7.
wx,12:53 PM - 26 Apr 2012,CassieHeiter,,4323,1334,Oklahoma City,"35.47298,-97.5170499","KWTV (Weather Producer) Meteorologist, Foodie, Lover of fun, Chief Traffic Director (self given title, ND approved, sounds cooler)"
journalist,5:37 AM - 6 Feb 2010,Rahipoet,http://about.me/rahulrahi,2368,2478,New Delhi,"28.61389,77.21595",II Journalist II Observer II Traveler II Biotechnologist II Nationalist II Wannabe Novelist II Kashmiri Indian in Exile II (Views are personal)
news,2:52 AM - 6 Aug 2013,PrincessLipa,,87719,64823,,,"Social Media Expert, Online Publicity For Ur Brands, Websites, Music, Events, Hype & Media Marketing. Email: awesomelizzy59@gmail.com"
news,5:24 AM - 2 Jun 2009,NRE_GWR,http://www.nationalrail.co.uk,12235,8,Great Britain,"54.315355,-1.91801856736912","Official account of National Rail enquiries, providing rail travel news and advice. We are here to answer your enquiries 24/7."
news,2:11 AM - 16 Mar 2015,TempeAzRR,http://bit.ly/1LjwOOI,962,749,,,"Live content curated by top Tempe AZ Influencers. (Pic:https://en.wikipedia.org/wiki/Tempe,_Arizona#/media/File:Tempeskyline3.jpg …)"
journalist,6:04 AM - 12 Feb 2014,edelgruen,,275,961,East Europe,"47.838755,16.5362153636364",Freelance writer & fixer based in Russia. Fact-checking & covering politics & other issues which interest me.Tweeting mainly on East Europe.
news,5:56 AM - 20 Mar 2013,TJProvincial,http://www.telegraphjournal.com,12969,3268,New Brunswick,"46.5,-66.7499999",The best news coverage from all corners of the province with the most reporters in New Brunswick.
journalist,2:35 PM - 21 Jun 2009,Jakdaw09,http://jeffkaye.wordpress.com/,771,846,"London, England","51.50732,-0.1276399",Anti-corruption as Transparency International-UK Trustee; Chairs TI Defence and Security; Saracens Rugby; writer; Lib-Dem values
news,8:16 AM - 16 Dec 2011,MadVocate_,,7483,868,"Johannesburg, South Africa","-26.2049999,28.04972",I offer alternative news & facts. Huge Kaizer Chiefs & Man City fan. Patriot
news,10:47 AM - 24 Feb 2011,PortChesterDV,http://portchester.dailyvoice.com,571,74,"Port Chester, NY","41.00176,-73.6656799","The Port Chester Daily Voice is a local news organization. Our town-based reporters cover the most important news, sports and information in our community."
news,6:36 AM - 1 Oct 2008,detroitnews,http://www.detroitnews.com,227360,2373,"Detroit,MI USA","42.34866,-83.0567299",Detroit's best source for news and information. You can reach The Detroit News at online(at)detroitnews(dot)com. http://www.detroitnews.com
journalist,3:17 PM - 9 Jul 2011,stephmwade,https://m.facebook.com/stephaniewadeRTV6/,731,677,"Indianapolis, IN","39.76833,-86.1583499",@rtv6 Morning Reporter | DePaul University Alum | #amnewser | Story ideas? Email me: stephanie.wade@wrtv.com
news,10:56 AM - 23 Feb 2011,CrotonDV,http://croton.dailyvoice.com,603,115,"Croton, NY","40.93919,-73.8933399","The Croton Daily Voice is a local news organization. Our town-based reporters cover the most important news, sports and information in our community."
news,2:50 AM - 11 Mar 2014,iamthegolu,,3214,92,Incredible India,,Social Media Trendspotter . Mastermind . Dreamer . Internet Junkie . Avid Baker . TV Series Addict . Total Gamer . Travel Fanatic . Food Aficionado . LP
fire/emt,6:25 AM - 18 Feb 2011,policescotland,,159094,1004,Scotland,"56.78611,-4.1140499","Official Police Scotland Twitter feed – info on policing, campaigns & our service. Not for reporting crime. Non-emergency calls dial 101 & 999 in an emergency."
news,4:31 AM - 2 Mar 2017,WorldTopNewsNG,http://worldtopnewsng.com/,494,1370,United Kingdom,"54.70235,-3.2765699",News break as events unfolds
fire/emt,5:04 AM - 11 Jul 2011,PoliceWarr,http://cheshire.police.uk,9782,2728,"Warrington, Cheshire","53.38994,-2.5943099","Policing all areas of Warrington. This account is not monitored 24/7. Call us on 101, or 999 in an emergency."
journalist,6:12 AM - 13 Oct 2012,SabovicSanela,,1067,428,Miami via Chicago,,Reporter at WPLG Local 10 News
news,6:51 AM - 24 Mar 2016,ScoopSquid,,537,425,,,"Greeting, humans! I tweet trending articles from popular #news subreddits."
wx,7:56 PM - 22 Nov 2010,Orion_OT_Patch,http://Patch.com/OaklandTownship,1485,528,"Lake Orion, MI","42.78447,-83.2396599","Oakland Township-Lake Orion Patch is your source for local news, events, weather, and community information."
journalist,6:42 AM - 20 Dec 2013,ITletters,http://www.irishtimes.com/opinion/letters,3355,362,Ireland,"52.86519,-7.9794499",Letters to the Editor of The @IrishTimes. Want to write a letter? See here: http://www.irishtimes.com/opinion/letters/letter-guidelines …
police/traffic,11:52 PM - 12 May 2016,SuptMWG,http://www.police.wa.gov.au,372,27,"Geraldton, Western Australia","-28.7703499,114.61471",District Police Superintendent for the Mid West-Gascoyne region of Western Australia
police/traffic,9:24 AM - 10 Aug 2011,Peter_Kirkham,,5468,2191,Twickenham,"51.44679,-0.3283299",Former police officer & commentator on policing issues. Top Rantologist. Fuckwit intolerant.
journalist,5:57 AM - 10 Aug 2013,MeirionTweets,,7162,7654,MeirionJonesATtbijDOTcom,,"Investigations Editor @TBIJ If you have a knock-out story email me. My tweets are my opinions, not anyone else’s. RT ≠ to agree. Wales! Cymru!"
news,8:00 PM - 12 Mar 2012,Landgrant33,http://landgrantholyland.com,22940,805,"Columbus, OH","39.96226,-83.0006999",SB Nation’s 100% free destination for Ohio State & Buckeye recruiting news #GoBucks
govt,3:37 AM - 3 Jan 2017,BeyerBliss,,790,1594,"Illinois, USA","40.07963,-89.4339799",Former Mayor in the State of Illinois and Patriot.
wx,9:12 AM - 9 Mar 2009,KGAN_Weather,http://www.cbs2iowa.com/weather,1675,289,Eastern Iowa,"41.885095,-91.7147029046385",Updates from the @cbs2iowa @fox28iowa WeatherF1RST Team. @terryswails @KopelmanWX @BSMarshall2 #iawx
wx,8:20 PM - 11 Sep 2009,docdeason,http://facebook.com/docdeasonweather,2676,2602,"Tyler, TX","32.35126,-95.3010599",Born & Raised in East TX . Weather Guesser: 99.9 KMOO & KYTX CBS-19 . Lindale Eagle - TJC Apache - SFA Lumberjack - MSU Bulldog . Frequent Wx Updates
disaster/accident,8:38 AM - 24 Aug 2009,robertsalonga,http://mercurynews.com,4116,546,"San Jose, Oakland","14.61214,-90.5200899","Crime & Public Safety, @mercnews. @UCLA/@merrillcollege alum. Partial Putlizer Prize possessor. Just the tips: rsalonga(at)bayareanewsgroup(dot)com"
journalist,6:12 PM - 21 Apr 2011,MeghanEMurphy,http://www.feministcurrent.com,9336,1805,"Vancouver, BC","49.26089,-123.1139299",Writer. Journalist. Lover of wine & swears. Pinko. Founder & editor @feministcurrent. Really fun. meghan@feministcurrent.com
news,10:21 AM - 24 Aug 2008,BudKennedy,http://www.star-telegram.com/bud,17367,8550,"Fort Worth, Texas","32.75317,-97.3327399","Texan at large. @StarTelegram since '81, online since 12/21/92; wrote for Fort Worth Press, @Statesman, Dallas Times Herald, @DallasNews. Dining news: @EatsBeat"
wx,9:26 AM - 29 Apr 2009,ColleenWeather,http://facebook.com/colleenweather,24186,474,"Dallas, TX","32.77627,-96.7968499",Meteorologist at WFAA-TV. WX nerd. Obsessive photo taker. Traveller. Guitar player. Yoga lover. Coffee Addict. Kale eater. Onion hater. Your spontaneous friend.
fire/emt,9:44 AM - 22 Nov 2013,District8Chief,http://Ottawa.ca/Fire,886,376,"Ottawa, Ontario","45.42103,-75.6900199","Sector Chief, Ottawa Fire Services"
journalist,6:42 AM - 25 Oct 2014,kevin_a_strom,http://nationalvanguard.org,680,558,Western Pennsylvania,"40.49287,-79.9113799","Writer, publisher, broadcaster, free thinker. Our destiny is in the stars."
news,4:17 AM - 20 Sep 2010,EINFoodSafety,http://foodsafety.einnews.com/,2284,1727,"Washington, D.C.","36.29885,-82.3591834",Latest food safety news for business professionals & analysts. Food Safety News Today is a media monitoring service provided by EIN News.
wx,6:46 PM - 1 Oct 2016,FOX23BradCarl,http://www.fox23.com/weather,665,749,"Tulsa, OK","36.15568,-95.9929099","Meteorologist at FOX23 News in Tulsa. UW alum & latte lover. Proud brother of KA & KKΨ... Seattle transplant, loving life in Green Country."
wx,4:19 PM - 20 May 2009,weatherdan,http://Facebook.com/DanSkoff,15726,261,NW Arkansas/River Valley,,"Believer, Husband, Dad, Emmy Award Winning Chief Met @KNWANews & @FOX24News, Storm Chaser, OU Alum Keeping you informed of the crazy weather in the NWA/RV area"
wx,5:36 PM - 3 Feb 2015,Sean_Ernst_Wx,,614,500,,,| Junior in meteorology at the University of Oklahoma | @OKwxlab President 2016-17 | OUSCAMS | Opinions my own
fire/emt,10:54 AM - 3 May 2014,WrightCityFire,http://www.wrightcityfire.com,495,279,"Wright City, Missouri","38.82754,-91.0201399","Wright City Fire District provides fire, EMS, and rescue services for the Wright City, MO area. This account is NOT monitored. PLEASE DIAL 911 FOR EMERGENCIES."
news,8:03 AM - 3 Mar 2009,nursefriendly,http://www.nurseup.com/,14693,5511,Southern New Jersey,"39.6556,-75.0143899","Registered Nurse, Nurse Entrepreneur, Social Media Consultant,#Healthcare #Tweetchat #Enthusiast, Ask us :)"
journalist,7:44 PM - 10 Dec 2014,cbs11gabriel,http://dfw.cbslocal.com/personality/gabriel-roxas/,1403,323,"Dallas, TX","32.77627,-96.7968499",CBS11 News Reporter
police/traffic,3:51 PM - 9 Feb 2011,TotalTrafficSEA,http://www.ttwnetwork.com/,3321,382,"Seattle, WA","47.60383,-122.3300599","Watching and reporting traffic and transit in Seattle, Tacoma, Bellevue, Everett, and all across Western Washington!"
news,6:47 PM - 13 Apr 2017,sithlordhater,http://www.youtube.com/darthhaterhiphop,2338,3314,A galaxy far far away,,"Sith Lord, intellectual hip hop artist, subscribe to my YouTube channel and like my videos http://youtube.com/darthhaterhiphop …"
wx,1:57 PM - 9 Feb 2012,NWSAlbuquerque,http://www.srh.noaa.gov/abq,11014,595,"Albuquerque, NM","35.0841,-106.6509799",Official Twitter account for the Albuquerque National Weather Service. Details: http://weather.gov/twitter
