police/traffic,3:44 PM - 15 Nov 2010,MustacheChuck,,7325,6407,Boston,"42.36048,-71.0595599","I am of Choctaw Nation in Territory of Oklahoma, Proud Teacher at Sacred Heart Parish, Archdiocese Boston, Retired Deputy Sheriff, Gardner, Gospel Lector"
wx,8:40 PM - 28 Sep 2010,EBrillWx,https://www.facebook.com/MeteorologistEricBrill/,567,221,"Beaumont, TX","30.08604,-94.1018399","I'm a guy that would much rather be wearing shorts and a jersey on air, but the suit life will do at KBMT/KJAC."
wx,7:26 AM - 27 Feb 2014,BradBartonDFW,http://www.wbap.com,1741,317,DFW,"32.90534,-97.0403099",Chief Meteorologist Cumulus Radio Dallas WBAP 820AM / KLIF 570AM / 99.5 FM The Wolf
wx,7:49 PM - 9 Apr 2015,TheTXWXchaser,http://www.thetxwxchaser.com,629,151,,,"Passionate storm chaser, mechanic, metal junkie. Host of The Ghost Train podcast. Patiently awaiting on mother nature to put on a show."
wx,7:17 AM - 7 Nov 2016,BrigitABC17,,181,92,"Columbia, MO","38.95188,-92.3337299",Weekend Stormtrack Meteorologist at ABC17 News. Proud alumnus of University of Missouri.
journalist,9:12 AM - 20 Mar 2009,SpriteWrite,http://about.me/deniselindgren,618,836,"West Hollywood, CA","34.09,-118.3617399","Writer, pet lover, happy person."
news,11:56 AM - 8 Feb 2013,ItsNotTheOnion,,1157,1,Non-Fiction Land,,Real headline from real news sources. It's not the Onion!
news,2:18 PM - 14 Feb 2008,pritheworld,http://pri.org/theworld,32429,1760,"Boston, MA, USA","42.36048,-71.0595599","Hosted by @MarcoWerman. We're in your ears five times a week, offering news, features, interviews, and music from around the globe. Say hello!"
journalist,4:47 PM - 17 Nov 2011,RickLeeYDR,http://ydr.com,1032,322,York Daily Record/Sunday News,,Staff writer
wx,8:58 AM - 19 Dec 2008,WABI_TV5,http://www.wabi.tv/,24048,412,"Bangor, Maine","44.80118,-68.7778099","Local news, sports and weather for and from Eastern and Central Maine. @WABI_TV5"
journalist,7:05 AM - 7 Sep 2012,hall_abc27,,982,68,,,Reporter for abc27 News covering the West Shore and surrounding areas. Link and retweets do not equate to endorsement.
journalist,12:12 PM - 16 Aug 2016,ReadWillReed,http://readwillreed.com,990,523,"Detroit, MI","42.34866,-83.0567299","My name is Will Reed. I'm an author of several novels, one of which is called Motorcity Miracles. A hystorical novel based on the 1920's car industry"
news,9:19 AM - 29 Oct 2010,bgdnphoto,http://www.bgdailynews.com,1903,128,"Bowling Green, Ky.","36.99031,-86.4435999",We are the award-winning staff photojournalists at The Daily News. Our job is to document Southcentral Kentucky. We are visual storytellers.
govt,9:56 AM - 28 Nov 2012,EggShellReport,http://www.hrw.org/,470,1953,افقانستان,,"Human Rights Report: Reporting on massacres, crimes & corruption of governments & officials in practice anti-human cruel treatment of average persons globally."
news,9:35 AM - 2 Feb 2010,NationBarbados,http://www.nationnews.com,11943,377,Barbados,"13.15003,-59.5250299","Barbados' leading newspaper. Breaking news alerts and the most discussed stories in Barbados and around the world. Your news, your time, your way."
journalist,12:19 PM - 20 Feb 2009,TKeeton,http://lo.primelending.com/tkeeton,4022,3772,USA - NMLS# 177494,,Mortgage Loan Officer keeping you updated on national events. Views expressed are my own & do not represent those of PlainsCapital or its subsidiaries.
journalist,6:39 PM - 27 Aug 2007,sdkstl,http://sdkramer.com,13150,2692,"University City, MO","38.65588,-90.3092799","Staci D. Kramer writes about media, tech, sports & life in 140-character bursts here, longer at Trust But Verify. She's the former editor of paidContent."
news,4:38 PM - 20 Oct 2008,biolau,http://www.biola.edu,21961,512,"La Mirada, California","33.90609,-118.0106999","Biola University is a private Christian university in Southern California, ranked in the top tier of “best national universities” by U.S. News and World Report."
journalist,7:53 AM - 24 Dec 2011,DanCBarr,https://www.perkinscoie.com/en/professionals/daniel-c-barr.html,984,749,,,"Lawyer involved with constitutional, media and employment law. Views expressed are my own."
journalist,2:58 PM - 17 Aug 2011,_shireenahmed_,http://www.shireenahmed.com,9814,2863,GTA,"41.25385,1.17435",Out beyond ideas of Sports and Politics there is a field. I'll meet you there. Sports Activist. Writer. Player. Ragey and proud @BurnItDownPod team member.
news,8:02 AM - 30 Aug 2012,CHCHNews,http://www.chch.com,51740,542,"Hamilton, ON","43.25468,-79.8678099","CHCH is proud to be the news leader in Hamilton, Halton and Niagara. Watch live online at http://chch.com/live  for all the latest news coverage."
journalist,11:58 AM - 18 Nov 2009,dellahasselle,http://www.dellahasselle.com,1158,591,"New Orleans, LA","29.94993,-90.0701099","Reporter. Gets around. Flood stuff @WWNO, River Parishes @theadvocateno, legal @business, education @hechingerreport, more @The_Gambit. della.louise@gmail.com."
fire/emt,9:29 AM - 10 May 2010,Toronto_Fire,http://www.toronto.ca/fire,16591,335,"Toronto, Ontario, Canada","43.65292,-79.3848999","Toronto Fire Services is an all hazards, full-time Fire Service. Only OFFICIAL account. Not monitored 24/7; call 911 in an emergency. #TorontoFire"
wx,7:32 PM - 14 Mar 2012,KevinGregoryRTV,http://www.theindychannel.com/newsteam/123875/detail.html,6374,1997,"Indianapolis, IN","39.76833,-86.1583499",I am a meteorologist at RTV6 in Indianapolis. My father and I have been on Indy TV since 1972.
news,8:17 PM - 11 Nov 2008,abcgrandstand,http://www.abc.net.au/grandstand,134854,1120,Australia,"-24.7760999,134.755",ABC's expert commentary and coverage of Australian and international sport.
news,10:21 AM - 8 Jul 2010,WoonsocketPatch,http://woonsocket.patch.com,1178,111,"Woonsocket, RI","42.00287,-71.5147799",Woonsocket Patch is your source for local news.
wx,4:26 PM - 19 Apr 2015,SCStormChasers,,349,340,Tyler Tx,"32.35126,-95.3010599",We are a group of storm spotters and chasers located in Texas. We have 10 chasers in various areas of Texas to help warn the public of severe weather.
journalist,11:31 AM - 17 Jun 2009,KathyReports,http://wcvb.com,8449,234,"Boston, MA","42.36048,-71.0595599","Emmy Award Winning Investigative Reporter WCVB Boston, proud mom, communications specialist, runner, wanna be chef & Sox fan! Opinions=my own.RTs ≠ endorsements"
news,7:16 AM - 6 Dec 2011,SoddyDaisyTN,http://www.facebook.com/SoddyDaisyNews,884,236,"Hamilton County, Tennessee","35.17556,-85.1940699","Local news from Soddy-Daisy, Tennessee"
news,10:34 AM - 26 Jun 2009,IndyCaronNBCSN,http://motorsports.nbcsports.com,21529,263,,,The official account of NBCSN's coverage of IndyCar racing. We'll see you in 2017!
journalist,1:42 PM - 23 Feb 2010,dougwarnerksla,http://www.ksla.com/Global/story.asp?S=11170491,1343,1921,"Shreveport/Bossier City, LA","32.52072,-93.7065399","Husband, father, coach, a little storm chasing. Anchor 5, 6, 10pm. 4 time Emmy Winner, LA AP Reporter of Year. BoSox, Astros, Thunder, BOOMER. Ops are mine."
news,7:44 AM - 13 May 2013,socialmedia_hi,http://tiny.cc/5unpcx,1091,1370,Chichester UK,"50.84467,-0.783108934090909",Social Media & E-biz entrepeneur - Guiding people in how to bring customers to their E-business.
journalist,7:53 AM - 21 Apr 2014,CoryPippinTV,http://www.local15.com,744,875,"Gulf Shores, AL","30.27854,-87.682623342029","Reporter @local15, @UofSouthAlabama grad, cinephile, music lover, wannabe beach bum"
journalist,10:27 AM - 29 Jan 2014,BehzadFatmi,http://www.dailyo.in/user/7246/behzadfatmi,1766,1239,"New Delhi, India","28.61389,77.21595","Political writer and commentator. Writes widely in the Indian and int'l media, mainly on Turkish politics. Contributions in @DailyO_, @thevocaleurope et al."
news,9:22 AM - 28 Nov 2008,shanfrina,,160,525,Buffalo/Niagara region,,"Intl. award-winning, print-journalist of 45+ yrs. in the mainstream-&-gay media on both US coasts. Co-Director at aH-Ha! Productions"
journalist,8:06 AM - 23 Jun 2010,marshallpruett,http://MarshallPruett.com,27712,1772,"California, USA","36.70146,-118.7559899",Motor racing mechanic/engineer/team manager turned writer/reporter/photographer. Host of The Marshall Pruett Podcast.
fire/emt,7:05 PM - 8 Jan 2014,KempterFireWire,https://www.facebook.com/groups/549294408439212/,1266,129,Westchester County NY,"41.17631,-73.7907499",The Official Twitter Account of Kempter's Fire Wire
wx,9:50 PM - 23 Jul 2012,ChaserKevinS,,1891,3265,"Rockwall, TX","32.93123,-96.4596999","Storm Chaser and Field Producer in #Dallas, #TX. #livestreaming #txwx #StormChaser #Weather #dfw"
wx,7:10 PM - 12 Dec 2010,WindyCityWxMan,http://www.weather.gov/chicago,966,506,The Windy City,"41.61895,-78.8758599",#ChicagoWeather #ChicagoScanner are what I do. Info when it gets stormy and tweeting breaking local news from multiple live scanner radios. Forecast website:
wx,9:40 AM - 21 Mar 2012,MaryKayKleist,http://cbschicago.com,2246,1724,"Chicago, IL","41.87555,-87.6244199",Meteorologist at CBS 2 Chicago
news,3:55 PM - 12 Aug 2015,ESTBLSHMNT,http://www.theestablishment.co,25746,1785,"Berkeley, CA","37.87083,-122.2728599",The conversation is much more interesting when everyone has a voice. Intersectional media funded & run by women; new content daily. http://bit.ly/PitchUsWePay
wx,9:05 AM - 30 Apr 2013,TillmanWeather,https://www.facebook.com/ABC13DavidTillman,5550,45,"Houston, TX","29.75893,-95.3676899","Meteorologist at #ABC13, KTRK-TV Houston"
journalist,6:27 AM - 28 Mar 2013,KPierceTV,https://www.facebook.com/kpiercetv/,935,367,"New Orleans, LA","29.94993,-90.0701099","Anchor on Saturdays at 5, 6 and 10, Sundays at 5:30 and 10 on @WWLTV | Reporter | Opinions are my own | Story ideas? kpierce@wwltv.com"
police/traffic,9:29 AM - 6 Nov 2009,KilgorePolice,http://www.cityofkilgore.com/police,1420,39,"Kilgore,Texas","32.38607,-94.8758399","Official Twitter for the Kilgore Police Department Kilgore, TX"
news,8:33 AM - 2 Dec 2016,Libya_Update,,21,12,Libya,"26.82344,18.12367",Libya News Update
news,4:47 AM - 21 Apr 2013,Jaguarsblogger1,http://bhive.ca/network,2049,1956,Jacksonville,"30.33218,-81.6556499",#SocialMedia consultant sharing local news & #jaguars tweets of course! Proudly part of @bhivec2. What we do http://bhive.ca/7ways
journalist,10:02 AM - 9 Nov 2012,AmyNay2News,http://www.facebook.com/AmyNay,1624,1146,Salt Lake City,"40.76701,-111.8904299","REPORTER/ANCHOR at 2NEWS - After 13 years working in the news biz in NYC, excited to be back where I grew up reporting on the news that matters to you and me."
news,4:25 PM - 24 Mar 2009,MarnieMarns,http://www.abc15.com,1016,715,Arizona,"34.39534,-111.7632699","Emmy® Award winning #News #Photog addicted to #Tweeting... I really dislike AutoCorrect... ResistanceIsNotFutile... RTs not endorsements, I just like to share."
disaster/accident,7:40 PM - 7 Mar 2009,RIGHTZONE,,10357,10752,Pennsylvania,"40.96998,-77.7278799","The left has declared war against our president. But their war is against the American voter. They call Trump, illegitimate but that's what they are calling us."
journalist,4:35 PM - 22 Aug 2011,MeganABC15,http://abc15.com,2264,1159,"Phoenix, AZ","33.44858,-112.0773399","Reporter @abc15 in #Phoenix, AZ - where I was born & raised! Formerly @kgun9. 2015 #ASU Alumna @cronkite_asu & @CCJ_ASU. Story idea?: megan.thompson@abc15.com"
journalist,7:44 AM - 28 Nov 2015,GHNeale,http://www.pmvideos.com,2533,2311,A little green corner in Kent,,"#Author of ARCHIPELAGO and ARRIBA, #metafiction novels http://tinyurl.com/gsd4gx6  #argotnaut #joycean #agitprop #lessonsfromhistory"
news,4:17 PM - 25 Apr 2008,eey0re,,505,269,Wellington,"-41.2887599,174.77722","Civil liberties (@CivilLibertyNZ), open government (@FYI_NZ admin), news junkie (@PressPatron investor) and application security (day job)."
police/traffic,1:43 PM - 13 Feb 2015,KCKPDChief,http://www.kckpd.org,6509,3007,"700 Minnesota Avenue, KS","39.46764,-95.7275199","Chief of Police for the Kansas City, KS Police Department. Providing police service to the residents, businesses, and visitors of Kansas City, Kansas."
news,2:37 PM - 7 Oct 2010,cmautner,https://www.snapchat.com/add/cmautner,1590,872,"Harrisburg, Pa","40.26631,-76.8861099",Social media producer for @PennLive. Writes about comics for @ComicsJournal and @TheSmartSet. Does other stuff he can't think of at the moment.
fire/emt,3:39 AM - 23 Aug 2011,PoliceNantwich,http://www.cheshire.police.uk,4542,373,"Nantwich, Cheshire","53.06713,-2.5221099","Local Policing account for Nantwich. This account is not monitored 24/7. Call us on 101, or 999 in an emergency."
journalist,12:51 PM - 19 Jan 2009,ChrisMuellerPGH,http://pittsburgh.cbslocal.com/audio/starkey-mueller/,20852,872,Pittsburgh,"40.44169,-79.9900799","Mic: 2-6p, M-F @937TheFan Write: @bctimes on Weds. Pod: @FTLTPod with @KraigRiley. IG: Muellerparty. Not @bychrismueller, but follow him too."
fire/emt,6:30 AM - 25 Oct 2013,ArlingtonVaPD,http://police.arlingtonva.us/,14035,130,"Arlington, Virginia","38.89039,-77.0841499","Official Arlington County, VA Police Dept twitter feed. Emergencies 911. Non-emergencies 703.558.2222. Not monitored 24/7. Terms of use: http://tinyurl.com/nvdh382"
wx,10:05 PM - 5 Jan 2013,B_Carp01,http://tdsweather.com,2632,100,,,Meteorologist and Co-Owner of @TDSwx. Co-founder of the #CCIndex. Photography. Storm Chaser. GISer. @B_Carp01 Instagram/Periscope as well! #inwx #ilwx #ohwx
fire/emt,11:21 AM - 13 Nov 2009,RockwallCntyOEM,http://www.rockwallcountytexas.com,2069,250,"Rockwall, Texas","32.93123,-96.4596999",Emergency Management
news,7:36 AM - 25 Mar 2009,NaughtySec,,2320,714,"New South Wales, Australia","-31.8759799,147.28694",art - animals - erotic imagery - world news 18+ For art enquiries please DM me.
journalist,7:26 PM - 10 Jan 2010,eedgemon,http://connect.al.com/staff/eedgemon/posts.html,1762,1976,"Birmingham, AL","33.52068,-86.8024299","Birmingham metro news reporter for Alabama Media Group/Birmingham News @aldotcom. Lover of used (or new) books, TV, red lipstick. Send tips to eedgemon@al.com."
journalist,11:27 PM - 28 Feb 2009,ViNguyen,http://www.facebook.com/vinguyen50,1505,586,"Indianapolis, IN","39.76833,-86.1583499",Reporter at @WISH_TV | On air weeknights at 10 p.m. and 11 p.m. | @DePaulU Grad | Story idea? | Email me vi.nguyen@wishtv.com
police/traffic,10:35 AM - 5 May 2009,TotalTrafficCHI,http://sigalert.com,812,76,"Chicago, IL","41.87555,-87.6244199",Chicago's trusted source for traffic info. See something on the roads? Call the Traffic Tip Line at (312) 705-1771
wx,7:27 PM - 13 Oct 2014,WX4ALA,https://radioweathernetwork.com,156,438,"Tuscaloosa, AL","33.26683,-87.4862099","Townsquare Media-Tuscaloosa! West, Alabama's ONLY Live & Local Severe & Winter Weather Coverage By LOCAL Meteorologist; Bobby Best!"
wx,1:00 PM - 29 Jan 2010,AndrewBaglini4,,2087,300,,,Broadcast Meteorologist for Channel 4 WIVB in Buffalo | Proud Penn State Alum. Views expressed here are my own.
journalist,1:27 PM - 22 Jun 2011,KrisB_KVUE,http://www.kvue.com/,5494,438,"Austin, Texas","30.27112,-97.7436899","Anchor & reporter for KVUE, the ABC affiliate in Austin, TX. UT Longhorn and boxer - follow me for news & a behind the scenes look into my crazy world!"
journalist,4:09 PM - 18 Mar 2009,CSRA_prsn,http://aikenareaprogressive.wordpress.com/,1338,1040,"Williston, S.C.","33.40264,-81.4200999","Writer. Nudity rights advocate. US 278. #roadgeek. #CSRA resident. I pwn sexists, transphobes & gymnophobes. Ready to drive again. #Windows10MobileOrBust."
journalist,6:13 AM - 4 Feb 2012,Hirendrajha,,255,344,"New Delhi, India","28.61389,77.21595",Journalist
journalist,5:18 PM - 15 Jul 2010,twoeggflorida,http://www.exploresouthernhistory.com,974,2371,"Two Egg, Florida","30.85268,-85.0763099","Florida historian & author of 15 books, Yuchi (Euchee) Creek Indian & lover of history, nature and Americana. Yes, Two Egg is a real place!"
journalist,9:24 AM - 19 Nov 2010,5NEWSBryan,http://facebook.com/BryanShawverNews,521,287,"Fayetteville, AR","36.06258,-94.1574299",Reporter and 4 / 9 p.m. anchor @5NEWS. Native Hoosier. Ball State grad. Huge Colts fan.
wx,10:31 PM - 16 Jun 2011,SimpleWeatherIL,http://www.simpleweatheralert.com,356,95,Illinois,"40.07963,-89.4339799",Provide a valuable service. Get more page views. Attract Twitter followers. Add weather alerts to your social media. See our home page for our risk-free offer.
wx,11:51 AM - 7 Sep 2016,TDSwx,http://www.tdsweather.com,1178,20,"Indianapolis, IN","39.76833,-86.1583499",The official account of Thermodynamic Solutions LLC. Private weather consulting for companies/individuals! Inquire today info@tdsweather.com #inwx #ilwx #ohwx
fire/emt,9:04 PM - 16 Aug 2011,Stafford_VA,http://countyva.us/stafford/stafford/,237,0,"Stafford, VA","38.41672,-77.4579699","Follow us for the latest news, weather, events and emergency notices for Stafford, VA"
disaster/accident,5:34 PM - 7 May 2011,FranTownsend,http://www.macandrewsandforbes.com/,34474,4033,,,"Former Homeland Security & Counterterrorism Advisor to President Bush '03-'08, @CBSNews Sr National Security Analyst '16 - , EVP MacAndrews & Forbes '10-present"
news,5:34 AM - 10 Jun 2012,RoanokeUpdate,,988,328,"Roanoke, VA","37.27097,-79.9414299","Breaking news about Roanoke, VA, curated by @quiboatnews."
news,8:18 PM - 17 Mar 2012,MentalAmmo,http://www.MentalAmmo.com,2469,3005,,,"Law Enforcement Training Provider. #KeyNote Speaker. Former #Marine. #Nebraska Native, now in #Colorado. Check our site out daily for Law Enforcement News!"
journalist,4:53 PM - 11 Dec 2015,dejbanlaw,http://www.dejbanlaw.com,40885,266,Southern California,"34.021965,-118.285864851123",Founder @dejbanlaw. consumer lawyer/advocate. fiercely protective of clients and their rights. progressive politics. views not legal opinions; purely personal.
news,12:29 PM - 23 Mar 2017,MicahOnTheDesk,http://www.kctv5.com,226,76,"Fairway, KS","39.02222,-94.6318999","Latest #BREAKING news in Kansas City, direct from #MicahsDesk. Tweet @KCTV5 with any questions or queries. TIPS: Call me (913) 677-7211"
journalist,11:49 PM - 29 Oct 2011,FDNMeditor,http://www.newsminer.com,2007,947,"Fairbanks, Alaska","64.83778,-147.7163899","Editor, Fairbanks Daily News-Miner. Worked at The Anchorage Times, Sacramento Union. Loves dog mushing, Star Wars, family and a busy news day."
journalist,6:11 AM - 11 Jun 2010,The_Gnu_JGH,http://thegnujgh.wordpress.com,1156,1953,"Syracuse, NY","43.04812,-76.1474199","Philosophy Prof.Ratio Christi in Syracuse, NY. Author: Truth in the Flesh: Introducing Apologetics to the Local Church.Resistingthe Dictatorship of Relativism"
journalist,9:21 AM - 16 Mar 2009,DustinSlaughter,http://dustinslaughter.pressfolios.com/,10035,989,"Philadelphia, PA","39.95239,-75.1635799","Journalist. Media team volunteer @Krasner4DA. Views are my own, of course. On hiatus from @DeclarationPHL."
news,5:58 AM - 7 Jan 2015,Young_Songs,http://lyrical4ces.com,1015,338,Nigeria,"9.60003,7.99997","I'm Blessed Ukpong, nickname - Yung Sung. I do graphic designs, and digital arts. I also handle social media for celebrities.."
news,10:50 AM - 15 Jan 2017,QuiTamGuru,,7809,7857,"Lewiston, NY","43.17255,-79.0358699",Know your rights--your comprehensive source for the latest #whistleblower news!
fire/emt,4:31 AM - 27 Oct 2012,TimminsPolice,http://www.timminspolice.ca,2653,303,"Timmins, Ontario Canada","48.47591,-81.3351599",This account is not monitored 24/7. Do not post here to report an incident. FOR EMERGENCIES CALL 911. Corp Comm Coordinator Kate Cantin tweets.
disaster/accident,12:51 PM - 23 Dec 2010,JimMustian,http://theneworleansadvocate.com,1550,439,"New Orleans, La.","29.94993,-90.0701099",Covering crime and corruption for @theadvocateno Tips and diatribes to jmustian@theadvocate.com https://www.theadvocate.com/users/profile/jim%20mustian/ …
news,5:56 PM - 15 Jan 2009,FinancialReview,http://www.afr.com/,236417,256,Australia,"-24.7760999,134.755","For 60 years, The Australian Financial Review has been the authority on business, finance and political news in Australia."
journalist,11:09 AM - 19 Jan 2009,nottalking,,337,1239,"Conway, Arkansas","35.08869,-92.4420999","Mother, journalist, ASU grad, ex-Chicagoan & ex-Marked Treean & proud of both, ex-English teacher. Retweets are not endorsements or agreement."
fire/emt,2:19 PM - 25 Mar 2015,PVDCanteen,http://PVDCanteen.com,1449,254,Southern New England,"51.47815,-0.0402399","We are a 501(c) 3 non profit organization Providing Rehab For The First Responders Since 1968. To request us, contact Providence Fire Alarm (401)274-3345"
wx,6:31 AM - 3 Oct 2010,indywx,http://www.indywx.com,2601,200,"Whitestown, IN","39.99726,-86.3458199",Indy's Behind The Scenes Weather! Weather consulting and long range agriculture forecasts. http://IndyWx.com  LLC
police/traffic,7:23 PM - 29 Jun 2009,511NYC,http://twitter.511ny.org,2473,5,New York City,"40.73059,-73.9865799",Traffic & transit updates for the New York City area provided by New York State 511. Visit the website for more feeds.
news,10:37 AM - 9 Oct 2013,GraveyardSister,http://www.graveyardshiftsisters.com,8269,848,United States,"39.78373,-100.4458799",a website dedicated to news & scholarship on #Blackwomeninhorror
wx,7:12 PM - 17 Aug 2015,Local12Scott,http://local12.com,1105,815,"Cincinnati, OH","39.10145,-84.5124599",Meteorologist At WKRC-TV
news,5:36 AM - 17 Jun 2008,abc27News,http://www.abc27.com,88433,863,"Harrisburg, PA","40.26631,-76.8861099","Central Pennsylvania's leader in local news, sports and information. Social media policy: http://abc27.com/social-media-policy/ …"
news,7:18 AM - 14 May 2012,newsl_chemistry,,2553,2703,,,Stay on top of the latest Chemistry news. Be up to date in your profession or interest. check http://www.newslocker.com/chemistry_newslocker/ …
journalist,12:06 AM - 7 Aug 2013,MakeItCount_CC,,709,604,"Bentonville, Arkansas","36.302275,-94.2815832333333",TV News Anchor/Reporter; Loves all sports especially Football & Big Soccer Fan since W-Cup; Try to Make Each Day Count; Christian and Thankful.
wx,12:33 PM - 26 Apr 2012,BobPackWX,,124,9,,,"Partnered with KBTX Media sending live reports, images and video of current severe weather events to the media and NWS. Experiencing the forces of nature!"
news,6:29 AM - 20 Aug 2015,hashjaipur,http://edufive.com/services,1662,1697,"Jaipur, Rajasthan India","26.91612,75.8204",Finding latest news about #Jaipur and RT them.What's happening in #PinkCity #Jaipur? Part of the #NetworK (@hashNetworK) & Managed by @edufive.com team . #FF
journalist,2:39 PM - 14 Jan 2014,S_ESQUIVEL_TV,,213,169,"Tyler, TX","32.35126,-95.3010599","Award winning journalist, news reporter at KYTX - CBS 19. Have story ideas? Send them my way! Sesquivel@cbs19.tv"
fire/emt,12:00 PM - 19 Jan 2010,TeamRubicon,https://teamrubiconusa.org,26865,1625,Worldwide,,Team Rubicon unites the skills and experiences of military veterans with first responders to rapidly deploy emergency response teams.
news,9:46 PM - 19 Jan 2014,AmbulanceNews,,257,2,,,"Ambulance news, created by @KrtNthny"
journalist,2:17 PM - 5 Jan 2011,garymasonglobe,http://globeandmail.com,14774,1038,Vancouver,"49.26089,-123.1139299","Author, Globe and Mail columnist, political commentator, front yard mushroom farmer and unabashed Seahawks' fan."
wx,10:12 AM - 18 Jul 2008,WSBT,http://www.wsbt.com,68344,8669,"Mishawaka, IN","41.66199,-86.1586099","First. Fast. Accurate: Welcome to WSBT-TV. This is your home on Twitter for the latest news, weather and Notre Dame sports."
fire/emt,12:17 PM - 13 Jan 2011,CERT_TEAM,,5372,5689,"St. Louis, MO","38.62727,-90.1978799","Community Emergency Response Team Communications of National/Local Interest [St. Louis Co., Missouri] Create Plan | Make Kit | Be Informed"
news,10:04 AM - 18 Mar 2009,Cebuinformer,http://cebuinformer.com/,4434,2073,Cebu,"10.45,123.84","Cebu News, that's what you get from us. From A - Z"
news,1:43 PM - 24 Dec 2008,StevensPointJrl,http://www.stevenspointjournal.com,3628,325,"Stevens Point, Wis","44.52292,-89.5741099",Stevens Point Journal Media provides updated news and information from Portage County and Central Wisconsin 365 days a year.
police/traffic,2:43 PM - 12 Aug 2009,TotalTrafficLA,http://totaltrafficla.com,16599,510,Southern California,"34.021965,-118.285864851123",We provide you w/ LIVE TRAFFIC updates for #SoCal 24/7/365! Got a tip? Tell us about it on the @RalphsGrocery Saving You Time Traffic Line: (888) 500-5003
news,10:01 AM - 23 Mar 2012,MarkKurtzWAVY,http://www.WAVY.com,1292,725,"Hampton Roads, VA","36.97514,-76.3496599","News Director, WAVY-TV"
govt,6:22 AM - 21 May 2010,02Cents0,,1555,1595,"Land O'Lakes, FL","28.22693,-82.4569799",A Future To Believe In: Demanding a government that works FOR the people.
journalist,3:03 PM - 30 Mar 2011,fwhanna,http://www.star-telegram.com,1757,1460,"Fort Worth, Texas","32.75317,-97.3327399",Breaking news/enterprise reporter for the Star-Telegram. Write for the web and print.
wx,2:41 PM - 9 Apr 2010,ArkansasWeather,,7185,157,"Fayetteville, Arkansas","36.11328,-94.2149172882682",Certified Broadcast Meteorologist #133 Damon Shaw giving weather updates and breaking warnings for Arkansas.
wx,3:45 PM - 26 Jun 2009,ed_buckner,,18275,1160,Little Rock,"34.74648,-92.2895899","Forecasting Arkansas Weather, Chief Meteorologist KTHV-TV #TEGNA @THV-11 @ed_buckner, #ARWX"
journalist,4:46 AM - 10 Apr 2011,NuwanSe,http://nuwansenarathna.wordpress.com,342,296,Sri Lanka,"7.23714,80.82092","Journalist (Undergraduate) Dreamer, #Cricket lover, “views are my own” and “RTs aren't endorsements”"
journalist,11:12 AM - 4 Jun 2012,jennichongCom,http://www.jennichong.com,1350,1306,New Zealand,"-41.5000799,172.8344","I am a writer and songwriter but on the side, I am a fabulous quilter, and a watercolorist."
police/traffic,8:22 AM - 12 Oct 2011,arkansas911news,http://www.arkansas911news.com,1308,5,"garland county, AR","34.54889,-93.1838499","highway crash and other arkansas 911 related video. also offering custom, die-cast police car replicas of YOUR department for sale."
fire/emt,10:38 PM - 28 Feb 2017,maddogkujo,,28,147,"San Diego, CA","32.71742,-117.1627699","Fire Apparatus and Aviation Photographer, San Diego native, and expert at telling people where to go."
news,4:10 PM - 15 Jan 2014,MadTrib,http://www.maderatribune.com,558,130,"Madera, California","37.17162,-119.7737899","A biweekly newspaper serving the heart of California since 1892. Visit us at 2590 Mitchell Court, Suite 107, in southwest Madera. Call us at 559-674-2424."
disaster/accident,2:37 PM - 30 Sep 2009,IBTimes,http://www.ibtimes.com,123772,41,"New York, NY","40.73059,-73.9865799","Real-time news, intelligence and analysis on the forces reshaping the global and national economies."
journalist,3:19 AM - 27 Oct 2010,mitchmitchel3,http://www.star-telegram.com,6057,6599,Fort Worth,"32.75317,-97.3327399",Reporter covering courts and crime for the @StarTelegram
police/traffic,8:34 AM - 20 Apr 2013,MinneapolisPD,http://www.insidempd.com,20727,160,Minneapolis,"44.97729,-93.2654599","Commitment, Integrity & Transparency. This is the official account for the MInneapolis Police Department"
journalist,7:55 PM - 8 Oct 2008,ndhapple,http://newsjustdropped.tumblr.com/clips,3754,709,"Austin, TX","30.27112,-97.7436899",".@Statesman reporter // Tips: nhicks@statesman.com; 512-445-3617; DMs! // Bylines: @nypost, @nydailynews, @expressnews, @teamtrace // RT=RT // SF expat"
news,7:02 PM - 22 Nov 2009,KolHaolam,http://KolHaolamDaily.com,52129,0,,,First in Jewish and Breaking News . Email signup@kolhaolamdaily.com to receive our daily email FREE! . For ads: 347-625-7489 . Email ads@KolHaolamDaily.com
news,11:43 PM - 23 Jul 2015,btcnws,http://btcn.ws,687,274,,,Delivering the latest #BTC news. #Bitcoin #Blockchain #FinTech Donations Accepted: 15VKgKUkCF4Ty7RjWms5eG29FgbELSqpFK
disaster/accident,10:14 PM - 30 Jan 2012,LiveCrimeAlerts,,363,98,U.S.A,"31.19327,30.05401",No Crime Scene Is Too Small
news,6:35 PM - 17 Dec 2014,ColineSmetaniuk,,16,33,,,Music News News
news,3:25 AM - 20 Apr 2013,Kingsblogger1,http://bhive.ca/network,2340,2469,"Los Angeles, CA","34.05439,-118.2439399",Carpe Diem! Sharing local news & things I find interesting things for the BHive News Network @bhivec2.
news,2:01 PM - 6 Oct 2013,lowelljournal,http://tbnn.it/lowell,913,271,"Lowell, MA","42.63342,-71.3161699","Curating the best media feeds in Lowell. Part of the 400-city The Breaking News Network, the largest community news network supporting the social good"
news,3:48 PM - 23 Apr 2014,CFNewsToday,,3103,1930,,,Cystic Fibrosis News Today is a digital news publication dedicated to offering comprehensive daily news coverage of CF.
govt,1:26 PM - 1 Oct 2008,alemlek,,522,1035,New York City,"40.73059,-73.9865799","Government of the people, by the people, for the people, shall not perish from the Earth. - Abraham Lincoln | Advocate"
journalist,8:46 PM - 12 Mar 2013,rachelcocard,http://www.wintv.com.au/,459,288,"Traralgon, Victoria","-38.1946399,146.53823",Chief of Staff & Reporter @WINNews_Gip. Got a story? cocardr@winvic.com.au
journalist,10:18 PM - 25 Apr 2013,anneleaderegval,,407,296,"Alabama, USA","33.25888,-86.8295299","Volunteer Chapter Lead for Moms Demand Action AL. Views my own. Native Texan. Former New Yorker. Former Georgian. If you've come to hate, you'll be blocked"
journalist,7:28 AM - 14 Mar 2008,aravosis,http://AMERICAblog.com,62372,1269,"Washington, DC","38.89495,-77.0366399","Digital strategist & Editor @AMERICAblog. LGBT advocate. Past: UN, Economist, Senate. Called “wacko” by Rush. ""She persisted"" swag: http://ResistTrumpInStyle.com"
news,12:56 PM - 2 Dec 2014,Nashville_News_,http://www.newslocker.com/en-us/region/nashville/,369,548,,,Find your latest news about Nashville with just one click. Don't miss out on anything happening in your region!
news,7:56 PM - 14 Mar 2009,ticklethewire,http://www.ticklethewire.com/,1528,1627,washington d.c.,"38.89495,-77.0366399",The Latest in Federal Law Enforcement News
journalist,10:31 AM - 15 Nov 2010,andythomson_pog,http://pogamasing.com,42,72,"Toronto, Lake Pogamasing",,"Outdoor enthusiast and family historian. Author of: ""Write Soon and Often -The Life of a Bomber Pilot Through His Letters Home"" and ""Pogamasing."""
wx,3:42 PM - 19 Sep 2009,AlbertR_KVUE,http://www.kvue.com/on-tv/bios/78339172.html,9147,5244,"Austin, Texas","30.27112,-97.7436899",KVUE Chief Meteorologist
journalist,6:36 AM - 1 Aug 2016,KATVChrisMay,http://katv.com/station/people/chris-may,740,161,"Little Rock, AR","34.74648,-92.2895899",News anchor @KATVNews
wx,11:47 AM - 12 Dec 2012,EdCaly5,,672,358,"Owasso, OK","36.26615,-95.8549399","Husband, Dad, Meteorologist, Storm Chaser, Harley Rider, NASCAR Fan, Manchester United FC Supporter"
wx,9:03 AM - 19 Mar 2009,brandonbeckky3,http://www.ky3.com/weather,8731,251,"Springfield, MO","37.21533,-93.2982499",Morning Meteorologist at KY3 for 20 years. Father to three young men. Drummer. Essentially bald.
wx,2:20 PM - 28 Jul 2009,Marissa_Scott,http://www.tucsonnewsnow.com/weather,1117,1034,"Tucson, AZ","32.22174,-110.9264699",@TucsonNewsNow Weekend Meteorologist. ASU alum. MSU student. CA girl living in AZ. Jesus Follower. Future World Traveler. Rylee's momma. Romans 12:2
fire/emt,11:56 AM - 9 Apr 2009,NorthwestFire,http://www.northwestfire.org/,7361,182,"Tucson, AZ USA","32.22174,-110.9264699","At Northwest Fire District, our mission is to save lives, protect property, and care for our community."
govt,10:32 PM - 18 May 2009,valenzuelacity,http://www.valenzuela.gov.ph,48886,500,"Valenzuela City, Philippines","14.57118,121.02411","Official Twitter account of the City Government of Valenzuela. Tayo na, Valenzuela!"
police/traffic,10:44 AM - 31 Aug 2011,TPSHomicide,http://www.torontopolice.on.ca/homicide,8541,409,Toronto,"43.65292,-79.3848999",Toronto Police Homicide Official~416-808-7400~Not monitored 24/7~Report crime 416-808-2222 or 911 Emerg~TDD 416-467-0493
wx,7:57 PM - 13 Sep 2010,ronnieprcin,,173,562,"Temple, Texas","31.0982,-97.3427799","Photography enthusiast, Weather Nut, Baylor Bear fan!"
journalist,7:27 AM - 28 Apr 2012,jyotitiwari05,http://jyoti-koshishjaarihai.blogspot.in/,4709,553,"Noida, India","28.57264,77.35476","Author ,men's well being expert , Enterpreneur , Proud mommy and wife , #LetsTalkAboutMen #Anuurag"
news,4:43 PM - 23 May 2009,martinetics,http://www.martinetics.com,146,39,Sydney,"-33.8548099,151.21645",We post #alcohol related news (with an Oz emphasis). We support the responsible consumption of alcohol. Account by @BeliefMedia.
journalist,7:06 PM - 9 May 2011,Carin_McLeoud,http://www.madamkistulot.net,967,385,"Portland, OR","45.52024,-122.6741899","Writer, Hypnotist, Proud Twitter Cheerleader/Morale Booster! 頑張って！日本語を勉強してる。 I am /that/ Madam Kistulot. Avatar by @MutexAlice"
journalist,3:33 AM - 23 Apr 2014,Mabrur00,https://www.twitter.com/mabrur00,6299,384,"Dhaka, Bangladesh","23.75935,90.37881","Social Media activist, Human rights worker, writer, Freelance journalist, translators and script writer"
journalist,11:32 PM - 4 Mar 2011,FarEasterner,http://fareasterner.wordpress.com,1771,381,Far Eastern Russia,"59.33343,137.388823576474","Traveler, writer & historian"
news,3:53 PM - 8 Jul 2012,jimlockwoodshow,http://JimLockwoodShow.com/,5776,481,"DC, District of Corruption",,"Only blind lawyer on radio. Where we #FightTheBlind. LIVE weekdays 10PM - 12AM EST @TuneIn, @RedStateTalk & facebook. Plus YouTube uploads daily #Trump"
journalist,12:23 PM - 21 Jan 2014,marcyjcook,http://mjcook.org,2203,950,Canada,"61.06669,-107.9916999","Writer & trans diversity advisor. @TheMarySue, Panels, @BookRiot, http://mjcook.org , Atlantis Magazine, creator of #transcomicsmonth"
journalist,9:11 AM - 3 Feb 2009,enjen99,http://cash.me/$JenniferAvril,1351,1894,Help fund @Activist_Basics at:,,Media Punk. Writer. Podcaster. @TheBodyDotCom @teamhumanshow @rushkoff @Activist_Basics
news,8:05 AM - 15 Jul 2009,JMKDANNnews,http://www.kajoyfulnesstv.tumblr.com,336,879,"Davao City, Philippines","7.226505,125.454882971014",The Official Twitter account of KaJoyfulnessNEWS (JMK-DANN News) and KaJoyfulnessTV Philippines for News/Talent Updates and Information.
police/traffic,9:40 AM - 13 Mar 2017,MaccSgtDegg,,105,30,,,"Macclesfield E Block Sgt, Cheshire Police"
journalist,4:11 AM - 10 Jun 2015,KirenRijiju,,349416,239,"New Delhi, India","28.61389,77.21595","Minister of State for Home Affairs, Govt of India. MP from Arunachal Pradesh. Words from the heart, views from the mind."
journalist,10:16 AM - 8 Jun 2009,therealfasih,http://newsweekpakistan.com,12415,1585,,,"Editor, Newsweek Pakistan"
fire/emt,11:59 AM - 5 Aug 2009,SLCScanner,http://www.broadcastify.com/listen/feed/18656,3432,750,"West Valley City, UT","40.69161,-112.0010499","Tweets are my own/NOT CONFIRMED, NO connection w/Police, Fire, or Medical. Scanner feed for ENTERTAINMENT LISTENING ONLY. Paypal Donate: slcscanner@yahoo.com"
news,6:08 AM - 6 Mar 2017,NorthKorea247,http://amzn.to/2oA7LSt,410,45,Global,,Tweeting The Very Latest Up-To-The-Minute Comprehensive News Relating To North Korea - #northkorea - 24/7
disaster/accident,10:30 AM - 21 Jun 2010,NatShupe,http://www.usfreedomarmy.com,129097,127913,"Las Vegas, NV","36.16628,-115.1492199",#Constitutional #Conservatarian / Gym Rat / 4th Degree Kenpo / Braves & Falcons Fan. UNLV alumni. ΜΟΛΩΝ ΛΑΒΕ #2A #WAR / married to @JuliaShupe33
fire/emt,6:49 AM - 9 Aug 2013,SWPAFireAlerts,,2479,199,"Pittsburgh, PA","40.44169,-79.9900799","Fire/Rescue alerts for SW PA including Allegheny, Beaver, Butler, Washington and Westmoreland Counties *NOT AN OFFICIAL ACCOUNT FOR ANY COUNTIES INVOLVED*"
fire/emt,8:27 PM - 26 Dec 2015,Rick3e9Mgt,http://www.nwemergency.com,42,96,"Sioux Falls, SD USA","43.54997,-96.7003199",Northwest Emergency Management - Comprehensive Integrated Emergency Management Solutions
news,8:52 PM - 15 Mar 2014,boomlive_in,http://boomlive.in/,3965,697,"Mumbai, India","18.95238,72.83271","#News #BizNews #FactCheck #FakeNewsPolice. India's first independent online resource to cross check urban legends, myths, rumors spread through social media"
journalist,3:06 PM - 20 Aug 2010,EmeboTony,http://owelafrik.com,332,951,"Lagos, Nigeria","6.45505,3.39417",Economist. Writer. Lover of good music. #Dream_Chaser. #Positive_Thinker. #TeamBarca
journalist,8:46 PM - 24 Apr 2009,maxkolonko,http://maxkolonko.com,68487,6,New York City,"40.73059,-73.9865799","producer/director/author/writer/broadcast journalist, former White House correspondent"
news,4:11 PM - 14 Jul 2010,andyjameshicks,,2756,2250,London/Leeds/Ottawa.,,Sarcastic elitist. Pessimistic atheist. Libertarian socialist. McDonnellite Corbynista. #DailyFail #THFC #MiddxCCC. Social Media @labourleft. Tweets are my own.
journalist,8:34 AM - 20 May 2013,kmohloboli,,1260,314,"Maseru, Lesotho","-29.3100499,27.47822",US Embassy-Maseru Investigative Journalism Initiative 1st Prize winner 2016/2017. MNN CIJ Investigative Journalist - Lesotho Times & Sunday Express Newspapers
disaster/accident,8:18 PM - 26 Apr 2008,kerrence,https://www.youtube.com/watch?v=5XIsKiVZPb8,977,603,"Hitler, North Dakota?",,old woman yells at sports || #wxtwitter || Simpsons & Star Wars refs || #LetsGo
news,5:25 PM - 6 Nov 2007,DomPost,http://www.dompost.co.nz,45072,816,"Wellington, New Zealand","-41.2887599,174.77722",News from The Dominion Post newsroom.
police/traffic,7:09 PM - 1 Nov 2016,SoCalPursuits,https://socalpursuits.wordpress.com/,2039,530,Inland Empire/Los Angeles,,COVERING INLAND EMPIRE/ORANGE CO./LOS ANGELES/SAN DIEGO/RIV. CO PURSUITS! LIVE & ACCURATE #Police #CHP PURSUITS! ALSO BREAKING NEWS!
journalist,4:32 PM - 24 Jun 2012,skimlines,http://www.skimlines.com,1864,1981,New York State,"43.15616,-75.8449899",Writer & Artist of comic book The Herder Witch (Morie the Witch). Eng/한 bilingual AsAm from Korea in the US. #allblacklivesmatter skimlines(a)gmail
news,6:56 AM - 20 Aug 2009,MihaiScorobete,,785,660,On the Web,"48.42964,-123.3683399",Computer freak & all-round news junkie
journalist,4:00 AM - 12 Feb 2010,capt_ivane,https://www.facebook.com/capt.ivane/,7089,199,"Indira Puram, Ghaziabad",,Tv Journalist | Loves Uniform | Covers Crime-ED-CBI-Internal Security |
govt,10:29 AM - 18 Nov 2015,ProvCityCouncil,http://www.council.providenceri.com,786,596,"Providence, RI","41.82398,-71.4128299","We are the legislative branch of government for RI's capital city, serving and celebrating each of Providence's distinct and vibrant neighborhoods."
news,2:49 AM - 14 Nov 2012,SundayTimesZA,http://www.sundaytimes.co.za/,274407,298,South Africa,"-28.8166199,24.99163","The Sunday Times brings you news, investigative expose, sport, opinion, entertainment plus so much more. For subscription queries - 0860-525-200"
journalist,12:43 PM - 28 Aug 2012,AliceMasci,https://basic-luxuries.myshopify.com/,618,670,"Atlanta, Georgia","33.74909,-84.3901799","Christian, Writer, Work At Home Mom, Happy Wife, Door opener for sweet dog, Mom to 5 amazing boys, Trump Supporter"
news,6:59 PM - 7 Mar 2007,blogdiva,https://www.paypal.me/blogdiva,28972,3779,my radical ideas infecting you,,"anti-fascist contagionista. multilingual afroboricua. shmears gossip, news, sports & tech w/humor & profanity. #PRExit'ista"
police/traffic,9:24 AM - 6 Aug 2013,ChiefCMagnus,https://www.tucsonaz.gov/police,2909,1242,chris.magnus@tucsonaz.gov,,"Tucson, Arizona Police Chief and active community member. Tweets are my own views, but you probably figured that out!"
news,5:24 PM - 10 Feb 2009,KSLA,http://www.ksla.com,59123,475,Shreveport∙Texarkana∙Marshall,,"Coverage You Can Count On for the ArkLaTex Official page for KSLA News 12 (CBS, Raycom) News tip? Call (318) 677-6713 or email us at ksla@ksla.com"
police/traffic,2:07 AM - 11 Jan 2016,PoliceMedics,http://www.policemedics.weebly.com,2859,462,UK,"54.70235,-3.2765699","Raising awareness of the work and training of public order and firearms #policemedics within the UK police services: the basics, done well, always."
news,2:58 PM - 9 Oct 2016,MadePressAUS,https://Australia.MadePress.com,523,663,Australia | Global,"-27.4978349,153.014490558036",Australia Headlines Made The Press
journalist,6:25 PM - 1 May 2009,tracihallauthor,http://www.tracihall.com,4029,4999,Lauderdale by the Sea,"26.19202,-80.0964299","USA Today best-selling romance author, food lover, coffee addict, wine enthusiast"
fire/emt,12:05 AM - 1 Mar 2015,DohaFireStation,http://www.firestation.org.qa,835,7,"Doha, Qatar","25.30149,51.4996620296742",Artist in Residence
news,10:31 PM - 27 Apr 2015,3NovicesChennai,http://www.3noviceschennai.tk,1131,560,"Chennai, India","13.07969,80.28295","The First Online Media Updater Founder Meghashyam, Bharath, Vaishnavi"
news,1:36 PM - 16 May 2014,AfricaStudies,,110,292,,,Posting recent news and journal pieces related to Africa (disclaimer- posting or RT is not an endorsement or verification of content)
fire/emt,11:04 AM - 13 May 2014,NYPFirearmsUnit,http://www.northyorkshire.police.uk,3627,333,North Yorkshire,"54.090685,-1.53422232695036",Official Twitter account of the North Yorkshire Police Firearms Support Unit. Don't use Twitter to report crime or incidents. Call 999 or 101.
wx,11:20 AM - 11 Feb 2012,krishudsonwx,,178,285,"Bryant, AR","34.59592,-92.4890399",Broadcast Meteorology student at Mississippi State University! Native Arkansan! Love all things weather. KARK/KLRT Weather Intern. #arwx
news,2:54 AM - 24 Sep 2010,JaiveerShergill,http://www.jaiveershergill.com,15616,115,"New Delhi, India","28.61389,77.21595","Supreme Court Lawyer, Congress (INC) National Media Panellist, hobby flyer-Private Pilot License Holder"
wx,10:14 AM - 3 Mar 2009,themahler,http://www.news9.com/story/11654991/matt-mahler,7240,1129,"Oklahoma City, OK","35.47298,-97.5170499",Meteorologist at OKC CBS affiliate @NEWS9. Sooner grad. On air every weekend morning from 5 to 8 AM! Husband to @caramahler. Father to #SilasTheodor
news,1:11 PM - 31 May 2013,silverscreenin,http://silverscreen.in,30379,73,USA,"39.78373,-100.4458799","Silverscreen Media Inc. Your one stop source for Indian movies. The occasional book. Photos. News, Interviews. Reviews. For longer sentences, visit us online."
wx,9:22 AM - 16 Jul 2008,JRukavinaWPSD,http://www.wpsdlocal6.com/weather,7233,2556,WPSD Chief Meteorologist,,"Weather ALL the time, Supermom, BROWNS fanatic, and friend of the outdoors! Paducah gives me perpetual weather challenges which makes me love my work!"
journalist,12:41 AM - 6 Feb 2010,TheMattBRoberts,https://www.instagram.com/nofoolingproductions/,43728,103,Los Angeles,"34.05439,-118.2439399",writer/Executive Producer on Outlander
news,3:21 AM - 26 Nov 2015,hindupost,http://www.hindupost.in,3751,16,,,"HinduPost is an initiative of the Hindu Media Forum, to provide the correct perspective on issues concerning Hindu society."
disaster/accident,4:05 PM - 6 Apr 2014,emergencyglobal,http://twiends.com/emergencyglobal,2474,258,worldwide,,"Worldwide Disaster Alerts / Alertas sobre desastres, emergencias, sismos relevantes, tsunamis y volcanes."
fire/emt,3:31 AM - 30 Mar 2011,northantsfire,http://www.northamptonshire.gov.uk/fire-incidents,11179,152,,,"We are unable to respond to tweets, please direct all enquiries to 01604 797000 or enquiries@northantsfire.org.uk. Do not use Twitter to report emergencies."
wx,11:20 AM - 23 Apr 2013,KLTVWeather,http://www.kltv.com/weather,1495,41,East Texas,"40.54759,-75.5612899","First Alert meteorologists Mark Scirto, Katie Vossler, and Jessica Faith bring you the latest and most accurate weather information for East Texas."
news,6:02 AM - 20 Apr 2011,Dukascopy_News,http://www.dukascopy.com/swiss/english/marketwatch/market_news/Market-News-and-Research/,1481,185,"Riga, Latvia","56.94939,24.10518","Get the latest news, research and analysis on major forex currency pairs."
journalist,11:57 AM - 29 Jul 2011,Rami_Zien,https://www.facebook.com/shamsal7uria,8788,240,Syria,"34.64018,39.04941","Syrian journalist, former E.Aleppo. residence,former photographer @REUTERS ,freelance editor @liveuamap fighting 4 humanity&freedom. my tweet is my own opinion."
police/traffic,8:55 AM - 31 Dec 2010,LAPDCARRANZA,http://www.lapdonline.org/lapd_command_staff/comm_bio_view/51917,1962,882,"Los Angeles, CA","34.05439,-118.2439399",Captain- Los Angeles Police Department Van Nuys Area. http://www.lapdonline.org/lapd_command_staff/comm_bio_view/51917 … home / inside the lapd /
journalist,10:17 PM - 22 Sep 2011,SandraEckersley,https://www.spreaker.com/user/auspollive/cheryl-kernot-shane-withington-blue-sky-,2887,70,Sydney AUSTRALIA,"-33.8548099,151.21645","Writer, Ideas Broker and Devil's Advocate. Committed to exposing hypocrisy - no exceptions. 'I know a con when I see one'. Not afraid to speak the truth."
news,8:30 AM - 14 Jun 2015,hallidaygmf,http://www.nigeriatalkingdrum.com,18585,19778,Nigeria,"9.60003,7.99997",KINDLY FOLLOW ME ..& stay updated with JUICY news around the world .. + FUNNY QUOTE . real name JESSE HALLIDAY IG jesse.halliday
journalist,2:52 AM - 10 Aug 2014,SteveNews1,http://www.visionsteve.blogspot.com,1116,641,New Delhi,"28.61389,77.21595","Journalist @News18Tamilnadu , Views are Personal , not my employer's"
news,8:34 PM - 7 Dec 2012,SocialInNorfolk,,11890,10781,"Norfolk, VA","36.88899,-76.2481599",News Music Entertainment Announcements What's Happening In Norfolk Join the Fun! Have an Event? We'll announce it! Add it Here: https://www.spingo.com/submit/?partnerId=1616 … FREE!
news,1:50 PM - 1 Jun 2009,worldnetdaily,http://www.wnd.com,71135,441,,,"A Free Press for A Free People. Founded in 1997 by @josephfarah, http://WND.com  is oldest indy news site on the Internet. GAB-https://gab.ai/WND"
news,9:43 AM - 28 Jun 2014,Lucknow_News,http://www.newslocker.com/en-in/region/lucknow/,462,526,,,Find your latest news about Lucknow with just one click. Don't miss out on anything happening in your region!
journalist,5:01 PM - 3 Apr 2009,MsKittenBlack,http://www.IAMKittenBlack.com,544,191,Augusta Georiga,,Laughing at Life i can't wait to write my book
news,5:04 PM - 14 Apr 2010,ndiblasio,,16022,3210,"San Francisco, CA","37.77928,-122.4192299",Head of social media @WIRED. Previously @USATODAY. Also: Marathoner. Triathlete. Loud laugher. Cat lady. Always hungry. Usually smiling.
news,9:41 AM - 17 Sep 2011,GersFamily,http://GersFamily.com,19394,15433,Glasgow / Uk,"55.85665,-4.2435799","All the latest from Gers sites, forums, blogs and key national / regional news sources 24/7. #GersFamily"
news,12:40 AM - 16 Sep 2010,TheUberNews,,9621,1725,,,"Breaking news about Uber, curated by @quiboatnews."
news,5:51 AM - 30 Sep 2013,newstome72,http://alternativenewstome1.com/,19143,5249,,,"Conservative News, Geoengineering, Environment,Survival, and Alternative News-Veterans News"
journalist,4:04 PM - 2 Jan 2011,IlanaMercer,http://www.ilanamercer.com/cannibals-pot/,3905,1667,USA,"39.78373,-100.4458799","Author: 'The Trump Revolution' & 'Into The Cannibal’s Pot' (http://amzn.to/2bSIOK7 ). Columnist: Daily Caller, Unz Review, American Thinker, Townhall, etc."
journalist,6:20 AM - 14 Apr 2009,neeleshmisra,http://www.neeleshmisra.in,40780,760,Mumbai,"18.95238,72.83271","Radio storyteller, journalist, author, lyricist. Founder, @GaonConnection rural platform (http://gaonconnection.com ). Ex @AP @htTweets manager@contentproject.in"
news,7:53 PM - 25 Jun 2009,su_z_t,http://c4lafs.com,1525,2994,"Hawaiian Paradise Park, HI","19.58482,-154.9725199",#reSister MSW Community gardener steering 4 #equality #hope Here to validate you & #RestoretheVRA News Synthesizer #c4lafs BIG ISLAND TOUR GUIDE #peace
news,8:41 AM - 31 Dec 2009,BBCLeicester,http://www.bbc.co.uk/radioleicester,72319,363,"Leicester, UK","52.63678,-1.1312199","Latest news, sport & features from BBC Radio Leicester. Listen to us on 104.9 FM, DAB digital radio and online at http://bbc.co.uk/radioleicester"
wx,10:10 PM - 19 Sep 2009,roe_luke,,63,187,Arkansas,"35.20488,-92.4479099",Police Officer. Guitarist. Paramedic. husband. Weather Fan. NWS trained weather spotter. Real Estate.
journalist,10:35 AM - 31 May 2011,davis_diana,http://www.kait8.com,4034,1120,"Jonesboro, AR","35.84286,-90.7034499","KAIT-TV News Anchor, Reporter, Mother, Red Wolves & Jayhawks fan, constant collector of story ideas and cheerleader for my kids."
journalist,5:59 PM - 9 Oct 2009,AhmadiyyaTimes,http://www.timesofahmad.com,20078,94,Available around the globe,,The world's most updated independent source of public news relating to all things faith-Islam-Ahmadiyya by Ahmadiyya Times | Editor https://twitter.com/ijattala
news,3:51 AM - 8 Apr 2009,CornishGuardian,http://www.cornishguardian.co.uk,20517,693,,,"News from the seven editions of the Cornish Guardian: Newquay, St Austell, Fowey/Lostwithiel, Bodmin, Wadebridge/Padstow, North Cornwall and South East Cornwall"
news,7:56 AM - 29 Mar 2016,RiftNewsKe,http://www.riftnews.co.ke,386,596,"Rift Valley, Kenya","0.49976,35.2675956424792",Rift News your Greater Rift Valley premier news source #RiftNews #KOT
journalist,2:54 AM - 7 Nov 2014,DGutierrezABC57,https://www.facebook.com/dianagutierrezabc57/,377,436,"South Bend, IN","41.68338,-86.2499999",@ABC57News Reporter. @CMNDePaul. @depaulcheer. @NAHJ_chi. dgutierrez@abc57.com
disaster/accident,5:42 PM - 29 Dec 2015,LearningArmy,http://www.army.gov.au,4528,1005,Australia,"-24.7760999,134.755","Mick Ryan on command, leadership, and military education & training | Member @MilWritersGuild | President @DEF_Aus | @SAISstrat alum"
wx,1:41 AM - 7 Jun 2010,Theophany1,http://bit.ly/1bx3GjQ,1861,40,London Luton Airport Webcam►,,"This Profile is at the centre of all global weather conditions, and is the nucleus of all earthly upheavals. Extreme Weather NewZ & RT [The quickening]"
journalist,7:20 AM - 9 Sep 2012,RahaBahreini,,691,224,London,"51.50732,-0.1276399","Amnesty International's Researcher on Iran, Human Rights Lawyer, views r my own, RT not endorsement"
disaster/accident,1:23 AM - 4 Oct 2011,thorleystephens,http://www.thorleystephenson.com,1031,287,Edinburgh,"55.94956,-3.1914899","Thorley Stephenson are a firm of solicitors located in Edinburgh, Scotland. We specialise in court work, particularly criminal defence and family law cases."
journalist,7:33 AM - 7 Sep 2008,AieBalagtasSee,http://www.aiebalagtassee.com,1119,1916,,,Diarista. Journalist. Crime Beat. Filipino. My name is A (ey). Tweets do not reflect my employer's views.
news,1:47 AM - 6 Feb 2013,Dunja_Mijatovic,,15404,1184,,,"Media freedom, internet, communications expert, human rights advocate. Former @OSCE_RFoM"
news,1:18 AM - 13 Jul 2016,GibraltarOPress,http://www.gibraltarolivepress.com,513,663,Gibraltar,"36.14514,-5.3484799",The Rock's only investigative local newspaper. We care about #Gibraltar.
journalist,10:48 PM - 2 Dec 2010,SongezoZibi,,46502,1267,Gauteng,"-25.9363399,28.08131",Former editor of the Business Day. Author. Speaker. This is my personal account and views are mine.
journalist,3:20 AM - 30 Dec 2009,sayednaazMIRROR,,737,303,"Mumbai, India","18.95238,72.83271","working with Mumbai Mirror as a special correspondent and the author of Six minutes of terror, specializes in crime reporting. Views expressed are personal."
disaster/accident,7:08 AM - 28 Jul 2011,AugustaCrime,http://www.facebook.com/augustacrime,6011,2524,"Augusta, GA","33.47097,-81.9748399",Crime news UPDATED HOURLY.
journalist,11:08 AM - 26 Jul 2013,DathEmerson,,535,437,,,"semi-retired farmer,writer, columnist, shooter, fisher, live in coastal Wairarapa."
journalist,6:12 AM - 30 Apr 2009,tahirqadiry,http://www.mitramedia.tv,3441,552,Afghanistan,"33.00008,64.99984","Former Award-Winning BBC Correspondent, Documentary Maker || MA in Global Governance||Traveller|| Global Citizen || Tweeting mostly about Afghanistan"
journalist,8:42 PM - 26 Jan 2010,GehanDG,https://www.academia.edu/19445981/Confronting_the_Complexity_of_Loss_Perspectives_on_Truth_Memory_an,1895,322,"Oxford, England","51.75201,-1.2578399","lawyer, academic, conservationist, author of 'Confronting the Complexity of Loss'"
news,6:21 AM - 12 Aug 2014,newsonthisday,,44,0,,,"The day's articles from On This Day, the BBC News showcase of stories from 1950 to 2005."
news,12:56 AM - 26 Dec 2016,KYC_Israel,http://www.kycisrael.com,742,982,Israel,"30.87602,35.00151",Breaking news and opinions from Israel
news,2:05 AM - 25 Aug 2009,Aircrews,http://aircre.ws,2059,74,Australia,"-24.7760999,134.755","Latest in #FlightAttendant, #CabinCrew & #FlightCrew news. Website at @flightorg, Account by @BeliefMedia."
news,9:37 AM - 27 Oct 2015,hashdehradun,http://edufive.com/services,965,527,"Dehradun, Uttarakhand","30.32556,78.04368",Finding latest news about #Dehradun n RT them.What's happening in #Uttarakhand #Doon ? Part of the #NetworK (@hashNetworK) & Managed by @edufive.com team
news,3:06 PM - 15 Aug 2012,S101_Live,http://www.spaceflight101.com,4983,273,,,"@Spaceflight101 Live Feed - Real-Time Play-by-Play of major Spaceflight Events, focused on Technical Aspects. For Space Station Live Coverage, go to @ISS101."
news,11:25 AM - 21 Feb 2012,MadonnArtVision,http://www.madonna-art-vision.com,4241,823,Paris,"48.85661,2.35149","Discover the artistic world of #Madonna, Interviews with artists, News, Creations, Videos, Music and MORE!"
wx,8:03 AM - 13 Sep 2016,GibraltarWx,https://wayne.weatherstem.com/gibraltar,82,1,"Gibraltar, MI","42.09504,-83.1896399",Providing real-time weather data for the Gibraltar School District
journalist,1:53 PM - 13 Mar 2015,amandablount2,https://gritshugsandsweettea.com/,16608,12565,"Tennessee, USA","35.773,-86.2819999",Retired #DOD & Army Officer / #Veteran / Now I fight *45 in #TheResistance / #Writer #Democrat / Loves #DRWho & Sci Fi / Sometimes snarky / RA & Fibro / #Resist
wx,3:54 AM - 24 Mar 2009,RobMarciano,,225536,670,New York,"40.73059,-73.9865799","Good Morning America / ABC News Meteorologist (CBM). Dad, husband, science guy, sports fan, and outdoor enthusiast."
news,3:13 AM - 13 Jan 2015,3L3V3NTH,http://www.GoFundMe.com/3l3v3nth,13574,270,Gaea,"8.38333,4.18333",RT = Marriage proposal! @me if you need secure \com/ channel http://www.instagram.com/3l3v3nth
wx,2:34 PM - 12 Feb 2014,BuzzFeedStorm,http://www.buzzfeed.com,128615,796,Global,,A weather wire for the social web. Reporting by @passantino and the @buzzfeednews team.
news,1:10 PM - 11 Jan 2009,Greatvine32,,179736,167460,The Universe,"55.04115,9.81037031196944","Creating abundance for individuals & companies thru social media / always giving, teaching, sharing, in the space of LOVE"
govt,9:32 AM - 20 Aug 2008,9grrepublican,,3535,887,The Milky Way,"-7.1280299,52.74483","fiscally conservative, supply side leaning, small government supporter. a firm believer that Enyimba is the best football team in the world"
news,5:40 PM - 9 Oct 2016,YasssNews,,595,13,,,"http://Yasss.com  is your curated news content site for the topics you care about most. Check in daily for updates about TV, Fashion, Movies, and more!"
wx,1:41 AM - 11 Apr 2009,WeatherZach,http://about.me/weatherzach,3731,2475,"Jefferson City, MO","38.57735,-92.1724199",Chief Meteorologist for KRCG 13 & KJLU FM. http://SeeDisclaimer.com  #MidMO #MidMOwx #CoMO #JCMO #LakeoftheOzarks #Weather #Science
journalist,1:55 AM - 19 Sep 2012,hardistymark,http://agremlinintheworks.co.uk/,2429,1644,Lave,"45.71546,10.41757","Midwife to @gamesbritannia. Loves Elite, kids making games and The Cannonball Run. 3 Education Awards. Author of the definitive Gremlin Graphics book!"
journalist,3:49 AM - 21 Nov 2009,MrsNickyClark,http://mrsnickyclark.com,11210,1948,"Shrewsbury, England","52.70788,-2.7539999","carer, writer, ""Don't play me,Pay Me""campaign (2008) promoting Disabled talent TV & Film Created #SheCantBeAutistic Diagnosed with autism in 2015, actor-ish"
journalist,5:28 PM - 20 May 2010,nlitvin,http://www.naomilitvin.com,7665,4499,Israel and USA,"30.74241,-94.8918699",Israeli/USA dual citizen. Author of We Never Lost Hope: A Holocaust Memoir & Love Story ~ Foreword by Sir Martin Gilbert ~ “It calls out to be read” ~
fire/emt,11:32 AM - 24 Feb 2013,Walton_FIRE,http://lancsfirerescue.org.uk,2239,2881,Lancashire,"53.861165,-2.54710734444445","Shaun Walton Group Manager, Response & Emergency Planning, Lancashire Fire + Rescue Service. (Account not 24hrs) @LancashireFRS. DO NOT REPORT EMERGENCIES HERE!"
journalist,2:46 PM - 1 Oct 2012,Rob_Bousfield27,,375,897,Merseyside,"53.49536,-2.97393690000001",Student Paramedic. @MerseysideScout Deputy County Youth Commissioner. Scouting and St John are my hobbies. Views my own
journalist,4:06 PM - 25 Nov 2008,JuanLlanos,https://www.linkedin.com/in/juanllanos,3660,94,"Manhattan, NY","40.79027,-73.9597199",#Blockchain/#FinTech/#Compliance Executive | Author of http://contrariancompliance.com  | #Bitcoin @TEDx Talk https://goo.gl/Y0WB9N  | @ConsenSysLLC #RegTech
journalist,12:24 PM - 4 Mar 2009,aronways,,66,219,"Leeds, England","53.79741,-1.5437899",Leeds gent. All views are my own.
journalist,11:50 AM - 17 Nov 2010,yemen_updates,,28350,1292,Yemen,"16.34712,47.89152","We tweet & RT news & views on Yemen & region. We support free nations based on tolerance, coexistance & public freedoms. ~ =Opinion"
news,8:00 AM - 16 Sep 2011,newstalkflorida,http://www.NewsTalkFlorida.com,29304,19394,Florida,"27.75676,-81.4639799",Covering Florida #news & #entertainment on the web and over the airwaves. AM 820/AM 1190 #Tampa #Orlando. Talent includes @DanMaduri #FloridaLive
police/traffic,9:26 AM - 14 Nov 2012,PD1179BEAR,https://www.gloucestershire.police.uk/,7064,1675,"Cheltenham, England","51.89956,-2.0711499",Police Dog 1179 BEAR - Triforce Dogs Glos - Handler Ex Royal Navy - Patrolling the County of Gloucestershire & watching the Sarge's back!
fire/emt,5:08 AM - 25 May 2013,meerutpolice,,5100,187,,,#police~Official Twitter account of Meerut Police. Pls do not report crime here. Not monitored 24/7. Dial 100 in case of emergency.
journalist,8:37 AM - 1 Aug 2012,neilcraven1,,1994,1046,London,"51.50732,-0.1276399","City journalist at a national newspaper. Brexit, business and billionaires. Direct Message open to contact for stories or just blowing off steam."
news,12:02 PM - 26 Apr 2013,NewsNigeria_,,1395,113,Nigeria,"9.60003,7.99997",Aggregating news Content from all over Nigeria (Formerly @GistaNigeria)
journalist,6:52 PM - 24 Jun 2009,nthakoana,http://www.nthakoana.wordpress.com,9019,185,"Maseru, Lesotho","-29.3100499,27.47822","Broadcast Journalist, Foreign Correspondent -SABC, Singer, Programme Director (MC), Communications Consultant"
journalist,7:47 AM - 21 Jan 2016,roy_rameshwar,,59,41,"New Delhi, India","28.61389,77.21595","Lieutenant General (Retd) #Indian #Army. Analyst #China, #Defence Policy & India's National #Security. Views strictly personal. Retweets not endorsements."
govt,11:59 AM - 23 Sep 2015,LisaMHayes5,,1050,1422,"Canton, Ohio","40.79895,-81.3784399",STOP the Islamisation of our Country/Government!Ban Sharia LawProtect woman and children from Islam!FGM!🛇 @POTUS #CloserNation NOT PC! Coffee!!
news,3:30 PM - 11 Jan 2013,LusakaVoice,http://lusakavoice.com/,3269,306,"Lusaka, Zambia","-15.4166899,28.28138",The most reliable and up-to-date news agency bringing you the most important news about Zambia. Check us out at http://lusakavoice.com
journalist,12:19 AM - 16 Aug 2011,GreenhalghSarah,,2400,1026,"Brisbane, Queensland","-27.4689599,153.02349",@7NewsQueensland Journalist | Email: sgreenhalgh@seven.com.au | Instagram: @sarahgreenhalgh
fire/emt,6:48 AM - 17 Dec 2015,ci_kavanagh,http://www.south-wales.police.uk,395,288,"Bridgend, Wales","51.557175,-3.56464483206522",South Wales Police Chief Inspector. Staff Officer to Chief Constable Peter Vaughan. Please don't tweet to report crime. Dial 999 in an emergency.
fire/emt,5:21 AM - 14 Nov 2011,cclark5771,http://Torontopolice.on.ca,821,348,"Toronto, On Canada","43.65292,-79.3848999",Toronto Police Service: Emergency call 911/ for Non-emergency call 416-808-2222. This account is not monitored 24/7. Email:corinne.clark@torontopolice.on.ca
journalist,8:37 AM - 6 Oct 2009,husainhaqqani,http://www.husainhaqqani.com,257551,1442,"Washington, DC","38.89495,-77.0366399",Director (South & Central Asia) Hudson Institute. Pakistan ambassador to US 2008-2011. Author of 'Pakistan Between Mosque & Military' & 'Magnificent Delusions'
govt,7:43 AM - 25 Mar 2014,bjpprakashmehta,http://www.PrakashMehta.in,6388,63,"Mumbai, India","18.95238,72.83271","Cabinet Minister Housing Department, Government of Maharashtra | Guardian Minister of Raigad District | 6 times MLA from Ghatkopar (E)"
journalist,5:43 AM - 30 Jan 2009,GossiTheDog,https://doublepulsar.com/,17023,802,"Liverpool, England","53.40547,-2.9805299",I tweet the weird stuff. Security Architect. Views do not represent my workplace. Writes http://doublepulsar.com  | Kevin.beaumont@gmail.com
journalist,1:22 AM - 13 Oct 2009,allthatchas,http://www.fourfourtwo.com/features/ozil-ronaldo-and-footballs-distrust-introverts,14410,1633,"Datchet, Windsor, UK","51.48384,-0.5784199","Pop culture, running, animal welfare, football and Krishna. Write for @Guardian, @Telegraph, @IndyVoices & @FourFourTwo. Author of several books."
news,5:20 AM - 5 Nov 2013,PGCommunity,http://www.palmersgreencommunity.org.uk,615,143,"Palmers Green, London N13","51.61832,-0.1104899","A community website for Palmers Green and neighbouring areas - news, what's on lists, community directory and forums http://www.palmersgreencommunity.org.uk"
disaster/accident,3:05 AM - 1 Jan 2016,ait_world,http://www.intelligence-training.com,49,83,"London, England","51.50732,-0.1276399","Intelligence analysis, technology and cyber security training. Government-grade solutions. Our work is exciting, innovative and discreet."
disaster/accident,6:24 AM - 6 Nov 2013,WW1SoldiersTale,http://www.ww1soldierstale.co.uk/blog/,3169,715,"Battersea, London","51.47079,-0.1722099","Get involved in the life of a #WW1 soldier through social media. Join Walter Carter, his family & friends as they experience life at home and at war."
news,3:59 AM - 18 Dec 2014,MalikZain92,http://www.minhaj.org,76494,77675,Pakistan,"30.33084,71.24749","Graphic Designer,Web Developer Photographer,Social Media Activist, ~Struggling 4 true Political & Democratic System in Pakistan~ #AdminYCA #TeamPAT"
disaster/accident,3:26 AM - 4 Aug 2009,unisdr,http://www.unisdr.org,47679,824,Geneva,"46.20175,6.1466","#UN Office for #Disaster #Risk Reduction, dedicated to helping the world raise #resilience, boost #sustainability and tackle #climatechange via a #switch2sendai"
disaster/accident,2:18 AM - 5 Mar 2009,OspreyBooks,http://www.ospreypublishing.com/,11727,1639,Oxford UK / New York City,,Osprey Publishing - The leading publishers of illustrated military history
wx,7:57 AM - 27 Apr 2009,WeatherBug,http://www.weatherbug.com,29430,1564,"New York, NY","40.73059,-73.9865799","See all the latest weather news, alerts, and tweets from WeatherBug. Know Before® severe weather arrives. WeatherBug is a property of xAd."
journalist,2:57 AM - 4 Dec 2012,alauraschneider,,9096,1246,"Berlin, Germany","52.51703,13.38885","Journalist. Working in international media development at Deutsche Welle Akademie. Formerly Spiegel Online, UNESCO. PhD on global press freedom. Views are mine."
journalist,12:02 AM - 5 Apr 2009,GW1962,http://www.thestar.co.uk,13525,2894,"Yorkshire and The Humber, England","53.930825,-1.16667950603184",Digital Journalist of Year 2011/12/14 O2 Yorks & Humber. Commercial Content Editor @yorkshirepost @leedsnews @sheffieldstar graham.walker@jpress.co.uk
journalist,11:25 PM - 28 Mar 2012,NormanDeArmond,http://enchantedgardenweddingchapel.com,9850,10538,"Palm Springs, Calif","33.82462,-116.5402999","Weddings&Pastoral Services, Author, Commentator, 2Free Novels: Usurpious http://heypcs.com/id508.html  Protophorous http://heypcs.com/id471.html"
disaster/accident,12:54 AM - 29 Oct 2015,EpukaUgaidi,http://www.epukaugaidi.com,3135,51,,,The Official Twitter Handle for #EpukaUgaidi giving you timely updates on Terrorism & Counter-Terrorism. RTs NOT Endorsement.
journalist,12:42 AM - 24 Mar 2012,gj_hart,http://gjhart.com,1210,1743,London,"51.50732,-0.1276399","Writer, Poet- a Wripoetert if you will. Stories published in The Molotov Cocktail,Jersey Devil Press, The Harpoon Review and others http://facebook.com/people/Gj-Hart …"
journalist,1:42 AM - 24 Feb 2011,naziasmirza,,2482,1819,,,"Policy development by day, enjoy writing poetry, short stories & singing by night - views own RT not endorsement etc"
journalist,3:12 PM - 20 Jun 2015,the_ocd_editor,http://ocdeditor.com,3060,3052,,,Editor (of words)
police/traffic,2:33 AM - 19 Aug 2011,GMPFederation,http://www.gmpfederation.com,5877,1640,Stockport,"53.4079,-2.1602399",Greater Manchester Police Federation. Here to assist in the welfare and efficiency of the force by influencing and debating important policing issues.
news,8:53 AM - 24 Aug 2011,oaklandtrib,http://oaklandtribuneblog.com,1195,629,"Oakland, CA","37.80445,-122.2713499","Oakland Tribune Ghost, Soul Of Oakland: Social Media News Blog #Oakland #OakMtg #oakmayor #CAPolitics #SF #Raiders #Athletics #Warriors #CalBears #socialmedia"
journalist,8:34 AM - 17 Jan 2012,PortadownTimes1,http://www.portadowntimes.co.uk,4856,347,"Esky Drive, Portadown",,Weekly newspaper. Email us at editor@portadowntimes.co.uk
journalist,4:48 AM - 30 Jan 2009,rldursin,,360,564,,,Teacher & learner; IB PYP coordinator; IBEN member; Ph.D. Applied English Linguistics. Views are personal.
news,3:05 AM - 28 Dec 2011,onein4,https://www.facebook.com/pages/Domestic-Violence-Murder-March-deadwomenwalking/731260833562881?ref=bookmarks,2783,120,UK,"54.70235,-3.2765699",Newsfeed of UK #domesticviolence murders est to claim the lives of 2 women a week yet often skimmed over by the media Tweets by @cctheatreco #DeadWomenWalking
news,7:42 PM - 25 Nov 2009,lopezgovlaw,http://www.LopezGovLaw.com,5512,1644,"Miami, Florida","25.77426,-80.1936499",Gov't Affairs Attorney | TV & Radio Analyst | Board: @AmericanCancer + @ACSCAN + @SFLRedCross + @BGCMia | Sponsor: @MiamiGives + @SurveySunday + @DailyPsalms365
news,9:59 PM - 11 Aug 2014,NepalNews247,https://twitter.com/nepalmedianews,7510,364,"kathmandu, News Nepal","27.7128,85.3228836538462",@Annapurna_Post @BBCNepali @Ekantipur_com @Nagarik_News @Online_Khabar @PahiloPost @Setopati @Saptahik @Ujyaalo [All Nepali News in One]
journalist,12:48 PM - 17 Sep 2012,WhittleseyOne,,1101,599,Whittlesey,"52.55501,-0.1226399",British citizen. Views posted are my own. #kingsdykecrossing #whittlesey #cambridgeshire #Peterborough #COPD #Brexit #FreePrescriptionsForAll #UKIP
fire/emt,3:50 AM - 23 Aug 2011,PoliceCrewe,http://www.cheshire.police.uk,8446,309,"Crewe, Cheshire","53.09961,-2.4414599","Crewe local policing unit - covering Crewe, Nantwich, Middlewich, Holmes Chapel, Sandbach and Alsager. Call 101 or 999 in emergency"
news,5:50 AM - 17 Apr 2008,ChadNews,http://www.chad.co.uk,9860,656,Mansfield,"40.75839,-82.5154399","The Chad - newspaper out every Wednesday, online every day. Got a story? Email newsdesk@chad.co.uk"
journalist,11:43 AM - 15 Jan 2010,RobDotHutton,http://www.roberthutton.co.uk/,19354,1258,London,"51.50732,-0.1276399","British politics for Bloomberg since 2004. Views not theirs. Author of Romps, Tots & Boffins and Would They Lie To You? The next book's about MI5 in WW2."
fire/emt,3:54 AM - 3 Jun 2016,SPS3368,http://www.northants.police.uk,1050,1459,Northamptonshire,"52.25,-0.8333299",T/SInspector working alongside Wellingborough & East Northants as well as a Safer Roads SC Please do not report crime on Twitter Call 101 or 999 in an emergency
journalist,11:31 AM - 18 Sep 2012,TelyDeb,,596,437,St. John's,"47.56148,-52.7125799",Web/copy editor at The Telegram
journalist,7:47 AM - 11 Apr 2011,paulbhutchings,http://pbhpsych.Wordpress.com/,1132,940,,,Experimental social psychologist researching prejudice & discrimination. All views just mine even if they should be everyone else's as well
journalist,7:46 AM - 18 Mar 2009,Bruceps,,83203,820,"Johannesburg, South Africa","-26.2049999,28.04972","Former Editor, Business Day & Financial Mail, Joburg. Ex Madrid, Bonn Corr & UK News Editor, Financial Times. Sharks, Saracens, Pirates, Spurs, Real Madrid.."
journalist,3:56 AM - 22 Apr 2012,tareksali1,,232,29,Syria,"34.64018,39.04941",Syrian writer and field reporter news reporter at al-alam tv @alalam_news Past - reporter at Al-Mayadeen in syria @almayadeennews
