news,9:19 PM - 18 Jun 2015,fgtrend,http://www.fgtrend.com,1120,217,,,"https://www.fgtrend.com ™- Nigeria's Best Entertaining, Technology, Sport and News Blog"
news,1:52 PM - 27 Aug 2012,TechnicallyDC,http://technical.ly/dc,7502,3620,"Washington, DC","38.89495,-77.0366399","Building a Better DC Through Technology. Tech news with a sense of place. Part of the @technical_ly network, sister site of @technicallyPHL. #dctech"
police/traffic,5:08 AM - 11 Jul 2011,PoliceWidnes,http://www.cheshire.police.uk,8236,153,"Widnes, Cheshire",,"Policing Appleton, Kingsway, Riverside, Birchfield, Broadheath, Hough Green, Ditton, Hale, Farnworth, and Halton View"
police/traffic,7:14 AM - 12 Sep 2014,crimebangalore,http://www.ksp.gov.in,9377,10,Bengaluru,"12.97911,77.59129","Additional Commissioner of Police, Bengaluru East @AddlCPEast (Views personal & RTs not endorsements)"
govt,1:26 AM - 5 Jun 2012,HermanMashaba,http://da.org.za,45472,621,"Johannesburg, South Africa","-26.2049999,28.04972","Executive Mayor of Johannesburg | Hammanskraal-born entrepreneur, businessman and Black Like Me founder"
journalist,2:14 PM - 18 Oct 2011,MichaelJFell,http://mjfellright.wordpress.com/,15984,17535,"Culver City, CA","34.02112,-118.3964599","A leading voice in the L.A. area Tea Party and recognized Conservative writer, contributing to http://conservativedailynews.com/  and more.."
news,10:33 AM - 6 Jun 2012,novaramedia,http://novara.media,20621,803,London,"51.50732,-0.1276399",Media for a different politics. info@novaramedia.com
news,9:22 AM - 18 Jun 2009,BBCCambs,http://www.bbc.co.uk/cambridgeshire,65900,1419,"Cambridgeshire, UK","52.33333,0.08333",Official account for the BBC in Cambridgeshire. You can listen to BBC Radio Cambridgeshire on 96&95.7FM on digital and online
journalist,6:04 AM - 9 Aug 2010,LaurenPastrana,http://facebook.com/laurenpastrananews,5239,1525,"Miami, FL","25.77426,-80.1936499",@CBSMiami News Anchor. Reporter at heart. @UFJSchool Alum. Miami native. Everyone has a story to tell. I want to share them. lpastrana@cbs.com
police/traffic,4:14 PM - 14 Jun 2013,margiereedgray,,39,192,Sunshine Coast,"-26.5443199,153.05077",Mother to Myles Gray 33. he was my business partner for 6.5 years before being beaten to death by 7 police officers in Vancouver BC.
journalist,10:27 AM - 6 Jul 2009,Chriseldalewis,,38306,1196,Johannesburg/South Africa,"-26.2049999,28.04972",Senior Broadcast Journalist SABC TV. News Anchor SAFM. Experience in print & news agencies. Media Trainer & Facilitator. Loves life Chriselda.Lewis@yahoo.com
news,1:52 PM - 15 Sep 2014,Fla_Pol,http://www.floridapolitics.com,7108,688,,,"Florida Politics is a statewide, new media concern covering campaigns, elections, government, policy, and lobbying in Florida."
journalist,2:31 PM - 15 Aug 2012,ColleenNBC12,https://www.facebook.com/ColleenQuigleyNBC12/,1348,1763,,,"Reporter and #FirstAlertCenter anchor for @NBC12 in Richmond, VA. New Yorker, and proud @BostonCollege grad! Story idea? Email me cquigley@nbc12.com"
journalist,8:16 AM - 10 Feb 2009,ed_aarons,http://www.theguardian.com/profile/ed-aarons,19141,2961,London,"51.50732,-0.1276399","Deputy news editor @Guardian_sport All opinions are my own, not those of my employer"
journalist,11:45 AM - 6 Jun 2011,hickey_megan,http://www.newsnet5.com,956,196,"Cleveland, OH","41.50516,-81.6934399","TV Reporter at ABC affiliate WEWS in Cleveland. Georgetown Hoya & Medill Grad. Chicago native. Runner, triathlete, singer and ukulele player."
news,9:04 PM - 13 Feb 2010,MississippiTime,,3802,388,Mississippi,"32.97156,-89.7348399","Breaking news about Mississippi, curated by @quiboatnews."
journalist,6:47 AM - 14 Feb 2009,nickycain,,952,714,London,"51.50732,-0.1276399","Media & info rights barrister @RPCLaw. Co-author 'Defamation: Law, Procedure & Practice', 4th Ed,2009. Views expressed mine (except RTs). Tweets ≠ legal advice."
journalist,9:39 AM - 6 Nov 2012,armandodkos,,10680,307,"New York, USA","40.73059,-73.9865799","Contributing Editor, Daily Kos"
disaster/accident,7:18 PM - 10 Jan 2017,Charles_23631,,951,87,worldwide,,Interested in observing & publishing the world terrorism activities
news,7:54 AM - 11 Feb 2013,VNBreakingNews,http://vietnambreakingnews.com,2433,0,Vietnam,"13.2904,108.42651",Live updated latest news on Vietnam
police/traffic,11:32 AM - 30 Jan 2017,myclearwaterPD,https://www.facebook.com/ClearwaterPolice/,542,33,"Clearwater, FL","27.96585,-82.8000999",Clearwater Police Department
news,6:35 AM - 7 Apr 2017,NNShowbiz,http://www.newsnation.in/entertainment,60,79,"Noida, India","28.57264,77.35476","News Nation covers all latest updates on Entertainment, Film industry, Television, Gossip and tips on Lifestyle and Health"
wx,8:34 AM - 29 Sep 2013,RobynKing_WTWO,http://www.facebook.com/RobynKingWTWO,813,397,"Terre Haute, IN","39.4667,-87.4139099",NBC 2 Morning/ Midday Meteorologist; South Alabama Meteorology Major; Cincinnati native; never forgets to smile; golfer
journalist,4:49 PM - 1 Sep 2009,redcablesunday,http://www.redcablesunday.com,2459,4997,London,"51.50732,-0.1276399",Radio 2 Radio 3 6 Music BBC Introducing RTE featured DIY musician. writer of 'Champion' for London 2012 Olympic drummers. Single 'Relentless' out now.Corbynista
journalist,6:28 PM - 28 Mar 2011,KatieKormann,https://www.facebook.com/katiekormannnews,1910,1003,St. Louis,"38.62727,-90.1978799","Wake up with @fox2morning @fox2now! Purdue & DePaul grad, dog mom, cat lady. http://fox2now.com/author/kkormann/ …"
journalist,9:33 PM - 2 Mar 2009,lisacreamer,http://www.linkedin.com/in/alyssacreamer,929,1195,"Boston, Massachusetts","42.36048,-71.0595599","Journalist, digital producer @WBUR | acreamer@bu.edu. Owns a couch for the creative."
journalist,5:17 PM - 1 May 2014,LatifaAkay,,863,589,LDN,"50.10649,14.400905","putting in the work at @Maslaha, board member @inclusivemosque, writer, Sister, dried fruit enthusiast."
police/traffic,6:40 AM - 5 Feb 2010,ETNhahn,,829,35,"Erie, PA","42.12906,-80.0852399",Police reporter for the Erie Times-News. Retweets do not constitute an endorsement of the content and/or views retweeted.
journalist,5:03 PM - 25 Jul 2011,Rach_Riley,http://www.townsvillebulletin.com.au,1128,680,Townsville,"-19.2569299,146.82395",Townsville Bulletin journalist and sports fan. Digital producer and Defence writer. views & opinions = mine. @tsv_bulletin
journalist,12:42 AM - 25 Feb 2013,RRRameshRRR,,2199,1527,Delhi via Lucknow & Kozhikode,,@WIONews journalist at the intersection of South Asian politics and international affairs. All the usual caveats apply. ramesh.ramachandran@rediffmail.com
wx,6:33 AM - 11 Nov 2013,KZontiniWHIO,http://whio.com,4385,324,,,I'm the morning meteorologist for WHIO TV Channel 7 and AM 1290/News 95.7 WHIO.
wx,2:09 PM - 14 Mar 2011,LindsayRileyWx,http://cbs4indy.com,6458,3330,"Indianapolis, IN","39.76833,-86.1583499","AM/Noon Met. for @cbs4indy. Believer. Outdoor/nature enthusiast. hiking, biking, skiing, traveling & my lab, Brody. @penn_state grad. Insta: LindsayRileyWx"
journalist,12:18 PM - 21 Sep 2009,BGibbsABC11,,5670,448,"Raleigh, NC","35.78039,-78.6390899",Morning/Noon Anchor for WTVD (Raleigh/Durham NC)
fire/emt,8:37 AM - 11 Oct 2010,4hrEmergencyDoc,,8808,912,London,"51.50732,-0.1276399","UK Emergency Dept consultant & Med Ed fan. Jack of all trades, master of none. All cases/images anonymised, non contemporaneous & for education only #FOAMed #ED"
journalist,10:58 PM - 5 Oct 2009,SamuelSokol,http://www.samuelsokol.com,2285,2362,Beit Shemesh / Jerusalem,"31.74621,34.98868",Recovering Jerusalem Post Correspondent. Ex-IBA. @ISGAP1 Research Fellow writing a book about Jews in post-Maidan Ukraine.
news,10:56 AM - 27 Oct 2016,OBORCHINA,,1821,170,"Islamabad, Pakistan","33.69457,73.06437","One Belt One Road , Silk Road News is a project of Silk Road Media Pvt. Ltd 丝绸之路媒体公司, A Media Network Promoting Silk Road Communication &Cooperation Spirit."
govt,9:06 AM - 27 Jan 2012,tom_burke_47,http://www.tomburke.co.uk,8109,3849,London,"51.50732,-0.1276399",Environmentalist. Chairman & Founding Director of @E3G. Particularly active on energy & climate issues. Prominent critic of government nuclear power policy.
journalist,7:19 AM - 26 Nov 2009,Devinder_Sharma,http://devinder-sharma.blogspot.com,31208,118,India,"22.35111,78.66774","Writer, Researcher, Columnist, Author, Speaker, Commentator, #economics #global trade #food and agricultural policy #environment #development"
disaster/accident,11:26 AM - 18 Jul 2016,revolutionfarsi,https://www.instagram.com/syrianrevolutionfarsi/,426,258,,,گزارش و تحليل روند انقلاب و جنگ فرامنطقه اى در سوريه *** Reporting & Analyzing the progress of Revolution & War in Syria
journalist,1:54 PM - 9 May 2012,SubrinaDhammi,,2372,452,"Albany, NY","42.65116,-73.7549599","Mama of a beautiful little girl, wife of an amazing engineer - Morning Anchor at @WNYT NBC Albany, NY, @SyracuseU grad, runner, dancer, eater, deep-thinker"
journalist,3:38 PM - 22 Jun 2009,tomsherwood,http://nbcwashington.com,18127,1021,District of Columbia,"38.89495,-77.0366399",Reporter - NBC4 Washington DC; Analyst - WAMU-FM 88.5 Kojo Nnamdi Politics Hour; Columnist - Current Newspapers
fire/emt,12:12 PM - 29 Nov 2011,OrangeCoSheriff,http://ocso.com,34228,754,"Orlando, FL","28.54211,-81.3790399","News from the Orange County Sheriff's Office, Florida. For emergencies call 911. Non-emergencies 407-836-4357. Not monitored 24/7. More: http://facebook.com/OrangeCoSheriff"
fire/emt,8:13 AM - 6 Apr 2009,STATter911,http://www.statter911.com,28099,9707,"Washington, DC","38.89495,-77.0366399",Fire and EMS news from a former TV reporter and firefighter
journalist,1:20 PM - 7 Mar 2009,rupertevelyn,,10725,786,,,Wales & West of England Correspondent - ITV News.
news,3:58 AM - 12 Jan 2015,Calderdale_News,http://www.newslocker.com/en-uk/region/calderdale/,248,316,,,Find your latest news about Calderdale with just one click. Don't miss out on anything happening in your region!
journalist,11:06 AM - 10 Oct 2016,AhtraElnashar,,300,138,"Sioux Falls, SD","43.54997,-96.7003199",Morning anchor on KDLT News Today
news,2:25 PM - 13 Feb 2017,Indivisible1VR,http://voxresistance.com/,4852,5325,United States,"39.78373,-100.4458799",Standing up to #resist hate and ignorance by empowering the movement with important news and commentary #theresistance
news,12:24 AM - 2 Nov 2016,currentnewsbd,http://www.currentnews.com.bd,86,23,"Dhaka, Bangladesh","23.75935,90.37881",Current News Is The Leading News Paper In Bangladesh
news,4:06 AM - 1 Apr 2011,MondaqEnergyLaw,http://www.mondaq.com,550,214,London,"51.50732,-0.1276399","Energy Law news & alerts from lawyers and law firms covering oil, gas & electricity utilities, mining, renewables & regulatory. @Mondaq feed"
disaster/accident,1:53 PM - 27 Aug 2009,awomackmacon,http://www.macon.com,730,826,"Macon, GA","32.84069,-83.6323999","I cover crime and courts news for The Telegraph in Macon, Georgia."
journalist,9:59 AM - 9 Apr 2013,Shane_WMBD,http://www.centralillinoisproud.com/,464,329,"Peoria, IL","40.69386,-89.5890999",Reporter for @WMBDNews in Peoria | Graduate of @LewisUniversity | Fan of the Chicago @Cubs
journalist,12:50 PM - 29 Jul 2012,Beccacacaca,,112,340,"Cheltenham, England","51.89956,-2.0711499",Ally Extraordinaire. Community Involvement and Diversity Coordinator with Cheltenham Borough Homes. Tweets own views.
news,9:20 PM - 12 Jan 2010,CivilBeat,http://www.civilbeat.org,36922,4786,"Honolulu, HI","21.30454,-157.8556699",Hawaii's award-winning investigative journalism. news@civilbeat.com Social Editors: @AnthonyQuintano @LandessKearns
journalist,10:28 AM - 5 May 2010,iam_manishk,,669,439,अहं ब्रह्म अस्मि,,"Interested in Governance, Politics, Defense, Equity. Views are personal. RTs not endorsements."
news,11:26 AM - 2 Dec 2014,Lubbock_News_,http://www.newslocker.com/en-us/region/lubbock/,712,601,,,Find your latest news about Lubbock with just one click. Don't miss out on anything happening in your region!
fire/emt,5:15 PM - 5 Sep 2011,Fireynolds,,1677,963,London,"51.50732,-0.1276399","Views expressed are personal, all my own, covering a range of topics that interest me. Australian living in London. Retweets are not endorsements."
fire/emt,2:47 AM - 26 Aug 2011,MPSHarrow,http://content.met.police.uk/Borough/Harrow,32133,558,"Harrow, North West London","51.58109,-0.3374699","Updates from Harrow Borough Police. Site monitored as often as possible. Do not report crime on Twitter, call 101 or 999 in emergency. http://bit.ly/e0F5VT"
fire/emt,12:57 PM - 30 Mar 2009,JSOPIO,http://www.jaxsheriff.org,93174,1411,"Jacksonville, Florida","30.33218,-81.6556499",Official Jacksonville Sheriff's Office Twitter. 911 for emergencies. Not monitored 24/7. Facebook: https://www.facebook.com/JacksonvilleSheriffsOffice/ … Instagram: https://www.instagram.com/jaxsheriff/
news,11:53 AM - 9 May 2016,mensdailynews1,http://www.mensdailynews.com,4666,1477,"Florida, USA","27.75676,-81.4639799",All the news men want from today's top websites around the world.
news,12:06 PM - 13 Oct 2009,newsblackburn,,885,2,"Blackburn, England","53.74971,-2.4797499","Local & national RSS auto sourced aggregated news for Blackburn, Lancashire"
journalist,11:07 AM - 16 Jun 2012,DuganFOX46,https://m.facebook.com/DuganFOX46/,1019,1150,"Charlotte, NC","35.22708,-80.8431199",Weekday Morning Reporter Fox46 (O&O) CLT . Special Olympics volunteer . Jersey girl . Frmr Fox29 PHL Vatican Correspondent ESPNU . \\// . lauren.dugan@foxtv.com
journalist,5:35 PM - 22 Mar 2009,MarkDavis,http://660amtheanswer.com/radioshow/details/188,28734,1839,Dallas-Ft. Worth TX,"32.83711,-97.0363099","Talk host, 660 AM The Answer, DFW, Author of Upside Down, order now: https://www.amazon.com/Upside-Down-Turned-Right-Wrong/dp/1621574989 …"
news,6:30 AM - 3 Oct 2016,TheProleStar,http://www.prole-star.co.uk,2023,2466,,,Socialist news site counteracting mainstream media bias. Watch this space - and our FB page https://www.facebook.com/TheProleStar/
wx,2:21 PM - 12 Jun 2013,WGXAnews,http://www.wgxa.tv,3318,964,"Macon, Georgia","32.84069,-83.6323999",FOX24/ABC16 -- Middle Georgia News & Weather
journalist,6:10 PM - 14 Aug 2016,aalvareztv,http://www.abc57.com/story/33176954/andrea-alvarez,315,324,"South Bend, IN","41.68338,-86.2499999","News Reporter for ABC57 News in South Bend. Born and raised right here, but I bleed black and gold: #BoilerUp"
news,8:17 PM - 28 Jul 2014,americanzionism,https://americanzionism.wordpress.com/,5567,791,United States,"39.78373,-100.4458799","News & opinions about Israel, Jews around the world & Zionism-the Jewish Civil Rights Movement. עם ישראל חי إسرائيل تشاي #FightAntisemtism #NeverAgain"
news,7:42 AM - 7 Nov 2010,Blecyn1,http://bit.ly/2j9Z4rP,3343,651,Nigeria,"9.60003,7.99997",God's own| Screenwriter | Economist| Digital Media Strategist|Agroer Moderator of Weekly Topical tweetchat #HotTalkWithBlecyn @HotTalkWithB | IG @Blecyn1
journalist,9:34 PM - 19 Apr 2010,colleentsmith,,792,1011,Torquay,"50.46523,-3.5211299",DevonLive journalist
disaster/accident,11:50 AM - 28 Nov 2016,DefencePakTeam,http://www.facebook.com/DefencePakTeam,1127,12,Pakistan,"30.33084,71.24749","Research, Analysis & Monitoring | Blogs | Defence Analysis | Global Security | Monitoring Cell | Kashmir | MilitaryNews | Intelligence | #RaddulFasaad Team DP"
news,7:15 AM - 18 May 2009,BBCShropshire,http://www.bbc.co.uk/shropshire,43722,2005,Shropshire,"52.6523,-2.64360044347826",The BBC radio station and website for Shropshire. Replies may not be immediately seen. RT doesn't imply endorsement.
news,10:11 AM - 10 Jan 2011,WalshFreedom,http://WalshFreedom.com,99675,19443,Chicago,"41.87555,-87.6244199",Fmr. Congressman. Nationally Syndicated Radio Host. Listen to The Joe Walsh Program: http://walshfreedom.com/listen  Founding Father of #NoChillFriday
fire/emt,4:07 AM - 16 Apr 2009,Glosfire,http://www.glosfire.gov.uk,11036,866,"Gloucestershire, UK","51.83333,-2.1666599",Official Twitter of Gloucestershire Fire & Rescue Service. Working Together for a Safer Gloucestershire
wx,11:19 AM - 27 Feb 2009,wxGANDER,http://ijg.me/?c=twitter,151,0,Gander Canada,"48.95418,-54.6105399",Gander Realtime Weather Updates
fire/emt,9:32 PM - 3 Mar 2013,SharonFirebrace,http://sharonfirebrace.com/,137,106,"Melbourne, Australia","-37.8142099,144.96316","A Melbourne University graduate in education, a researcher & a pro-democracy anti-fascist commentator."
journalist,6:02 AM - 4 Apr 2012,LangaMahesh,http://www.thehindu.com,5447,787,"Ahmedabad, Gujarat","23.02162,72.5797",works @the_hindu. views personal & RTs not endorsement
journalist,7:37 AM - 10 Jul 2009,jongambrellAP,https://apnews.com/search/%22jon%20gambrell%22,45274,3589,"Dubai, United Arab Emirates","25.26835,55.29619","I am the senior Gulf correspondent for The Associated Press (@AP) in Dubai, United Arab Emirates, by way of Egypt, Nigeria, Arkansas and many points in between."
wx,1:23 PM - 3 Apr 2009,weatherninja,http://www.weatherninja.net,14358,205,"Sherwood, Arkansas-USA","34.81509,-92.2243099",Arkansas storm chaser on Live Storms Media & KATV channel 7. NWS advanced spotter. Listen to my morning forecast M-F 6:25 AM on 103.7 FM The BUZZ in Little Rock
police/traffic,10:37 AM - 20 Sep 2012,WINSTRAFFICNYC,http://1010wins.com,1097,5,New York,"40.73059,-73.9865799",Traffic and Transit tweets for Big Apple Commuters.
police/traffic,10:04 PM - 18 Mar 2010,LesleeLacey,http://www.wfla.com/story/20256498/leslee-laceyla-personalities---leslee-lacey/,8157,5400,"Tampa, FL","27.94775,-82.4584399",Traffic Reporter for NBC affiliate WFLA Ch 8. Avoid #TampaBay #traffic tie-ups on your morning drive. I'll save you time on your commute. Opinions are mine :)
wx,12:46 PM - 19 Oct 2011,BShieldsWFTV,http://wftv.com,20776,13816,"Orlando, FL","28.54211,-81.3790399","Meteorologist (WFTV Channel 9), proud father of 3 boys (according to a mug, I'm the #1 Dad) & awesome husband (so I tell myself). Tweet me weather info. Thanks!"
news,7:09 AM - 24 Jan 2010,valuewalk,http://www.valuewalk.com,44393,2984,New York,"40.73059,-73.9865799",Breaking News And Analysis on everything hedge funds and value investing
journalist,1:31 AM - 24 Jul 2008,PhilAmatoANjax,http://www.actionnewsjax.com,2206,90,"Jacksonville, FL","30.33218,-81.6556499","Dad, husband and Action News Jax Morning and Noon anchor."
journalist,11:31 AM - 29 Dec 2012,MasqRev,http://masqueradecrew.blogspot.com,32029,31828,,,"Book Reviews (featuring the Masq Scale), Author Promotion, Syndication, and so much more. (http://twiends.com/masqrev )"
police/traffic,3:08 AM - 2 Nov 2010,TemplePolice,http://templega.us/police_dept/police_dept.php,1049,458,Temple Georgia,"33.73705,-85.0324399",Temple Police Department 261 W. Johnson St. Temple Georgia 30179 770-562-3151
wx,3:15 PM - 9 May 2016,wxcharts,http://wxcharts.eu,1939,332,,,"wxcharts.eu - a new forecast data viewer for Europe & North America. GFS, GEFS ARPEGE, AROME, NAM & ECMWF charts. Clickable meteograms, ensemble plots and SkewT"
wx,4:09 PM - 27 Feb 2009,KirstenHorneWx,,4247,1023,"Tulsa, OK","36.15568,-95.9929099",@KJRH2HD Channel 2 NBC Morning Meteorologist . #Baylor Grad . #UIW Grad . #Texas born and raised . 1Peter 5:7
journalist,10:46 AM - 17 Sep 2011,JeffWhite25,,3326,594,,,Defense Analyst at @WashInstitute. Former senior defense intelligence officer. Interested in all things military. Views my own. RT does not indicate endorsement
wx,5:19 AM - 13 Aug 2013,NWSOwlieSkywarn,http://www.weather.gov/owlie/,5300,246,"Silver Spring, MD","38.9959,-77.0288899",Official Twitter account for the National Weather Service Owlie Skywarn. Details: http://weather.gov/twitter
fire/emt,8:36 AM - 2 Jul 2014,PANYNJ_LT,http://www.BridgeAndTunnelAlerts.com,9699,2,,,NOT monitored. Weekly Traffic Advisory http://www.panynj.gov/alerts-advisories/advisories-lincoln-tunnel.html …. Emergency? Dial 911.
journalist,9:13 AM - 17 Oct 2014,TrojanManifesto,,11206,11045,Battersea,"51.47079,-0.1722099","Artist formally known as Tony Bacardi, writer of The Popcorn Incident, record producer,photographer and journalist specialising in CSA"
news,4:46 AM - 9 Dec 2008,Dispatch_DD,http://www.dispatchlive.co.za/,32048,1509,"East London, South Africa","-33.0191599,27.89985",The Daily Dispatch newspaper's live Twitter feed. We can be reached on 043-702-2000. Our WhatsApp line is 062-578-3098.
news,9:51 AM - 14 Mar 2016,thamehub,http://www.thamehub.co.uk,2044,903,"Thame, England","51.74827,-0.9781799","Bringing Thame Together. Bringing you all local news, reviews, business advertisements, jobs, events, property, business listings and more. #Thame"
news,10:25 AM - 24 Feb 2011,PeekskillDV,http://peekskill.dailyvoice.com,1077,418,"Peekskill, NY","41.28981,-73.9204899","The Peekskill Daily Voice is a local news organization. Our town-based reporters cover the most important news, sports and information in our community."
journalist,12:08 PM - 19 May 2010,Theblackrebirth,,2564,102,Nigeria,"9.60003,7.99997","I'v got tons of re-tweets but v also got mine. Chartered Accountant, Media Researcher, Poet, spoken word artist, writer, lover of life, nd the list goes on."
journalist,4:01 AM - 29 Nov 2010,PaulivW,,15466,1658,Johannesburg,"-26.2049999,28.04972","Investigative journalist at @MailandGuardian. Former journalist at @Netwerk24, @Beeld_Nuus Media24; @amaBhungane fellow. pauliv@mg.co.za"
news,7:16 AM - 12 Mar 2009,Hotpage_News,http://www.hotpagenews.com,32682,16829,United States,"39.78373,-100.4458799","Just like http://hotpagenews.com  . All the #BreakingNews , #News you need to be informed with a Slight Conservative Edge. NO Politically Correct News Here."
news,10:47 AM - 27 Nov 2008,parscale,http://www.parscale.com,30896,277,"San Antonio, Tx","29.4246,-98.4951399","Digital, Social & Media Consultant for the Donald J. Trump Presidential Campaign & America First Policies. President of @GilesParscale. #MAGA"
news,4:24 AM - 23 Jan 2012,consumerinfolin,http://www.consumerinfoline.com,124,6,,,Consumer Infoline (http://www.consumerinfoline.com ) is a news portal which covers news from Information Technology and Mobile sector.
journalist,10:15 AM - 14 Jan 2010,gdunbarap,http://www.ap.org,3387,1052,"Switzerland, usually Geneva",,Associated Press sports writer. Opinions are my own.
journalist,5:48 PM - 6 Oct 2010,SandraTorresL,https://www.facebook.com/SandraTorresReporter,3094,1606,"Chicago, IL","41.87555,-87.6244199",Bilingual journalist. 100% Colombiana. Reporter @CBSChicago. Proud @BG_Bison & @IllinoisStateU alum. IG: SandraTorresCBS2
journalist,1:29 PM - 25 Jan 2010,samtruelove1,http://www.croydonadvertiser.co.uk/people/SamTruelove/profile.html,779,469,Crawley,"51.11034,-0.1800999",Multimedia journalist for @croydonad and @surreymirror | Email Sam.truelove@croydonadvertiser.co.uk | http://www.SurreyMirror.co.uk  |http://www.CroydonAdvertiser.co.uk
disaster/accident,12:19 PM - 4 Nov 2013,letoutthefeels,http://www.instagram.com/grace_nic_aodh,438,637,Ireland,"52.86519,-7.9794499",mental health/star wars/coffee/imgurite
fire/emt,7:48 AM - 10 Sep 2013,DroitwichCops,http://www.westmercia.police.uk,884,167,"Droitwich, Worcestershire","52.266185,-2.14912582710998",Police Safer Neighbourhood Teams for Droitwich. Please do not report crime via Twitter - call 101 or 999 in an emergency.
news,5:42 AM - 9 Oct 2012,SUR_English,http://www.surinenglish.com,3268,346,"Malaga, Spain","36.72108,-4.4219999","SUR in English, the English-language newspaper for Southern Spain."
journalist,1:25 AM - 27 Jun 2014,chikikothari,http://ashishkothari51.blogspot.com,2495,700,"Pune, mostly",,"Environmental activist, exploring alternative worlds, nature & music lover (but can't play anything!), photographer, writer, rights activist, spoofster"
journalist,7:24 PM - 24 Mar 2014,jahlquistPHOTO,http://www.joeahlquist.com,773,928,,,"Minnesota born. Sioux Falls, S.D., based visual journalist with @argusleader. Netflix addict. I like the outdoors. Retweets ≠ endorsements."
news,8:33 PM - 17 Sep 2012,Hyem12,,1231,1324,,,"Fine Artist, former tv Producer, News junkie, Proud American. Heavy on the politics & generous with the chocolate, please. Hold the shariah. I believe in Jesus."
journalist,8:32 AM - 13 Jul 2008,jamiaw,http://www.jamiawilson.com,16432,9439,Borderless,,Feminist. Movement Builder. Cartwheeler. Storyteller. @womenactmedia executive director. @ROOKIEMag writer. All views are my own. Book me via @FreshSpeakers
journalist,11:58 AM - 17 Jan 2011,MsPackyetti,http://buildloveandpower.com,72111,2657,brittany@thisisthemovement.org,,#BlackWomenAtWork. Educator. Activist. Speaker. Writer. @BuildLovePower creator. @TeachForAmerica VP. #CampaignZero Co-Founder. Obama Appointee. IG:MsPackyetti
police/traffic,5:50 PM - 18 Aug 2009,ydanis,http://council.nyc.gov/district-10/,10517,2825,"Northern Manhattan, NYC","40.73369,-74.0013199","Father, Educator, @NYCCouncil Transportation Committee Chair y luchador por la comunidad. #WaHi #Inwood #MarbleHill"
journalist,5:29 AM - 19 Mar 2009,StarJonesEsq,http://www.facebook.com/starjonesesq,201335,841,New York,"40.73059,-73.9865799","Attorney, Author, TV Talker, @NAPWinc @ProDivNet President, Producer & Heart Disease Survivor. An American Lawyer Chick who is FREE, BLACK, GROWN...and HEALTHY!"
news,8:31 AM - 24 Feb 2011,NewRochelleDV,http://newrochelle.dailyvoice.com,1149,177,"New Rochelle, NY","40.91153,-73.7826299","The New Rochelle Daily Voice is a local news organization. Our town-based reporters cover the most important news, sports and information in our community."
news,2:21 AM - 22 Jan 2016,ordprogbrazil,http://www.orderandprogressbrazil.com/,135,576,,,News & commentary on Brazil. Sign up for our blog: http://www.orderandprogressbrazil.com/subscribe/  Tweets by @CarolinePMart
journalist,2:28 PM - 26 Aug 2010,VicRyc,http://indystar.com,4529,3948,Southside Indy,"55.95069,-3.1723999",Breaking news reporter for the Indy Star. http://www.facebook.com/vicryc.mw
wx,6:20 AM - 19 May 2009,Observer_Owl,http://www.watfordobserver.co.uk,93830,550,Watford,"51.65538,-0.3957399","The latest news, sport, weather and events from the Watford Observer, including #WatfordFC updates. We are also on Facebook http://bit.ly/2kDyCLp"
journalist,4:51 AM - 6 Sep 2010,LeoKapakosNY,,2414,1688,"Brooklyn, NYC, Sparta Greece",,"Write Political Buzz for NY Examiner; Life-long Democrat, Progessive, Ex-Wall St.Banker; Investor,Poker,Own more Boxing event T-shirts then anybody on Twitter.."
journalist,3:12 PM - 29 May 2011,KillerMartinis,http://patreon.com/bootstrap,24477,758,,,"A Republic, if you can keep it. Unwilling to entertain bad trolling. Backwards and in heels. #TeamImpeach Author, Hand to Mouth: Living in Bootstrap America"
news,4:07 PM - 23 Mar 2008,balleralert,http://balleralert.com,106466,338,On BallerAlert.com,,"News, Events, Gossip, Sports, Politics and More (FB/Snapchat: balleralertcom) (IG @balleralert) - It's a lifestyle #theballerificlife"
journalist,7:18 AM - 20 Apr 2009,emmaturts,http://burtonmail.co.uk,458,516,"Work: Burton Live: Derby, UK",,"Editor at Burton Mail. Wife to Guy, mum to Harry, stepmum to Connor. Views my own etc etc"
journalist,4:28 AM - 17 Aug 2007,BBCTomSymonds,,7832,708,London,"51.50732,-0.1276399","BBC Home Affairs Correspondent. Covers crime and justice for TV, Radio and Web. Tom.symonds@bbc.co.uk, DM (open) or http://www.tomsymonds.weebly.com"
journalist,6:04 PM - 19 Aug 2009,TrafficSaarFOX7,http://kenlindner.com/clients/T6MNJHNM.html,2374,529,"Austin, TX","30.27112,-97.7436899",TV News Reporter and #ATXtraffic Anchor for Good Day Austin!
journalist,6:23 AM - 10 Nov 2011,MitchJelniker,http://www.thedenverchannel.com/7newsteam/215899/detail.html,3849,2203,7NEWS Denver,"39.72683,-104.9857599",@Denver7 Morning Anchor. Husband. Father. Cowbell player. Broncos fan. Always looking for 7Everyday Heroes. Can eat my wgt. in seafood.
journalist,5:33 AM - 26 Jan 2009,TomChivers,http://www.buzzfeed.com/tomchivers,26612,923,Middle of the media bubble,,"Science writer, BuzzFeed UK. Once thrown out of Faith No More backstage party for stealing cheese. Far too nice to be a journalist, according to Terry Pratchett"
news,4:23 AM - 15 May 2009,EastKentMercury,http://www.eastkentmercury.co.uk,4102,158,,,"The latest news from Deal, Sandwich and surrounding areas"
news,1:08 PM - 17 Oct 2015,odey_owojela,http://owojelasblog.com,2526,3626,Nigeria,"9.60003,7.99997",I am a Blogger and Social Media Influencer in Nigeria
govt,12:27 PM - 9 Nov 2012,GovtsTheProblem,https://www.youtube.com/watch?feature=youtu.be&v=qXBswFfh6AY&app=desktop,15218,14100,Colorado,"38.72517,-105.6077099","Small Government advocate, #copolitics, Big Government=corruption, #NRA, #2A, Conservative, My Tweets=my personal opinions, RT may not be endorsement"
wx,12:57 PM - 27 Mar 2015,TimMelino,http://gridpointweather.com,13460,10136,NY,"43.15616,-75.8449899","Renewable Energy Meteorologist, interested in the #environment, #weather and #climate. Check out: http://gridpointweather.com  & Facebook: http://gpwx.news/xt8gl"
journalist,3:54 PM - 30 Oct 2009,emathieuStar,,1977,2542,,,Toronto Star journalist. Ruth's great granddaughter. Reports on affordable housing. Enjoys retweeting. emathieu@thestar.ca. c-team.
wx,12:00 PM - 2 Jul 2009,WTAJnews,http://www.wearecentralpa.com,11523,177,"Altoona, PA","40.51868,-78.3947299","News, Sports and Weather for State College, Altoona, Johnstown, DuBois, Clearfield, Bedford, Huntingdon, and all of Central Pennsylvania."
journalist,5:21 AM - 27 May 2015,luna_alabdalla,https://baselluna.wordpress.com/,2433,250,"Koblenz, Germany","50.35332,7.59439",Freelance Journalist/Photographer Former Political prisoner from Syria Blogging & translating 2 save the life remained in our being before fear & slavery chains
police/traffic,6:13 AM - 4 Feb 2009,NITTEC,http://www.nittec.org,4966,11,"Western NY, Southern Ontario",,NITTEC consists of 43 transportation agencies whose goal is to improve regional mobility. NITTEC's twitter feed provides regional travel alerts in real-time.
news,10:15 AM - 14 Jun 2010,GreenwichDV,http://greenwich.dailyvoice.com,3207,123,"Greenwich, CT","41.02648,-73.6284499","The Greenwich Daily Voice is a local news organization. Our town-based reporters cover the most important news, sports and information in our community."
govt,8:36 AM - 7 May 2009,springsgov,http://coloradosprings.gov,44521,198,Colorado Springs CO,"38.83395,-104.8253399",Official Twitter account of City of Colorado Springs government No endorsement of other accounts is implied by RT or following. Account is not monitored 24/7.
news,6:45 AM - 10 Feb 2009,autosport,http://www.autosport.com,278544,229,,,The latest Formula 1 and motorsport news from http://autosport.com . Follow @autosportnewsf1 for F1-only news. For live motorsport coverage: @autosportlive.
news,10:51 AM - 5 Dec 2010,breakingstlnews,http://tbnn.it/stlouis,4598,693,St Louis MO,"38.62727,-90.1978799","Curating the best media feeds in St Louis. Part of the 400-city The Breaking News Network, the largest community news network supporting the social good."
police/traffic,11:59 AM - 22 Jan 2009,BR_Traffic,http://www.dotd.state.la.us/,61153,51,"Baton Rouge, LA","30.45074,-91.1545499",Baton Rouge Traffic information from the LADOTD Transportation Management Center
fire/emt,11:22 AM - 3 Feb 2010,SterlingFire,http://www.sterlingfire.org,1521,312,"Sterling, VA","39.00161,-77.4031999","Sterling Volunteer Fire Company in Sterling, Virginia (Loudoun County). Engine 611, Engine 618, Engine 624, and Tower 611."
journalist,4:22 PM - 29 Oct 2013,Furiouskurd,http://heyvasor.org/,13558,40,Kurdistana Rengin,,"Two kurdish souls, Tolhildan Qereqox and Hevale Bargiran sharing views & updates on the Kurdish freedom struggle. #TolhildanJîyane"
journalist,10:56 AM - 10 Dec 2013,jgmariner,https://www.instagram.com/jgmariner/,7769,667,"River Fleet, London","51.53081,-0.1207399","Senior crisis response adviser for Amnesty International, investigating war crimes & #humanrights violations on a real-time basis. Views mine."
news,3:21 PM - 1 Dec 2013,InfoMumbai,,24705,9145,everywhere,,"UN Volunteer, anti Corruption Warrior, Media person, Human rights activist, Rescue coordinator, mention for blood requirements TeamInfoMumbai@gmail.com"
quake,1:04 PM - 4 Jun 2009,USGSted,http://earthquake.usgs.gov/earthquakes/ted/,74481,1,"Golden, CO","39.75554,-105.2210899","Official U.S. Geological Survey earthquake alerts. For other official accounts, and to engage with us on other channels see http://usgs.gov/socialmedia"
journalist,4:47 AM - 31 Jul 2012,KristinBienWSBT,http://wsbt.com,2500,612,Mishawaka,"41.66199,-86.1586099",I am a proud mama. I love animals and history. I'm the morning reporter and Saturday and Sunday morning anchor on WSBT22.
wx,4:56 PM - 20 Apr 2016,CentVAstorm,https://www.facebook.com/groups/centralVAstormchasers/?ref=ts&fref=ts,160,252,Virginia U.S.A,,"24/7 Weather news, Photography and video from across the Virginia region. NOAA Weather Ready Nation Ambassador. http://www.nws.noaa.gov/com/weatherreadynation/ …"
disaster/accident,11:06 AM - 11 Sep 2014,MKellerdal,,1549,1449,"Gothenburg, Sweden","57.70723,11.96701","LL.M, European Federalist, Captain Swedish Army Reserve, NATO Service Medal, Father. Private Twitter, mainly Law and Politics, Foreign affairs, Military issues."
news,9:15 AM - 5 May 2009,JOL_NEWS,http://jerusalemonline.com/,9679,8836,Israel,"30.87602,35.00151",JerusalemOnline's official Twitter account - JOL is the leading #video #news source from #Israel in #English since 2005.
news,9:27 PM - 13 Nov 2012,HechosEnSp,http://ricardowagner.com,2685,1279,Cerca tuyo,,Social Media - Technology at its Best
fire/emt,6:49 AM - 23 Oct 2014,gpmaindee,http://www.gwent.police.uk,910,233,"Newport, South Wales, UK",,Official Twitter page for Maindee Officers. To report a crime call us on 101. In an emergency always dial 999
wx,3:32 PM - 29 Dec 2009,Matt_Brickman,http://mn.wish.org/content/wcco-wishes-in-flight,7913,300,"Minneapolis, MN","44.97729,-93.2654599",Sandwich Enthusiast | Dad | @WCCO meteorologist | @MakeAWishMN Board Member
wx,3:06 PM - 7 Jun 2014,WesHouxWX,http://weather.dfw.cbslocal.com/US/TX/Dallas.html,1006,119,"Dallas, Texas","32.77627,-96.7968499",I am a Meteorologist at CBS 11 Follow me here and on facebook @ http://www.facebook.com/WesHouxWX  for the latest forecasts in North Texas.
journalist,7:43 PM - 22 Jan 2010,MaddySkye,http://MySA.com,7506,1835,outside a taco truck in SA,,The Face of @mySA & Reporter | UIW Grad | Project Spurs Alumna | Puro & Proud | Pizza Princess | Never touch anything with half of your heart
journalist,8:24 PM - 24 Jan 2009,susannareid100,https://www.instagram.com/susannareid100/,407513,8384,London,"51.50732,-0.1276399","'The most tolerant woman on tv' Radio Times. Presenter, journalist. #cpfc gmb@itv.com #SaveMoneyGoodFood"
news,6:23 PM - 13 Jul 2009,jessebwatters,https://www.instagram.com/jessewatters/,310387,997,,,"Co-Host of ""The Five"" & Host of ""Watters' World"" on Fox News Channel"
wx,1:43 PM - 4 Dec 2013,1059TheRegion,http://www.1059theregion.com,4187,3559,"Markham, Ontario","43.85391,-79.3242499",music mix + York Region news/traffic/weather FB/Insta 1059TheRegion | Tune us in at 105.9 FM
journalist,6:38 AM - 10 Mar 2009,ArchibaldKeane,,6108,561,Jamaica,"18.18505,-77.3947599","Television Jamaica News editor; Chief News anchor; Supervising Editor - All Angles |Loves: podcasts, yoga, soca, wine| archibald.gordon@gmail.com; IG:skilarchie"
police/traffic,4:21 AM - 4 Nov 2014,WazeTrafficCbus,http://waze.com,240,0,"Columbus, OH","39.96226,-83.0006999",Official @Waze account. First to report unusual traffic in #Columbus. Broadcast w/credit to Waze. Partnership requests: Broadcasters@waze.com
wx,8:36 AM - 22 Jun 2011,BenTerryKPLC,http://www.kplctv.com/story/14389840/ben-terry,1478,331,"Lake Charles, Louisiana","30.22659,-93.2173699","Morning / Midday Meteorologist, KPLC-TV 7 (NBC) - Lake Charles, LA"
news,6:19 AM - 4 Mar 2012,swimswamnews,http://swimsw.am,86891,4423,Everywhere there's a pool.,,"News, Lifestyle, Training, Video, Gear and Open Water: The Best Swimming Coverage on the Web."
journalist,1:11 PM - 14 Jan 2014,AmyGehrt,http://www.theledger.com,398,318,"Lakeland, FL","28.03946,-81.9497999","Journalist, web editor for The Ledger, former opinion columnist"
journalist,9:52 AM - 26 Jul 2011,BurakKadercan,http://burakadercan.com,3318,785,"US NAVAL WAR COLLEGE, RI",,"Assistant Professor of Strategy and Policy *All expressed views are personal, rt not endorsement* https://usnwc.academia.edu/BKadercan  burakadercan@gmail.com"
news,10:28 AM - 11 Apr 2013,DriveTimeAlert,http://www.counton2.com/category/260750/traffic-beta,1713,61,"Charleston, SC","32.7876,-79.9402699",@WCBD News 2
news,11:50 AM - 15 Sep 2010,KingstonRegion,http://www.kingstonregion.com,6719,675,Kingston Ontario,"44.22984,-76.4802799","Online home of the Kingston Heritage & Frontenac Gazette + breaking news for Kingston and area 375 Select Dr. Unit 14, Kingston, ON K7M 8R1 - (613) 546-8885"
journalist,6:46 AM - 26 Nov 2008,ipsnews,http://ipsnews.net,17563,1084,Also @ipsnoticias,,IPS: News and Views from the Global South | Local correspondents in more than 400 locations | Established in 1964
fire/emt,1:17 PM - 25 Jan 2010,PompeyPolice,https://www.hampshire.police.uk/,24544,1443,"Portsmouth, Hampshire, UK","50.80368,-1.0756099",@HantsPolice officers working across #Portsmouth & #Southsea. Don't report crime here - call 101 or 999 in an emergency (@instagram - PompeyPolice)
news,2:13 PM - 19 Jun 2007,HeraldTribune,http://www.heraldtribune.com,43009,856,"Sarasota, Florida","27.33643,-82.5306499","The Herald-Tribune Media Group is Southwest Florida's source for news, commentary, blogs and more."
news,5:23 PM - 11 Dec 2013,AWorthyNews,http://wdef.com,1153,1427,"Chattanooga, TN","35.04562,-85.3096799","News 12 Now This Morning Producer/MMJ. I love: news 24/7, smelling the roses, good hair days & my gospel rap playlist. #dontjudge #116 #P31 Tweets are my own."
journalist,3:40 PM - 21 May 2008,colinflaherty,http://www.ColinFlaherty.com,12986,494,California and Delaware.,"33.71064,-117.7758199",Author of two Amazon #1 Best Sellers: Don't Make the Black Kids Angry and White Girl Bleed a Lot. YouTube channel.
journalist,9:40 PM - 18 Jun 2010,bridgettebjorlo,http://facebook.com/WATE.BridgetteBjorlo/,944,336,"Knoxville, TN","35.96039,-83.9210199","Anchor/Reporter @6news. Emmy-nominated Journalist. Cover crime, courts & politics in East Tenn. @ColumbiaJourn & Rutgers Alum. Bylines: @foxnews @foxbusiness"
news,8:34 AM - 13 Jul 2010,beijinginformer,http://beijinginformer.com,600,403,Beijing,"39.90596,116.39124","Beijing News and China Information from A - Z, that's what you get from us."
journalist,4:20 PM - 24 Mar 2009,aradwanski,http://www.theglobeandmail.com/authors/adam-radwanski,19411,473,,,Political feature writer for The Globe and Mail
news,8:13 AM - 23 Mar 2016,slicktrick6,,697,2085,,,#alternative #Soapbox #news #music #underground ska rocksteady reggae punk #controversial #books & Truth from #propaganda
journalist,5:48 PM - 17 Aug 2009,rgoulston,http://www.fox25boston.com,4328,3129,Boston,"42.36048,-71.0595599",Reporter at Fox 25 in Boston http://robertgoulston.com
journalist,5:15 AM - 8 May 2008,TheSecurityLion,http://thesecuritylion.wordpress.com/,3258,2679,London/Glasgow,"36.99588,-85.9119199","Brian Sims BA (Hons) Hon FSyI, Editor, Risk UK (Pro-Activ Publications)"
news,11:45 AM - 6 Jun 2011,CTVLondon,http://london.ctvnews.ca,60113,569,"London, ON","42.98809,-81.2460199",London's News Leader
journalist,10:00 AM - 27 May 2008,KarlBode,,2767,693,New York,"40.73059,-73.9865799",Writer @Techdirt @DSLReports I decrypt bullshit.
journalist,8:24 AM - 4 Jun 2012,BTolisonWSOC9,https://www.facebook.com/BTolisonWFTV/?ref=hl,3588,851,"Charlotte, NC","35.22708,-80.8431199",WSOC-TV and TV-64 Anchor and Reporter. In the Carolinas covering news in your community and getting you ready for your day. Tweeting us? You may be on air.
news,9:47 PM - 13 Dec 2010,NewtownPAPatch,http://newtown-pa.patch.com,3602,252,"Newtown, Pa.","40.229065,-74.9322893734401",Newtown Patch is your source for local news.
news,5:55 AM - 5 Dec 2011,DailyChiefUnion,http://www.dailychiefunion.com,672,51,"Upper Sandusky, Ohio","40.82727,-83.2812999",Local news and sports for Wyandot County
journalist,12:23 PM - 25 Jun 2010,GreenTimes,http://www.thegreentimes.co.za,2941,476,"Somerset West, South Africa","-34.0821099,18.84928",We write or share essential news to fight climate change and environmental destruction - and inspire a fair and sustainable planet for all species.
journalist,8:15 AM - 20 Sep 2010,jchaltiwanger,http://elitedaily.com/users/jhaltiwanger/,11529,3335,New York City,"40.73059,-73.9865799",Senior Politics Writer @EliteDaily and lover of burritos. Instagram: https://www.instagram.com/johncouchthethird/ … Email: jhaltiwanger@elitedaily.com
journalist,3:10 AM - 27 Nov 2012,JaniseSekhmet,,35648,24164,United States,"39.78373,-100.4458799",PR Professional & Writer. I‍HipHop! http://ow.ly/WCL98
govt,12:01 AM - 5 Dec 2014,cmohry,http://haryanacmoffice.gov.in,55216,60,"Chandigarh, India","30.73515,76.7704991065831","Office of Chief Minister, Haryana."
news,7:31 PM - 26 May 2013,MadonnaDailyID,http://smarturl.it/RebelHeart,5722,93,Worldwide,,"Source for the most recent Madonna updates! Sharing news, photos, videos & everything about @Madonna's career."
journalist,5:17 AM - 28 Apr 2015,segalmr,https://aclum.org/about/staff-advocates/matthew-segal/,4684,963,Boston,"42.36048,-71.0595599",Legal Director at @ACLU_Mass. (Tweets are my views only; likes & RTs aren't my views.)
journalist,3:34 AM - 17 Jan 2009,GlennThrush,,233117,3677,,,"New York Times White House correspondent, ex-POLITICO, ex-Newsday, ex-City Limits. MSNBC contributor. ""No. Not this pig."" Send stuff to thrushnyt@gmail.com"
news,9:49 AM - 31 Aug 2016,AlbertNchinda,https://www.facebook.com/albertnchinda,2824,1892,"Budapest, Hungary","47.49838,19.04047",Cameroon | Africa | Politics | Tech | Blockchain | Digital Economy | Entrepreneurship | America | Europe | Blogging | News | RT ≠ Endorsement |
disaster/accident,11:29 AM - 31 Jan 2011,AlanSackrin,http://www.HallandaleLaw.com,184,235,Hallandale Florida,"25.985595,-80.139992142268","Board Certified Civil Trial Lawyer -- Expert in Personal Injury, Slip and Fall & Car Accident Cases --- Miami Hurricanes Fan --- Giants Fan --- 954-458-8655"
journalist,6:20 AM - 10 Dec 2009,terrystiastny,http://goo.gl/IMfEJw,834,1640,London,"51.50732,-0.1276399","CONFLICTS OF INTEREST, my second novel, out from John Murray in June 2017. ACTS OF OMISSION already out there. Ex-BBC reporter."
news,7:01 PM - 2 Nov 2016,AltNewsBlogs,https://blogjob.com/AlternativeNewsBlogs,3405,4464,United States,"39.78373,-100.4458799",Listing some of the best alternative news blogs online. Get your blog posts featured here by submitting them to http://blogjob.com
journalist,2:25 PM - 27 May 2009,DavidBegnaud,https://www.facebook.com/pages/David-Begnaud/108679513654,8205,2132,On a plane,,CBS News Correspondent. Boo to a Boo. Uncle. Catholic. Ragin Cajun. Louisiana native. Equestrian. Country Music fan. Inspired by Maya Angelou. Oprah obsessed
journalist,5:50 AM - 7 Oct 2013,Thomas_Forester,http://www.cbs12.com,1157,289,West Palm Beach,"26.71534,-80.0533699",CBS12 News Anchor/Reporter. Monday-Wednesday 9:30am-6:30pm Thursday-Friday 7:30am-4:30pm
journalist,8:20 AM - 4 Dec 2008,NavalInstitute,http://www.usni.org,25183,180,"Annapolis, MD","38.97864,-76.4927799","Provide an independent forum for those who dare to read, think, speak, and write to advance the professional, literary, and scientific understanding of seapower"
wx,3:39 PM - 30 Apr 2010,FOX5StormTeam,http://www.fox5atlanta.com/weather,15185,79,"Atlanta, Ga.","33.74909,-84.3901799","Depend on the @FOX5StormTeam ! @DChandleyFOX5 @JeffHillFOX5, @JoanneFOX5 and @AdamKFox5 provide up-to-date forecasts and severe weather info."
news,1:11 PM - 11 Feb 2013,HaliBreaking,http://www.haligonia.ca,29629,89,Halifax NS Canada,"44.64842,-63.5749699","Breaking info in Halifax NS Canada & beyond. This is a VERY active, raw feed with unofficial and sometimes unconfirmed info. Follow @haligonia for more news."
govt,6:39 PM - 13 Oct 2010,cityofmesquite,http://www.cityofmesquite.com,2280,0,,,"The City of Mesquite is located within the Dallas/Ft. Worth region of Texas. It is a municipal government that serves more than 140,000 residents."
police/traffic,9:41 AM - 14 Jan 2011,511WI,http://www.511wi.gov,7788,332,Wisconsin,"44.43089,-89.6884599","24/7 statewide alerts from Wisconsin Department of Transportation to keep travelers informed on road conditions, traffic incidents and construction projects."
journalist,11:22 AM - 15 May 2008,BetsyFreese,http://www.livingthecountrylife.com/blogs/betsys-backyard/,1732,186,"Des Moines, Iowa","41.59106,-93.6037099","Executive Editor, Successful Farming and Living the Country Life"
news,12:18 AM - 29 Jun 2016,CoquitlamBlogs3,http://bhive.ca/headlines,62,20,"Coquitlam, BC","49.28359,-122.7943299",Transmitting the latest briefings in #Coquitlam on behalf of http://bhive.ca/headlines . #SaveTheBees #WeHaveYourBack
fire/emt,8:38 AM - 9 Mar 2010,SouthLanCouncil,http://www.southlanarkshire.gov.uk,28625,7281,"South Lanarkshire, Scotland","55.58333,-3.8333299","News, events, service info & emergency alerts. Twitter is monitored during office hours but you can also report faults and issues on our website."
disaster/accident,6:54 AM - 17 Dec 2013,SkyNewsWW1,http://www.skynews.com,20819,0,,,World War One - 100 Years On
journalist,2:49 PM - 23 Jul 2009,KTVBJoe,http://www.ktvb.com/,986,343,"Boise, ID","43.61656,-116.2008299",Morning Reporter @KTVB - Denver Native - University of Colorado Alumni - 2Sweet
journalist,9:48 AM - 16 Mar 2009,JewishNewsUK,http://jewishnews.timesofisrael.com,20737,2782,London,"51.50732,-0.1276399","The UK's most read Jewish newspaper & website, serving the community for 20 years. News + views from the Jewish world. Got a story? E: editorial@thejngroup.com"
news,8:46 AM - 28 Apr 2012,ZolmaxNews,http://www.zolmax.com,958,5,,,Zolmax News - http://Zolmax.com
journalist,3:02 PM - 27 Feb 2015,AleksKhlebnikov,http://ow.ly/Kx08A,1739,456,Moscow,"55.75068,37.61749","IR analyst, MidEast expert (خبير في شؤون الشرق الاوسط), expert @Russian_Council @CarnegieRu |Alumnus @HHHSchool, @ceuhungary|gmail aleksei.khlebnikov views mine"
police/traffic,11:52 AM - 27 Aug 2011,RimaQuatraro,http://wpbackupsolution.co.uk,6987,5024,Earth,"34.23313,-102.4107399",Web traffic specialist...
wx,10:24 AM - 27 May 2015,KMillerWeather,http://eyeonthestorm.blog.palmbeachpost.com/,1827,780,"West Palm Beach, FL","26.71534,-80.0533699","Lead weather reporter for The Palm Beach Post. UA Wildcat, Certificate in Weather Forecasting, Penn State. Surfer, dog walker, former desert rat."
fire/emt,8:25 AM - 18 Nov 2009,WoodstockFD,http://www.woodstockga.gov/index.aspx?nid=97,1626,43,"Woodstock, Georgia","34.10141,-84.5192099","The official Twitter feed of the Woodstock Fire Department, Georgia. This account is not monitored for reports of incidents; please contact 9-1-1."
news,10:40 AM - 1 Jun 2011,mkfm,http://www.mkfm.com,11014,5708,Milton Keynes,"52.04297,-0.7589599","The Beat of MK - MKFM is your local radio station for Milton Keynes on 106.3FM, on mobile and online at http://www.mkfm.com/radioplayer"
police/traffic,5:33 AM - 27 Oct 2016,whec_jwilliams,,369,246,,,"Jazz Williams is a Traffic Reporter for WHEC-TV in Rochester, NY."
fire/emt,1:54 AM - 12 Jul 2012,NorthantsEPTeam,http://www.northamptonshire.gov.uk/Emergencies,1245,437,"Northamptonshire, UK","52.25,-0.8333299","Do you know what to do?- Advice, information and interesting links about being prepared for emergencies. Don't use for reporting emergencies - Call 999"
journalist,3:04 AM - 19 Mar 2010,NATOpress,http://www.nato.int,44018,951,"Brussels, Belgium","50.84655,4.35169","Official Twitter account of the NATO Spokesperson, Oana Lungescu. Ex BBC Europe correspondent. RT/follow doesn't mean endorsement."
journalist,8:57 AM - 26 Mar 2009,PhilVillarreal,http://becauseitoldyouso.com,1527,386,"Tucson, AZ","32.22174,-110.9264699","Author, Blogger, Assignment Editor @KGUN9. Freelancer @COED"
police/traffic,3:54 PM - 19 Sep 2011,StephTsicosCTV,http://winnipeg.ctvnews.ca/,999,352,"Winnipeg, Manitoba","49.88333,-97.1666699",Video Journalist/Traffic Reporter for CTV Morning Live Winnipeg. Iced Coffee Connoisseur. Canadian Tuxedo Enthusiast.
journalist,5:33 PM - 20 Feb 2009,ruthmaclean,http://ruthmaclean.com,8501,1184,Dakar,"14.69342,-17.4479299",West Africa correspondent for the Guardian
news,10:50 PM - 1 Dec 2010,brookhavenpatch,http://Patch.com/Brookhaven,3982,1900,"Brookhaven, GA","33.85843,-84.3401999",Brookhaven Patch is your source for local news.
journalist,8:53 AM - 1 Apr 2010,STEVEPICK11,,2527,754,"Dallas, Texas","32.77627,-96.7968499","TV Reporter, CBS 11 News Dallas, Photographer, father of 2 boys, @EarthWindFire obsessed and proud SOONER @UofOklahoma All About Love"
disaster/accident,8:13 AM - 30 Apr 2009,Corp_Law,http://www.mondaq.com,1663,316,WorldWide,,"Corporate Law news and alerts from lawyers and law firms on company formation, contract law and corporate governance and crime. @Mondaq"
news,4:39 PM - 14 Jan 2008,jackshafer,http://www.jackshafer.com,71155,954,"Washington, DC","38.89495,-77.0366399","Politico. Formerly Reuters, Slate, SFWeekly, Washington City Paper, Inquiry. Email list: http://bit.ly/1CCg5B9  RSS: http://www.politico.com/rss/jackshafer.xml …"
news,7:06 PM - 14 Jul 2009,CNNAfrica,http://www.cnn.com/africa,387251,814,Africa,"2,15.99999",Highlighting the latest news and buzz from Africa on @CNNI Follow us on Instagram: CNNAfrica
journalist,6:43 AM - 30 May 2014,DuncanLindsay,https://www.metro.co.uk/author/duncan-lindsay/,7927,1962,London,"51.50732,-0.1276399","Soaps Editor and Assistant Communities Editor. Journalist by day, eat at night. Views mine, not employer's"
news,9:13 AM - 12 Apr 2009,RayHeard,http://page.is/ray-heard,3103,1400,Toronto,"43.65292,-79.3848999","Contrarian.Covered Mandela in 50s then Harvard then LBJ-Nixon.Edited Mtl Star, ran Global News. Surfer. Love Dickens, Paine, Orwell."
journalist,6:29 AM - 4 Oct 2009,beccmiles,,567,1181,Cardiff,"51.48165,-3.1791899",Broadcast Journalist @CapitalCYMnews Reporter @heartwalesnews Views are my own.
news,11:05 AM - 15 Oct 2010,MorrisPatch,http://morris.patch.com,1511,262,"Morris Plains, NJ","40.83648,-74.4781811341772",Morris Patch is Morris Plains and Morris Township's hyperlocal news source.
news,7:57 PM - 22 Feb 2012,YahooDrSaturday,http://sports.yahoo.com/blogs/ncaaf-dr-saturday/,27000,1261,Kansas City/Philadelphia,,"News and analysis from @YahooSports' college football blog, Dr. Saturday. Tweets from @NickBromberg and @SamDCooper. http://www.facebook.com/DrSaturday"
journalist,1:27 PM - 4 Nov 2008,kgrasha,http://www.cincinnati.com,1236,579,"Cincinnati, Ohio","39.10145,-84.5124599","@Enquirer courts/breaking news reporter. Cincinnati-raised. Music, running, storytelling enthusiast."
police/traffic,3:56 PM - 15 Aug 2016,DeborahLynnRow1,,540,496,"Minnesota, USA","45.98965,-94.6113199","Wife, mother, grandmother. Respects the Country, Flag, and Constitution. Honors the soldiers that fight for our freedom and the police that protect our cities."
journalist,7:15 PM - 26 Dec 2011,abc7Richard,http://www.sbgtv.com,739,414,D.C./Northern VA/Maryland,,"Reporter at ABC7 News/NewsChannel 8 in Washington, DC. Dylanologist. Adventurer. Newshawk. Contact me at rreeve@sbgtv.com."
govt,10:32 AM - 23 Oct 2011,JamesDoss50,,8026,8149,"Tombstone, AZ","31.71286,-110.0675699",We need the states to investigate the corruption of national political figures. The DC government must entirely recuse itself.
journalist,7:29 AM - 28 Oct 2011,liz_lines,http://www.macon.com,2124,400,"Macon, GA","32.84069,-83.6323999",Liz Jarvis Fabian has been on the front lines of the headlines for more than 30 years and is a pioneering multimedia journalist at The Telegraph and macon.com
fire/emt,10:22 AM - 6 Jan 2011,hp_ems,http://HighPerformanceEMS.com,12074,765,USA,"39.78373,-100.4458799",Dale Loberger writes about High Performance Emergency Medical Services to help improve the effectiveness of clinical care with a focus on economic efficiency.
journalist,10:51 AM - 7 Jan 2009,AugensteinWTOP,http://iphonereporting.com,11237,10906,"Washington, DC","38.89495,-77.0366399","Reporter, WTOP. In 2010 became first radio reporter using iPhone as primary field production device. naugenstein@wtop.com"
police/traffic,6:20 PM - 30 Sep 2008,laura_nelson,http://lat.ms/1nh6tnA,14523,846,"Los Angeles, CA","34.05439,-118.2439399","Los Angeles Times transportation and mobility writer. Kansan, @cspaworkshop VP, @USC alum, plant mom Tips? laura.nelson@latimes.com"
police/traffic,5:03 AM - 12 Apr 2012,ScotsPolFed,http://www.spf.org.uk/,6023,749,Scotland,"56.78611,-4.1140499",We are the Scottish Police Federation - representing 99% of Scotland's police service. Do not use Twitter to report crime. Member enquiries to 0300 303 0027
journalist,5:44 AM - 7 Apr 2010,GeneNews8,http://www.nsbvideos.com/site/preview?pid=275946,2877,2065,San Diego,"32.71742,-117.1627699",Happy husband. Reporter/Fill-in Anchor @CBS8 Emmy winner. .Chicago .San Diego .LA. LGBTQ. SGI-USA & AAJA leader. gkang@kfmb.com [Agent: N.S. Bienstock]
news,4:09 AM - 17 Jun 2010,An_Phoblacht,http://www.anphoblacht.com,23674,2769,"Dublin & Belfast, Ireland","53.34976,-6.2602699","Sinn Fein supporting newspaper, the Irish Republican News, in print and on the web. RT may not be endorsement but intended to stimulate debate."
journalist,7:24 PM - 29 Oct 2013,bfeldman89,,912,757,"Jackson, MS","32.410435,-90.1620574","Advocacy Coordinator for #CJreform at @ACLU_MS | @UGASchoolofLaw, '15 | @SouthernMiss, '11 | Views are my own"
journalist,3:57 AM - 22 Mar 2009,OliverMathenge,http://www.olivermathenge.co.ke/,142222,3678,"Nairobi, Kenya","-1.2832499,36.81724","Digital Editor at Radio Africa Group ( @TheStarKenya, @MpashoNews, @Classic105Kenya, @Kiss100Kenya, @RadioJamboKenya) oliver.mathenge@radioafricagroup.co.ke"
news,5:03 AM - 10 Dec 2011,JeromeElam,http://traffickinginamericataskforce.org/,10976,11883,United States,"39.78373,-100.4458799",CEO Trafficking in America Task Force/Child Sex Trafficking Survivor/Marine Corps Veteran/Communities Digital News Columnist/Speaker/Advocate for child victims
govt,5:37 AM - 17 May 2011,matt_hamilton10,http://www.timesunion.com/matthamilton/,5466,3120,Albany via the North Country,,NYS govt for @timesunion/@tucapcon. Connoisseur of fine sandwiches. Stop scrutinizing my RTs. mhamilton@timesunion.com
news,8:52 AM - 21 Feb 2013,yarm_news,http://www.breakingnewsteesside.co.uk,2221,293,"Yarm, UK","54.499285,-1.34956312641868","Local News & More for Yarm, Kirklevington and surrounding villages. PLEASE READ OUR COMMUNITY RULES: http://www.breakingnewsteesside.co.uk/rules"
journalist,8:37 AM - 6 May 2010,JoRNLI,http://rnli.org,570,1207,"RNLI HQ, Poole, Dorset",,"Journalist turned @RNLI Public Relations Officer, working in our HQ press office @RNLIPress. I like to be beside the seaside. I do. Views all my own."
police/traffic,12:41 PM - 27 Jan 2011,PoliceFedforNI,http://www.policefed-ni.org.uk/default.aspx,6818,3266,"Belfast, Northern Ireland","54.59698,-5.9300899",The PFNI came into being on 15 July 1971 by virtue of the Police Act (NI) 1970 (please be mindful of your security and ours!!!)
journalist,7:50 PM - 25 Jan 2009,KimWSMV,,2626,1389,"Nashville, TN","36.16222,-86.7743499","Reporter for WSMV in Nashville, St. Louis native and proud Mizzou grad. I would do anything to travel the world! Thoughts and opinions are my own."
news,10:25 AM - 3 Feb 2009,rachelkennedy84,https://www.bbc.co.uk,5807,1972,North London,"51.53981,0.08209",BBC TV News Ed. Northerner but kids say barth. Perpetual trip planner. Lido lover. Insta @rachelkennedy84
wx,7:36 AM - 27 Mar 2009,570NEWS,http://www.570news.com,83541,188,"Kitchener, Ontario","43.45165,-80.4924599","#1 for Breaking News, Traffic and Weather in Waterloo Region."
news,3:03 AM - 16 Feb 2014,belfast_nws,http://www.newslocker.com/uk/region/belfast/,1381,1215,,,Find your latest news about Belfast with just one click. Don’t miss out on anything happening in your profession .check http://www.newslocker.com/uk/region/belfast/ …
journalist,12:02 PM - 14 Dec 2011,KellyRippin,http://fundraising.stjude.org/site/TR/Heroes/Heroes?pg=personal&fr_id=59946&px=3400354,8503,2672,"Nashville, TN","36.16222,-86.7743499","Reporter/Anchor @FoxNashville. #Pittsburgh girl; #PSU proud. Dog lover, wine drinker, sports fanatic, coffee enthusiast. Journeying Journalist: WV OHTN"
police/traffic,8:07 PM - 23 Sep 2008,BBPD,http://www.bbpd.org,20432,1818,"Boynton Beach, FL","26.52534,-80.0664299",Official Twitter feed of the Boynton Beach Police Department.
fire/emt,12:12 PM - 16 Mar 2013,nbpolice,http://www.northbergenpolice.com/,737,208,"North Bergen, NJ","40.80426,-74.0120799","North Bergen Police serves a diverse community of over 60,000 residents in Hudson County, New Jersey. Account is not monitored 24/7. For emergencies dial 911"
journalist,7:48 AM - 18 Nov 2009,KRON4WTran,http://kron.com,3480,363,all you can do is do your best,,Reporter/Anchor @KRON4News San Francisco. life long news junkie. Washington state university grad. love old school music.
journalist,4:48 AM - 5 May 2015,DdesimoneDaniel,,682,976,,,BBC News Home Affairs producer. Views my own. daniel.desimone@bbc.co.uk
journalist,9:57 AM - 28 Dec 2011,4dEarth,http://tennesseehawk.typepad.com/sacred_journeys/,307,1121,"Pioneer, TN","36.41757,-84.3140899","Citizen journalist, citizen scientist, #subtleactivism, peace, justice, conscious evolution. Also @seabird7"
police/traffic,1:09 PM - 9 Feb 2011,TotalTrafficHOU,http://www.ktrh.com/pages/traffic_blog.html,1504,167,"Houston, TX","29.75893,-95.3676899",Your #1 stop for all your Houston Traffic needs! See a #Traffic issue? Tweet us or call us on the tip line at 281- 214-0440 #HoustonTexans #HoustonAstros
journalist,7:49 AM - 24 Sep 2011,HeatherHegedus,http://www.myfoxboston.com,7883,2431,Boston,"42.36048,-71.0595599","Boston 25 Anchor/Reporter. N.Shore native. MA Down Syndrome Congress Board Member. Georgetown, Columbia grad. Mom. 5x Emmy nominated. Heather.Hegedus@coxinc.com"
wx,6:38 AM - 4 May 2009,Jason_Disharoon,http://www.facebook.com/jasondisharoonweather,2108,230,"New Orleans, LA","29.94993,-90.0701099","Weekend meteorologist for @WGNOtv Originally from the ATL. Avid traveler, foodie, gym rat and man about town."
wx,11:11 PM - 25 Jul 2012,OKWXWarriors,,513,470,"Oklahoma, USA","34.95508,-97.2683999",
journalist,10:25 AM - 2 Mar 2012,TheHartford_PR,http://newsroom.thehartford.com/,2217,656,"Hartford, Conn.","41.76349,-72.6830499","News, views, events and announcements from leading U.S. insurer, The Hartford. For questions and interviews, call (860) 547-5200."
news,1:44 PM - 4 Jan 2016,pixelmessenger,,1185,863,"London, England","51.50732,-0.1276399",VIDEO GAME NEWS & REVIEWS
news,7:53 PM - 30 Jul 2008,bellevillenewsd,http://www.bnd.com,10557,608,"Belleville, IL","38.52005,-89.9839899",The Belleville News-Democrat is the leading source of news in Southwestern Illinois. The newspaper has been covering our region for more than 150 years.
wx,11:50 AM - 13 Jul 2012,DReillyWx,,622,832,,,"Meteorologist, WCM, NWS Houston. UVA, MIT Alum. Tweets, retweets are my own."
journalist,8:46 PM - 11 Feb 2014,KTSMDanielMarin,http://elpasoproud.com,858,51,"El Paso, TX","31.76003,-106.4872799",NC9 Today anchor at Newschannel 9
police/traffic,4:36 PM - 29 Mar 2009,PDXTrafficNow,https://www.linkedin.com/in/mark-dornfeld-145518a,2531,921,"Portland, OR","45.52024,-122.6741899",#PDXTraffic Whisperer. The man behind the voice of @KPAM860 morning traffic. Long-suffering @Athletics fan. @nhlflames fill the void when baseball season ends.
wx,7:25 PM - 14 Oct 2008,mattlanza,http://fivethirtyeight.com/contributors/matt-lanza/,9770,3959,"Houston, TX","29.75893,-95.3676899","Meteorologist @SpaceCityWx & in energy, contributor @FiveThirtyEight, Inner Looper, history buff, @RutgersU alum. Jersey guy. Tweeting weather+. Thoughts my own"
news,5:36 AM - 19 Apr 2013,declancabra,,1425,1580,"Cabra, Dublin","53.3667,-6.2929099","Cabra native, Maker, Community radio producer, Disability Activist, International Officer @labouryouth,"
police/traffic,3:28 PM - 31 May 2012,KSLHeatherKelly,http://ksl.com/?sid=33696569&nid=173&title=heather-kelly,491,131,"Salt Lake City, UT","40.76701,-111.8904299",Traffic and news for KSL News Radio and KSL-5 TV. You can hear me telling people 'where to go' & news interviews weekdays on @kslnewsradio.
journalist,9:02 AM - 6 Oct 2009,sfiegerman,http://sethfiegerman.com/,16125,1227,,,"@CNNTech writer. Formerly with @Mashable @SAI and @TheStreet. Tweet about tech/culture. All opinions are mine, even the stupid ones. Please clap."
journalist,11:06 AM - 5 May 2009,yemenwatch,,16484,57,,,YemenWatch is an automated news aggregator managed by journalist Louise Hallman @louise_hallman
journalist,10:36 AM - 4 Mar 2009,faisalislam,https://www.amazon.co.uk/dp/1781854106/ref=cm_sw_r,190948,8052,London(head) Manchester(heart),,"I'm @SkyNews Political Editor, economic crisis book @theDefaultLine Brexitologist. United ST holder. purveyor of bad jokes."
police/traffic,5:43 PM - 8 Jun 2009,timagogo,,402,424,,,Army brat/military & police wife/ex-democrat #Patriots #Christian #Defund PP #Maga #Vet #Trump #BlueLivesMatter #NRA #Constitution #BillOfRights
police/traffic,10:57 AM - 18 Jan 2010,OPP_News,http://www.opp.ca,164154,235,"Ontario, Canada","50,-85.9999999","The OPP is one of North America's largest deployed police services with more than 6,000 uniformed officers, 2,400 civilian employees and 850 Auxiliary officers."
journalist,6:10 AM - 7 Jan 2015,wsaz_kelsey,http://www.wsaz.com/,995,888,Charleston,"32.7876,-79.9402699",WSAZ-TV Charleston 6 Producer & Assignment Editor | OU Scripps Alum | Have a story idea? Send me an email: kelsey.hoak@wsaz.com
journalist,4:14 PM - 23 Oct 2013,local24mike,http://localmemphis.com,2431,675,"Memphis, TN","35.14902,-90.0516199",'WatchDog' reporter for Local 24 News and CW 30 News.
disaster/accident,12:00 PM - 1 Jul 2014,warreports,https://www.facebook.com/persian.war.news?ref=tn_tnmn,5124,513,,,WarReports is an Iranian research group dedicated to tracking&covering Iran's role in Syrian war. More: https://warreports.org/about-us/
fire/emt,10:46 AM - 14 Oct 2010,AUPublicSafety,http://www.american.edu/publicsafety/,4616,628,Public Safety Building,"37.77249,-122.389035609534",Official Twitter Feed for AU Police & Emergency Management. Emergency: 202-885-3636 Non-Emergency: 202-885-2527
news,2:59 PM - 3 Feb 2011,SouwesterWPG,http://www.winnipegfreepress.com/our-communities/souwester,925,780,Southwest Winnipeg,"49.88333,-97.1666699",Community news from southwest Winnipeg. Have a news tip? Email us at danielle.dasilva@canstarnews.com
disaster/accident,6:15 AM - 10 Oct 2012,DrDonnaYates,http://anonymousswisscollector.com,13871,472,University of Glasgow,"55.87232,-4.28921436796339","Archaeologist in a criminology dept, I study artefact smuggling, art crime, heritage, culture. Arty stuff and related curiosities. Immigrant. @CultureTraffic"
journalist,8:31 AM - 12 Aug 2008,sarahfrier,http://www.bloomberg.com/technology,23391,1204,"San Francisco, CA","37.77928,-122.4192299",Tech reporter for Bloomberg in SF (@Business). UNC grad. Email sfrier1 at bloomberg dot net.
fire/emt,1:28 PM - 20 Apr 2010,MiamiBeachPD,http://web.miamibeachfl.gov/pd/,26058,309,"Miami Beach, FL. 33139","25.7956859029187,-80.1291599246262","Official Twitter of the Miami Beach Police Department - 1100 Washington Avenue, Miami Beach, FL. 33139. Not monitored 24/7 report non-emergencies @ 305.673.7901"
disaster/accident,10:20 AM - 14 Sep 2016,TheBaghdadPostE,http://www.thebaghdadpost.com/en,1954,2,Iraq,"33.09557,44.17497","Breaking news, top stories and reports from #Iraq and around the world. Against terrorism and radicalism. Chairman @SufianSamarrai"
journalist,4:37 PM - 5 Feb 2009,samjgrasso,http://samjgrasso.tumblr.com,962,794,"Austin, TX","30.27112,-97.7436899","IRL staff writer @dailydot, texas ex, almost ran into bill hader's butt once"
journalist,3:36 PM - 2 May 2011,ChrisClayNews,http://www.mississauga.com,2458,1497,Mississauga,"43.58928,-79.6441599",Staff Reporter with The Mississauga News.
news,9:35 AM - 23 Mar 2009,EKAdvertiser,,1281,257,,,"The Eastwood and Kimberely Advertiser - newspaper out every Friday, online every day. Got a story? Email news@eastwoodadvertiser.co.uk"
journalist,10:06 AM - 6 Jun 2011,loumoore12,,5190,2935,,,"dad, husband, HST Prof @ GVSU (AA, US, & Sports HST) author of I Fight for a Living (2017). tweets: sports & race, views R mine http://thenegroinsports.blogspot.com/"
news,1:19 AM - 30 Nov 2014,wearabletechie,,9860,8155,,,All the latest news! - #wearables #wearabletech #glass #google #iot and more
news,8:13 AM - 29 Jun 2010,GuilfordPatch,http://Patch.com/Guilford,893,83,"Guilford, CT","41.28898,-72.6817599",Guilford Patch is your source for local news.
govt,7:40 AM - 29 Feb 2012,ssnaqi,,3952,1063,Canada,"61.06669,-107.9916999","Muslim, Lawyer(retired),Vegetarian, Support secularism in government. Interests: Human Rights,Animal Rights, Indo-Pak, Literature,Poetry,History,Politics."
govt,1:07 AM - 28 Apr 2009,ijazkhan,http://ijazk.blogspot.com,6081,298,Peshawar,"34.01238,71.57874","Chairman / Professor, Dept. of International Relations, University of Peshawar, Khyber Pakhtunkhwa http://ijazk.blogspot.com/"
journalist,8:38 AM - 27 Jun 2011,KenDilanianNBC,http://www.nbcnews.com/news/investigations,31779,1693,"Washington, DC","38.89495,-77.0366399","Intelligence and national security reporter for the NBC News Investigative Unit, based in Washington. Former AP, LA Times, USA TODAY, Philadelphia Inquirer."
news,6:15 AM - 23 Oct 2008,BayCityTimes,http://www.mlive.com/bay-city,5824,1165,"Bay City, Michigan","43.59446,-83.8888599","Bay City, Michigan's Latest and Greatest News, Entertainment, Sports and More!"
news,12:33 PM - 25 Jun 2010,RichfieldPatch,http://Patch.com/Richfield,1024,435,"Richfield, MN","44.87664,-93.2877799",Richfield Patch is your source for local news.
fire/emt,2:57 AM - 9 Aug 2011,TVP_Reading,http://www.thamesvalley.police.uk,8052,33,Reading,"51.45802,-0.9673699",Thames Valley Police Twitter pages cannot be used to report crime and are not monitored 24 hrs. Emergency? Call 999. Non-emergency enquiry? Call 101 (24 hrs).
journalist,11:10 AM - 7 Mar 2013,fatimathefatima,http://indystar.com,1790,998,South Indy,"22.35111,78.66774",Legal affairs reporter @indystar. @FloridaCoastal law grad. Guitar shredder on the weekends. fatima.hussein@indystar.com
journalist,7:36 AM - 3 Feb 2010,CBCBlairRhodes,,5482,296,"UT: 44.641464,-63.573635",,"CBC Journalist based in Halifax, Nova Scotia."
news,12:13 PM - 4 Nov 2015,APSouthRegion,https://apnews.com/,7299,456,,,"News by The @AP's journalists in the Southern U.S., including 13 states from the Bayou to the Beltway. IG: https://www.instagram.com/apsouthregion/"
journalist,1:13 AM - 14 Sep 2015,craigjrichard,http://www.epsomguardian.co.uk/,597,1212,South London,"51.5765,-0.2208699",Senior reporter for @localguardian @newsshopper @EpsomGuardian. 0208 722 6483 or craig.richard@london.newsquest.co.uk Are anyone's views ever truly their own?
journalist,9:46 AM - 11 Oct 2011,BrianLawson15,,895,387,,,"Veteran reporter and editor working for WHNT News 19 in Huntsville, AL."
news,1:59 PM - 27 Oct 2009,gaschoolsnews,http://www.ajc.com,6937,1301,"Atlanta, GA","33.74909,-84.3901799","School news from metro Atlanta and across Georgia, brought to you by The Atlanta Journal-Constitution."
journalist,6:21 PM - 19 Sep 2012,AlexandraGivan,,335,596,"Washington, DC","38.89495,-77.0366399","self-proclaimed foodie & pizza connoisseur | @UofMaryland alumna | ΔΣΘ | RTS ≠ endorsements, views are my own"
wx,7:35 AM - 28 Jun 2010,BirminghamPatch,http://Patch.com/Birmingham,1816,454,"Birmingham, MI","33.52068,-86.8024299","Birmingham Patch is your source for local news, events weather and community."
journalist,6:02 AM - 27 Aug 2013,IdawosMalalo,,563,2374,Tsavo-Coast Region,,"Kenyan,Journalist,Nairobi,Kenya views personal"
journalist,12:21 PM - 2 Jun 2008,cboehm,http://www.soccerwire.com/author/cboehm/,8857,2294,DC,"38.89366,-76.9878772593398","There's a thin line between gossip and gospel. Write, edit, create, mostly about soccer. Texan, via Email: cboehm @ thesoccerwire .com"
