wx,10:15 AM - 21 May 2009,kslnewsradio,http://kslnewsradio.com,17053,230,"Salt Lake City, UT","40.76701,-111.8904299",Utah's #1 radio station. Traffic and weather every 10 minutes on the 9s. Stream live at http://KSL.com/listen . Send story ideas to social@ksl.com.
fire/emt,12:41 PM - 29 Sep 2010,HamptonVAPolice,http://www.hamptonvapolice.org,6233,118,"Hampton, VA","37.03009,-76.3451999",Committed to the highest quality service to Hampton citizens. Call 911 for Emergencies. (757) 727-6111 for Non-Emergencies.
disaster/accident,6:11 AM - 12 Oct 2014,ArmouredCarrier,http://www.armouredcarriers.com,895,139,,,Exploring the history and debunking the myths of Britain's Illustrious & Implacable armoured carriers in World War II through archives and personal accounts.
journalist,11:46 AM - 7 Mar 2007,nathansources,https://www.linkedin.com/in/nathanvance,5453,4769,"Seattle, WA","47.60383,-122.3300599",Practicing #gratitude daily. Insatiably curious. I hire Data Scientists at @VersiveAI Board Member @USBLN Views are my own #ml #ai #cybersecurity #phd #hiring
journalist,11:43 AM - 15 Mar 2016,BartKRDO,http://www.krdo.com,155,80,"Colorado Springs, CO","38.83395,-104.8253399",News Anchor/Reporter
disaster/accident,5:22 PM - 21 May 2009,chemsafetyboard,http://www.csb.gov,3976,59,"Washington, DC","38.89495,-77.0366399",The CSB is an independent federal agency charged with investigating serious chemical accidents. Visit http://csb.gov  or http://youtube.com/uscsb
news,11:47 PM - 29 Oct 2013,illuminaija,https://illuminaija.com,20260,14023,,,Music/Video Promotion | Hype | Events Ticketing | Advert | PR | BBM CHANNEL: C00207ED9.
news,11:25 PM - 30 Nov 2009,super_rugby,http://www.superxv.com,26910,4,The home of Super XV Rugby.,,Providing the latest Super Rugby News since 2009. The Original Super Rugby Twitter account. Unofficial.
journalist,4:09 AM - 24 Apr 2013,PaulChambersTV,,1749,263,Oakland Ca,"37.80445,-122.2713499","Ohio State alum, KTVU reporter. Want to share your story or have a news tip? Contact me paul.chambers@foxtv.com Instagram: paulchamberstv"
news,3:16 PM - 19 Jul 2014,lighthouseoftec,http://www.lighthouseoftec.com,1234,60,,,Lighthouse of Technology News & More.. منارة لجديد التقنية وأكثر.. إِنِّي رَأَيْتُ وَفِي الأَيَّامِ تَجْرِبَةٌ لِلصَّبْرِ عَاقِبَةً مَحْمُودَةَ الأَثَرِ
news,3:10 PM - 6 Sep 2008,MyNBC5,http://mynbc5.com,30789,438,Burlington . Plattsburgh,"44.69679,-73.4879599",@MyNBC5 is where the news comes first! Email us at newstips@mynbc5.com.
news,8:51 AM - 24 Aug 2010,Guns_com,http://www.guns.com,93423,530,"Chicago, IL","41.87555,-87.6244199",http://Guns.com  is a niche news web site that publishes original reporting on the wide range of topics within the gun world.
journalist,12:10 AM - 14 Dec 2010,GerLynaghTV3,http://www.tv3.ie/news,4107,421,"Dublin, Ireland","53.34976,-6.2602699",News Reporter | Anchor for TV3 Ireland. All views are my own.
wx,11:08 AM - 9 Jan 2009,BryanHaleKGBT,http://www.valleycentral.com/,4345,33,"Harlingen, texas","26.19063,-97.6960999",Chief Meteorologist for KGBT 4: Harlingen/Brownsville/McAllen
wx,1:38 PM - 27 May 2010,ScottSKOMO,http://komonews.com/weather/scotts-weather-blog,13211,3085,"Seattle, WA","47.60383,-122.3300599","Meteorologist for @KOMONews, author of Partly to Mostly Bloggin' Weather blog, spokesperson for Seattle's rain fans. Tweets about Seattle weather. A lot."
journalist,6:33 PM - 7 Sep 2011,TrishaHendricks,http://facebook.com/TrishaHendricks12News,7273,3295,"Phoenix, Arizona","33.44858,-112.0773399",Anchor/Reporter for @12News - @Cronkite_ASU Grad - Love to Explore #Arizona - Got a story idea? E-mail me: thendricks@12news.com Retweets are not endorsements
journalist,6:46 AM - 17 Feb 2012,tsw457,,224,526,"Annapolis, MD","38.97864,-76.4927799","Clean Water, Equality, Politics, Music, Family, Orioles Baseball. Personal account. Views expressed are my own."
news,3:17 AM - 4 Feb 2015,Zamfara_News,http://www.newslocker.com/en-ng/region/zamfara/,460,438,,,Find your latest news about Zamfara with just one click. Don't miss out on anything happening in your region!
wx,2:06 PM - 7 Aug 2012,fox28Iowa,,3285,411,,,"Your source for the latest local news, sports, weather, school closings, community events, and entertainment in Cedar Rapids, Iowa. RT ≠ endorsement"
wx,12:48 PM - 14 Dec 2015,TopLeedsNow,http://toplocalnow.com/united-kingdom/yorkshire-and-humber/leeds,192,6,"Leeds, England","53.79741,-1.5437899",Breaking news and weather updates from Leeds.
news,7:11 AM - 27 Nov 2008,cbcradio,http://www.cbc.ca/radio,103958,727,Canada,"61.06669,-107.9916999","CBC Radio One's official Twitter feed, run by the Radio Digital Programming department."
news,10:38 AM - 14 Feb 2008,Kzoo_Gazette,http://www.mlive.com/kalamazoo,27994,51,"Kalamazoo, MI","42.2917,-85.5872199",Local news provider for Southwest Michigan
fire/emt,3:43 AM - 10 Apr 2009,IncidentAlert23,http://www.incidentAlert.com.au,1044,14,"Wodonga, Victoria, Australia","-36.1247099,146.88825",Email and SMS for bushfires in Victoria. This Twitter account only shows alerts in District 23 (North East Victoria). Please consider @incident_alert
journalist,4:42 PM - 20 Jul 2015,zhedricknews,http://news4sanantonio.com/station/people/zack-hedrick,758,365,"San Antonio, TX","29.4246,-98.4951399",MMJ Reporter for @News4SA & @KABBFOX29 | @UofOklahoma Journalism Alum zhedrick@sbgtv.com
journalist,2:14 PM - 28 May 2014,StarrDunigan,http://www.al.com/birmingham/,348,185,"Birmingham, AL","33.52068,-86.8024299",I am a reporter for @aldotcom covering breaking news // Got tips? Contact me at jdunigan@al.com
journalist,5:25 PM - 2 Jan 2013,IAFF1053,http://www.facebook.com/FrederictonFirefightersAssociation,3865,1517,,,Fredericton Firefighters Association #FFFs Opinions or views are solely that of The Fredericton Firefighters Assc.
news,10:03 AM - 25 Aug 2014,hashCalcutta,http://edufive.com/services,8172,5552,Kolkata / Calcutta,"22.56874,88.34629",Finding latest news about #Calcutta and RT them.What's happening in #Kolkata ?Part of the #NetworK (@hashNetworK) & Managed by @edufive.com team .We follow back
news,2:32 PM - 10 Nov 2015,NDLEditor,http://www.norwegiandefenceleague.info,1746,1547,Norway,"64.574125,11.5270072884467",NDL News Based In Norway - Raising Awareness Of Islamic And Immigration Issues Affecting Europe And Beyond
wx,2:44 PM - 5 Nov 2008,MarkJWeather,http://www.newsnet5.com,236688,47659,"Cleveland, Ohio","41.50516,-81.6934399","Will make it rain!. Chief @ WEWS NewsChannel5, CLE/ NWA/AMS CBM /Wine Snob/Mother Nature is my Nemesis!"
news,6:05 PM - 5 May 2009,poundingtherock,http://www.poundingtherock.com,18792,404,,,"The official twitter feed of SBNation's San Antonio Spurs site, manned by our cabal of social media mavens."
wx,8:49 PM - 30 Apr 2009,WTVAmatt,http://www.wtva.com/weather,17992,431,Northeast Mississippi,"32.97156,-89.7348399",3x Emmy Winning Chief Meteorologist for WTVA. Opinions are my own (& have a tendency to turn out to be facts ). http://Facebook.com/WTVAmatt  http://Instagram.com/WTVAmatt
fire/emt,1:14 PM - 4 Nov 2016,clearwaterfire,https://www.facebook.com/clwfire/,437,17,"Clearwater, FL","27.96585,-82.8000999",Clearwater Fire & Rescue Department
news,10:40 AM - 17 May 2011,SueKENS5,,478,140,"San Antonio, TX","29.4246,-98.4951399",News Wrangler @KENS5.
wx,8:23 PM - 24 Jan 2012,wx_will,http://wset.com/station/people/will-stafford-09-28-2015,1345,565,"Lynchburg, VA","37.400875,-79.1844913551984","WKND WX @ABC13News. @lynchburg & @minutemenpride alum. Bedford VA Native. Been w/ WSET, in some form since 2011. Love Winter. http://facebook.com/willstaffordwx"
news,9:29 AM - 26 Nov 2014,InsideTOnews,http://www.insidetoronto.com/toronto/,1636,349,175 Gordon Baker Rd. Toronto,"43.8058,-79.3440225756323",Community news from Metroland Media Toronto. Enter events: http://bit.ly/2o7bvKp  Get our newsletter: http://bit.ly/2nHRN7k  uReport: http://bit.ly/uReportTO
journalist,1:33 PM - 16 Sep 2012,GregoryMichie,http://www.huffingtonpost.com/gregory-michie/,2787,748,Chicago,"41.87555,-87.6244199","Public school teacher, author, & used-to-be blogger. #educolor"
journalist,5:35 PM - 30 Jan 2015,writersdojoblog,http://www.writersdojo.blogspot.ca,70,296,Canada,"61.06669,-107.9916999","Technical Writer, Fiction Writer, Poet, Lucid Dreamer, Entrepreneur, Amateur Photographer, Women's Rights Advocate, and much more"
journalist,9:51 AM - 30 Jun 2009,samjcharles,,8955,1980,✶✶✶✶,,"Chicago Sun-Times reporter | My opinions, not CST's, RTs ≠ Es | All the pieces matter. | scharles@suntimes.com"
news,10:26 AM - 3 Nov 2016,NewsCentury_21,,199,45,,,NEWS POLITIC ECONOMY SPORTS ENTERTAIMENT MARKETING WORLD
news,8:02 PM - 15 Sep 2014,KCWY13,http://www.kcwy13.com/,807,120,"Casper, WY","42.86663,-106.3130799",Where News Comes First! See news? Tweet us! Or submit a news tip on our website.
news,12:57 PM - 20 Feb 2009,AnniePotasznik,http://cbsdfw.com,12314,845,Global,,"Digital Media Producer for KTVT (CBS, Channel 11) KTXA, KRLD-AM 1080 ""Newsradio"" and KRLD-FM 105.3 ""The Fan"" ****RTs/links ≠ endorsements agimbel@cbs.com"
disaster/accident,9:53 AM - 26 Mar 2014,CarlCeder1,http://www.carlceder.com,1696,1476,"Dallas, TX","32.77627,-96.7968499","Carl Ceder is a Dallas, Texas based Personal Injury attorney with experience in drug cases, personal assault, and criminal defense. For more, check out"
journalist,6:46 PM - 25 Feb 2011,JoshEberley,http://hoop.nba.com/,47171,8436,"Calgary, Alberta","51.05305,-114.0625599",Writer for the NBA's @HOOPmag. | PBWA | Winners always want the ball.. When the game is on the line. - Jimmy McGinty | FB: https://www.facebook.com/josheberley/
news,11:17 AM - 6 Mar 2009,SrRoseMovies,http://sisterrosemovies.net,3531,392,"Los Angeles, CA","34.05439,-118.2439399","Movie critic, cinema and spirituality lover, media literacy ed specialist, nun!"
journalist,11:54 PM - 15 Oct 2009,TonyAtkinsFOX13,https://www.facebook.com/TonyAtkinsFOX13/info/?tab=page_info&edited=screenname,2411,835,"Memphis, TN","35.14902,-90.0516199","News reporter, @FOX13Memphis | University of Wisconsin-Milwaukee alum | Former Milwaukeean, Austinite and Pittsburgher | Story idea? tony.atkins@coxinc.com."
news,4:36 PM - 21 Feb 2011,QantasNews,http://www.flight.org,2261,75,Australia,"-24.7760999,134.755",An *unofficial* source of news on Qantas Airways. Our blog is at @flightorg. Account from @BeliefMedia.
journalist,5:32 AM - 8 Dec 2009,AlyssaRaymond,http://www.alyssaraymond.com,4124,415,"Pittsburgh, PA","40.44169,-79.9900799",Reporter | Newhouse Grad #Cuse | Pittsburgh native | Lover of nature hikes and good food | Tweets are my own...
police/traffic,5:37 PM - 28 Oct 2012,elmontepolice,http://www.facebook.com/elmontepolice,3926,471,"El Monte, CA","34.07515,-118.0368399",The Official Twitter account of the El Monte Police Department| Courtesy & Service since 1912| http://Instagram.com/elmontepolice | Not monitored 24/7 #elmontepd
news,1:29 AM - 16 May 2012,Trendolizer,http://www.trendolizer.com,2689,1009,,,What news is currently trending on Facebook? Get tomorrow's buzz today!
govt,12:36 PM - 7 Apr 2010,Heritage_Action,http://heritageaction.com,28871,2176,America,"51.4477,5.96606628601338",Heritage Action is the activist organization affiliated with @heritage. We have government relations teams in DC and conservative activists across the USA.
wx,9:01 AM - 22 Aug 2014,chiltonweather,http://www.facebook.com/chiltonweather,506,617,"Chilton County, Alabama","32.85225,-86.7032799",Weather information for all of Chilton County. Current wx reports are provided by automated wx stations in Chilton County. Use information at your own risk.
news,12:32 PM - 28 May 2009,fullcomment,http://fullcomment.com/,15764,1356,Canada,"61.06669,-107.9916999","Full Comment, the National Post's commentary blog, writing live on politics and news"
journalist,8:29 AM - 27 Aug 2011,AndreaGrymesTV,http://www.cbsnewyork.com,9515,1710,New York City,"40.73059,-73.9865799","Anchor/Reporter @CBSNewYork. Native New Yorker. Former honorary Texan. Lover of NYC, country music & good stories!"
journalist,7:49 AM - 22 Sep 2008,vivekagnihotri,http://vivekagnihotri.com,52729,162,"Mumbai, India & Himalayas","18.95238,72.83271","Morally, it's disgusting. Legally, it's questionable. Personally, I like it. Award-winning filmmaker & writer. Columnist. Public speaker. TedX"
journalist,9:19 AM - 29 Jan 2012,fanazer,https://ncusar.org/board-and-staff,6584,2069,,,Consultant to Embassy of Saudi Arabia in DC; Intl Fellow at National Council on US-Arab Relations; columnist @Arab_News; @Arabweekly. Views expressed my own.
journalist,7:19 PM - 13 Jan 2014,MatJAuthor,https://matjauthor.wordpress.com/,5213,4553,"Dallas, TX","32.77627,-96.7968499","Writer, reader, blogger, traveler, geek, war vet, and cat dad. Author of The Lives of Dogs: An Average Soldier's Tale. #amwriting short horror stories"
police/traffic,5:55 AM - 30 Sep 2014,NHDOTRoutes,http://www.nhtmc.com,1123,0,NHDOTRoutes,,NHDOT Transportation Management Center will send real time traffic alerts for all US and NH routes. NHDOT will not be using Twitter for two way communications
govt,5:00 PM - 2 Aug 2009,dawnzimmernj,,10472,1131,"Hoboken, NJ","40.7433,-74.0323699","Mayor, @CityofHoboken, NJ"
journalist,2:34 PM - 22 Jun 2009,ChipYost,https://www.facebook.com/chip.yost,5447,1114,LOS ANGELES,"34.05439,-118.2439399",KTLA NEWS REPORTER & ORANGE COUNTY BUREAU CHIEF Instagram: chipyost e-mail: Chip.Yost@ktla.com
journalist,9:02 AM - 6 Jan 2016,BlairImani,http://blairimani.com,20514,1481,"Brooklyn, NY","40.6501,-73.9495799",Black American Muslim Activist. Founder @equalityforHER | Press Officer @PPFA | blair@blairimani.com | she/her | Views are mine. #ModernHERstory
news,12:34 PM - 25 Jul 2010,Journalist_Anuj,https://www.ektabhoomi.com,2131,185,Delhi,"28.65171,77.22193","I’m real and I hope some of my #followers are too. #Social Media #Executive at Ministry of I&B, Government of India. #Modi Supporter n like #politics."
police/traffic,9:38 AM - 21 Jun 2010,KFOXTraffic,http://www.kfoxtv.com/index.html,12445,145,"El Paso,Tx-Las Cruces, NM",,KFOX14 Traffic is here to keep you safe & on time when you hit the road in El Paso or Las Cruces.
news,4:31 PM - 18 Jan 2012,10NewsFiorina,http://www.10news.com,1742,172,San Diego,"32.71742,-117.1627699",I'm reporting the news every weekday on ABC @10News in San Diego. Every day is a new adventure.
journalist,11:41 AM - 22 Jun 2015,GenevieveNW12,http://genevievereaumereporting.com,528,313,"Oregon, USA","43.97927,-120.7372499",NewsWatch 12 reporter/anchor . shootin' for the moon . #miz . #pdx . tweets are my own . http://kdrv.com
fire/emt,8:12 PM - 6 Feb 2012,UNOCHA_ROP,http://www.unocha.org/rop,4164,362,"Suva, Fiji","-18.1415799,178.44216",Weather info is shared as a guide only & OCHA takes no responsibility for 3rd party forecasts. Ntl weather services are the lead source of emergency warnings.
news,2:06 PM - 12 Jun 2009,ethioNews,,15389,384,Ethiopia,"10.21167,38.65212",All Ethiopian and East African News and Analysis in One Place! #Ethiopia #Eritrea #Kenya #Southsudan #Djibouti #Somalia
news,12:58 PM - 19 Jul 2013,MarkBoster,http://latimes.com,1471,1580,Los Angeles,"34.05439,-118.2439399","Los Angeles Times photojournalist enjoys photographing nature, people, and news."
wx,3:41 AM - 10 Mar 2009,8NewsWeather,http://www.wric.com/forecast,2474,96,"Richmond, VA, USA","37.5385,-77.4342799",This is the 8News Weather Twitter Home Page. Providing you the latest weather updates for Central Virginia.
wx,6:59 AM - 27 Sep 2013,gwenfox5dc,http://tinyurl.com/GwenTFox5DC,4626,2079,"Washington, DC","38.89495,-77.0366399","Weather Anchor/Reporter from Canada Professional Speaker/Emcee. Named Top 100 Women in Maryland. Loves pandas, dogs, fitness, kids, music, writing. Loves Life!"
news,6:53 PM - 16 Feb 2009,TimesHeraldPA,http://timesherald.com,11568,3567,"Montgomery County, PA","40.21543,-75.3702299",Local news for all of Montgomery County
news,8:48 PM - 19 Oct 2011,FOXSportsNews,http://www.foxsports.com.au/,151053,1792,Australia,"-24.7760999,134.755",Official Twitter Account for Channel 500 (via Foxtel). Bringing you all the latest sports news from Australia and around the globe 24/7.
journalist,12:21 PM - 31 Jan 2014,JBeleckis,https://vine.co/v/OrLjaBdPHt3,611,959,,,I'm whatever Gotham needs me to be. Aka @gazettextra WalCo reporter. Formerly @dailycardinal + @UWMadison. @ManCity. Poetry in motion. No views on anything.
wx,12:40 PM - 3 Apr 2009,CBS58,http://www.cbs58.com,19868,1469,"Milwaukee, WI","43.03499,-87.9224899",We are Milwaukee's News. Plus your complete Ready Weather forecast! Snapchat: cbs58news
journalist,6:33 AM - 8 Jun 2011,nwmalinowski,,3643,2802,"Brooklyn, NY","40.6501,-73.9495799",Social Worker. Writer. Organizer. NYC. Following: Cops. Courts. Bail. Jail.
news,9:03 AM - 4 Oct 2010,NoHoPatch,http://Patch.com/NorthHollywood,2662,500,"North Hollywood, CA","34.1729,-118.3740299",North Hollywood Patch is your source for local news.
journalist,2:20 PM - 5 Feb 2010,handgnr,,508,115,"Bellevue, WA","47.61442,-122.1923299",Writer
journalist,4:58 PM - 12 Nov 2011,YaxueCao,http://chinachange.org,23335,1675,"Washington, DC","38.89495,-77.0366399",Put my freedom to use / 把我的自由派上用场。Founder and editor of http://ChinaChange.org  - email subscription at bottom right corner
news,10:30 AM - 24 Apr 2009,OnlineLegalNews,http://www.lawyersandsettlements.com,6428,1158,US,"39.78373,-100.4458799",America's Premier Online Legal News Source
journalist,12:08 AM - 16 Feb 2011,steph_gardiner,http://www.smh.com.au,3014,1168,Sydney,"-33.8548099,151.21645","Sydney Morning Herald court reporter. I ain't passed the bar, but I know a little bit. sgardiner@fairfaxmedia.com.au"
journalist,11:56 PM - 18 Feb 2009,PringleLATimes,http://latimes.com,2270,691,Los Angeles,"34.05439,-118.2439399","An @LATimes investigative reporter specializing in government, corporate and labor #corruption. Tips welcome: paul.pringle@latimes.com; http://www.linkedin.com/pub/paul-pringle/a/a53/208 …"
police/traffic,1:30 PM - 15 Apr 2010,BoxboroughPD,http://www.boxborough-ma.gov/police-department,4406,819,"Boxborough, MA, USA","42.49344,-71.5140999","A police agency serving a community of 5,000 residents about 27 miles NW of Boston, MA"
news,3:06 PM - 14 Mar 2009,MediaREDEF,http://www.mediaredefined.com,20695,2017,Everywhere,,Curated media + tech + pop interest remix by @JasonHirschhorn. Daily newsletter at http://redef.com/new-subscription …
journalist,3:33 PM - 16 Feb 2008,jfleck,http://www.inkstain.net/fleck/,7575,2229,,,"Writer, mostly about water. Author, Water is for Fighting Over http://amzn.to/1TwKMuQ  UNM Econ faculty, Water Resources Program director Dad, grandbotparent"
journalist,7:46 AM - 28 Mar 2012,peterwsinger,http://www.pwsinger.com,23345,467,USA,"39.78373,-100.4458799",Half serious tweets. Author http://www.pwsinger.com  ; Strategist + Sr Fellow @NewAmerica ; New book http://ghostfleetbook.com
journalist,1:53 PM - 19 May 2009,RCdeWinter,http://pixels.com/profiles/rc-dewinter.html,24713,13880,The Sacred Isle of Avalon,,Writer/artist/raconteuse/musician/pagan/witch: jongleur who tries to do it all & sometimes comes close. I only bite if asked. Love me or leave me #RESIST
journalist,10:45 AM - 16 May 2015,HonorAndDaring,http://honoranddaring.com,2564,1336,,,Author of Staying Married in a Degenerate Age. Weekly columnist @ReturnOfKings. Catholic husband and father. Writes on masculinity and culture. #Trump2016
fire/emt,6:27 PM - 20 Dec 2013,d2_MA15,,746,291,"Essex County, MA","42.62914,-70.8664899","RH5 and Citywide 515, D2 for Greater Boston Radio, and Owner of NEMAFEA. EMT. Essex County. My tweets do not represent the views of any agency."
journalist,7:11 AM - 26 Mar 2009,lukebroadwater,http://baltimoresun.com,12185,7050,Baltimore,"39.29086,-76.6107999","City Hall, politics reporter @baltimoresun. Transparency advocate. Tough but fair. 'A man who doesn't spend time with his family can never be a real man.'"
fire/emt,7:24 AM - 30 Nov 2008,LibertysFire,,129,135,,,
journalist,4:08 AM - 17 Oct 2010,fispahani,http://farahnazispahani.wordpress.com/,150759,1454,"Washington, DC","38.89495,-77.0366399","Global Fellow @wilsoncenter,Author, Purifying the Land of the Pure:History Pakistan's Religious Minorities.Pakistan Parliament 2008-12. Foreign Policy Glb Thnr"
fire/emt,5:43 AM - 16 Oct 2008,MilwaukeePolice,http://www.milwaukeepolicenews.com,34068,412,"Milwaukee, Wisconsin","43.03499,-87.9224899","The Milwaukee Police Department shares up-to-date, accurate information on combatting crime, fear and disorder in the community. Dial 911 in an emergency."
fire/emt,9:30 AM - 15 Nov 2016,PMPDcat,,295,121,,,"The Community Action Team of the Port Moody Police. In the event of an emergency, please call 911. Our non-emerg is 604-461-3456. #PMPDCAT"
police/traffic,9:10 AM - 3 Feb 2010,680NEWStraffic,http://680news.com/traffic,55289,101,"Toronto, Canada","43.65292,-79.3848999",Get up-to-the-minute Toronto & GTA traffic updates with 680News.
news,3:42 AM - 13 Aug 2009,NepalNewsBuzz,http://aakarpost.com,6960,474,"Kathmandu, Nepal","27.70879,85.32024",Breaking Nepali News and Blogs from Nepal. Managed by: @aakarpost (Disclosure: We're not responsible for any incorrect or inaccurate content posted on 3N.)
disaster/accident,8:32 AM - 10 Jul 2009,Paulding911,http://www.paulding.gov/911,2044,3,"Dallas, Ga","33.92371,-84.8407699",Paulding County E911 is the primary Public Safety Answering Point (PSAP) for Paulding County Georgia. We are a Enhanced Phase II 911 Center.
wx,7:00 PM - 31 Mar 2014,Jackson_Dill,http://jacksonsweather.com,425,342,"Wilton, Connecticut","41.19537,-73.4378899","Founder & Editor, @JacksonsWeather | Aspiring meteorologist | Fan of sunny skies and a dry heat | Gotta watch every sunrise and sunset."
journalist,1:03 PM - 4 Oct 2011,ElysiaBoston25,http://www.boston25news.com,2509,2053,"Boston, MA","42.36048,-71.0595599",Emmy Award winning Reporter for Boston 25 News | @Boston25 | Shark enthusiast | Corgi & Goldendoodle Mom | http://dahliagriffin.com  |
news,10:21 AM - 3 Jul 2009,BlackburnSarnia,http://www.blackburnnews.com,7694,344,"Sarnia, Ontario","42.99234,-82.3800299","http://BlackburnNews.com  is a network of local newsrooms providing timely, accurate multimedia coverage of your region."
wx,7:51 AM - 19 Oct 2011,ATCEMS,http://www.austintexas.gov/department/ems,22923,158,,,"Breaking news, weather, safety messages & live Periscope broadcasts from Austin-Travis County EMS. See commonly used abbreviations here: http://bit.ly/1UCVHs7"
news,11:50 AM - 24 Jun 2010,IIHS_autosafety,http://www.iihs.org,12057,1147,"Arlington, Virginia","38.89039,-77.0841499","Mission is to research ways to reduce deaths, injuries, and property damage from motor vehicle crashes. Media contact: Russ Rader (703) 247-1530"
news,5:30 PM - 15 Jan 2016,KBRadio_THP,http://www.kbradio.ca,2619,2240,"London, Ontario, Canada","42.98809,-81.2460199",What Radio Used To Be
journalist,3:39 AM - 6 Aug 2012,brendanjsmith9,http://9News.com.au/South-Australia,1017,895,"Adelaide, South Australia","-34.9274199,138.59989",Nine News Reporter @9NewsAdel bbsmith@nine.com.au - views are my own.
fire/emt,10:34 AM - 4 Mar 2010,ICSCERT,http://ics-cert.us-cert.gov/,7080,0,"Washington, DC","38.89495,-77.0366399",The Industrial Control Systems Cyber Emergency Response Team provides operational capabilities to defend control systems against cyber threats.
journalist,12:57 AM - 25 Jul 2012,lucylucysmith,,418,1199,"Townsville, Queensland","-19.2569299,146.82395","Journalist at the Townsville Bulletin. Into travel, music and stuffing my face. Open DMs, lucy.smith@news.com.au"
news,1:20 PM - 17 Nov 2011,PatchSherri,,756,1672,"Land O' Lakes, Florida","28.21889,-82.4575899","Digital media leader, content specialist, inbound marketer"
news,9:32 AM - 30 Mar 2011,IndiaSpend,http://www.indiaspend.org,24021,64,Mumbai,"18.95238,72.83271","India's First & Most Extensive Data Journalism Initiative. Hard Numbers, Investigative Reports, Insights & News You Won't Find Elsewhere"
news,8:49 AM - 23 Apr 2008,PhillyInquirer,http://philly.com,238767,956,"Philadelphia, PA","39.95239,-75.1635799",Delivering the news since 1829. Winner of 20 Pulitzer Prizes. Tips? 215 854 4567. On Facebook: http://www.Facebook.com/PhillyInquirer
news,2:41 AM - 27 Jul 2012,AkahiNews,http://www.akahitutors.org,324,193,"Ile-Ife, Osun State,Nigeria",,"Latest News Update, Educational News Across ALL Campuses. Visit: http://www.akahitutors.org  Tel: 08038644328"
police/traffic,11:16 PM - 7 Oct 2012,OPDABLE1,http://joinopd.com,15754,93,"Omaha, NE","41.25873,-95.9378699",Bell 206b3 helicopter used in a support role to serve the Omaha Police department and surrounding agencies. Not monitored 24/7
fire/emt,9:48 AM - 6 Nov 2013,AuburnMAPolice,http://www.AuburnMassPolice.org,5623,540,"Auburn, Massachusetts 01501","42.19453,-71.8356199",The Official Auburn MA Police Department Twitter Account Non-Emergency Calls 508-832-7777 Emergency Calls: 911
journalist,12:04 PM - 18 Jun 2009,aydogan29,http://www.huffingtonpost.com/author/aydoaean-vatanda,56791,1701,"New York, NY","40.73059,-73.9865799",Journalist and political analyst. Contributor at http://Huffingtonpost.com . https://www.patreon.com/aydoganvatandas
news,10:44 AM - 18 Feb 2009,HJNews,http://news.hjnews.com,5872,518,"Logan, Utah","41.73134,-111.8348599",The Herald Journal: Cache Valley's Daily Newspaper
journalist,1:49 AM - 3 Dec 2011,Harisarswat_,http://www.bjp.org,450,281,Himalaya,"27.98568,86.91633","Entrepreneur, MBA (Finance), Half Journalist, Digital Marketing, Foodie."
govt,7:51 AM - 17 Apr 2016,Rescue6WFD,,385,497,Waltham Ma,"42.37564,-71.2357999",Rescue 1 is a Heavy Rescue with Technical Rescue Capabilities assisted with a trench rescue trailer. This is NOT an official Dept. account.
news,4:18 AM - 1 Dec 2016,Canberra_Update,,27,3,Canberra,"-35.2819299,149.12889",Canberra News and Information Update
fire/emt,2:41 PM - 25 Sep 2011,dovermapd,http://www.dovermapd.com,5247,154,"Dover, MA","42.24593,-71.2828299","The Official Twitter of the Dover Police Department in Dover, Massachusetts. A @MetroLEC Community. Not monitored 24/7. Emergencies dial 9-1-1"
journalist,5:59 PM - 30 Jan 2009,LiamWBZ,,10310,2453,"Boston, Mass.","42.36048,-71.0595599",Anchor at @cbsboston / myTV38; dad; husband; #Boston sports; @Harvard and @Northwestern alum. Snap: LiamMartinWBZ; http://Instagram.com/liamwbz ; LMartin@CBS.com
journalist,6:47 AM - 9 Aug 2010,darcyspencer,http://Facebook.com/darcyspencer1,10889,5254,"Washington, DC","38.89495,-77.0366399",Freelance NBC4 Reporter covering the DMV since 2001. News junkie. UMD grad. Mom. Living in my home state: MD
news,7:59 AM - 17 Jun 2012,WinstonSalemIn,,1569,127,"Winston-Salem, NC","36.09981,-80.2440499","Breaking news about Winston Salem, NC, curated by @quiboatnews."
police/traffic,12:39 PM - 19 Jun 2015,bftfnyc,https://www.brotherhoodnyc.org,1382,292,"New York, USA","40.73059,-73.9865799",Non-profit of NYC police officers. We send uniformed officers to every confrontational LOD funeral in the US and support the family financially & emotionally.
police/traffic,7:13 AM - 9 Sep 2013,SharonMAPolice,http://www.townofsharon.net,4649,1107,,,The official Twitter page of the Sharon Police. This site is not meant to report criminal activity and is not monitored 24/7.
news,10:54 AM - 15 Nov 2012,SociaMediaTime,,2277,1645,London,"51.50732,-0.1276399",Tweeting about top fantasy Social Media stories
journalist,8:02 PM - 21 Jan 2011,erinadams74,,86,116,,,"writer, Chef, poker fan"
news,7:48 PM - 10 Apr 2011,steveandted,http://www.knssradio.com,306,102,Wichita KS,"37.69223,-97.3375399",Wichita's Morning Radio Program with Steve McIntosh and Ted Woodward on 98.7 & 1330 KNSS!
journalist,7:10 AM - 7 Aug 2015,kare_kankanam,http://uchalla.wordpress.com,603,26,"Hyderabad, India","17.36162,78.47473",Author
news,4:37 PM - 6 Jun 2008,LFPress,http://www.lfpress.com,97715,115,"369 York Street, London, ON","42.9837496837622,-81.2391339340571","#Our150 The London Free Press | Breaking and online news - London, Southwestern Ontario and the world"
journalist,4:14 AM - 15 Feb 2009,aveeksen,https://twitter.com/aveeksen/timelines/735114805141327872,4015,554,"New Delhi, India","28.61389,77.21595","Journalist. CEO @3rdworldin. Track Af-Pak, Cyber. Electronics grad, NIT Agartala. Article links @firstpost @DailyO_ @Diplomat_APAC http://telegram.me/aveeksen"
fire/emt,5:30 PM - 13 May 2010,MaFireEMS,,7898,2206,Massachusetts,"42.37887,-72.0323599",UNOFFICIAL/UNCONFIRMED/UNAFFILIATED tweets from scanner for anyone with an interest in the Massachusetts area fire service
journalist,7:48 PM - 20 Oct 2008,NomikiKonst,http://www.nomikikonst.com,56918,4988,"Astoria, Queens, New York City","40.77201,-73.9302599",Retired debate champ. Correspondent @TheYoungTurks / Political Contributor to @CBSNLive @TheHill / Frequently feisty / Say it with me: No-me-KEY
journalist,5:05 AM - 28 Apr 2008,spinesurgeon,http://www.doctorbruno.net,5710,3065,Chennai,"13.07969,80.28295","Doctor from India, Author of Medical Books, Blogger, Web Designer, Stereotaxy, Endoscopy, Key Hole Neuro Surgery, Neurosciences, Public Health and Traumacare"
fire/emt,4:01 PM - 29 Mar 2014,EarthquakeHQ,http://earthquakeHQ.com,434,68,United States,"39.78373,-100.4458799",Emergency Preparedness - Safety Tips - Product Reviews - Natural Disaster News - Earthquake News
police/traffic,6:20 AM - 12 Jan 2012,fl511_panhandl,http://www.FL511.com,1703,207,Florida's Panhandle,,"511 #traffic info for the Panhandle provided by @MyFDOT. Know before you go, don’t tweet & drive. #Tallahassee #Pensacola #PanamaCity #Destin #Crestview"
journalist,8:47 AM - 22 Jul 2009,KatrinaNation,http://www.thenation.com,174854,41580,New York,"40.73059,-73.9865799",The Nation magazine Editor and Publisher
journalist,4:27 AM - 15 Oct 2010,stephmsharp,https://m.facebook.com/Stephanie-Sharp-1435874096726225/,2103,1264,"Little Rock, AR","34.74648,-92.2895899",@KARK4News @FOX16News reporter. married to @austin_sharp. lover of all things #sharkweek.
journalist,12:47 PM - 13 Feb 2012,AnswerManBoyle,,2257,1153,,,"Columnist, reporter, father of two"
news,5:15 PM - 29 Oct 2010,Neh_v,https://www.facebook.com/drneh/media_set?set=a.10200540996314123.1073741829.1434838247&type=1,3161,370,Bhuj,"23.24724,69.66833","A pediatrician, believes to be the change, Highly concerned about media effects on kids and society."
news,9:57 AM - 16 Nov 2016,VzlaNewsNow,,675,557,Venezuela,"8.00187,-66.1109299",Venezuela News
fire/emt,1:45 PM - 4 Mar 2012,LMCScanner,http://www.lakemchenryscanner.com,4458,298,"Lake County, IL","42.33259,-87.9939799",We are volunteers keeping you informed 24/7 of fire & occasionally police incidents for both Lake & McHenry Counties in Illinois.
police/traffic,2:31 PM - 18 Oct 2016,SnoCoTargetZero,http://www.SnoCoTargetZero.org,256,211,,,Snohomish County DUI & Target Zero Task force. A county-wide coalition to reduce traffic related fatalities and serious injuries to zero by 2030.
journalist,10:41 AM - 4 Oct 2009,JasonHalle,http://www.jasonhalle.com,50693,48595,"Pompano Beach, FL","26.23785,-80.1247599",#Writer #Investigative #Blogger #Activist #AmWriting about corruption in the #Florida #Courts
journalist,10:09 PM - 27 Jun 2014,CudBlay,https://medium.com/@CudBlay,7090,7801,,,"I am Cud Blay, star of The Brown Bunny. I enjoy: politics, Jack Daniels Whiskey, and World of Warcraft. I also write."
journalist,1:46 PM - 24 May 2016,AnthonyWTOV9,https://m.facebook.com/AnthonyWTOV9/,545,368,"Steubenville, OH","40.36979,-80.6339599","Multimedia Journalist @WTOV9 | @WaynesburgU alumnus | West Sunbury, PA native | Happy to be in the Ohio Valley! Story ideas? Send them my way: atconn@sbgtv.com"
news,10:25 PM - 17 Jan 2017,EdwardW54427645,,269,226,"London, England","51.50732,-0.1276399",News
journalist,1:48 PM - 3 May 2011,PostRoz,http://www.washingtonpost.com,17145,1222,"Washington, DC","38.89495,-77.0366399",Political investigations and enterprise reporter for @washingtonpost. Email me at heldermanr@washpost.com and see more about me at http://wapo.st/1hcF2bZ .
journalist,1:38 PM - 11 Mar 2009,abc7elex,http://abc7.com,9269,3346,Los Angeles,"34.05439,-118.2439399",@abc7 Eyewitness News Reporter http://www.facebook.com/abc7elex  http://www.instagram.com/abc7elex
disaster/accident,10:20 AM - 27 Sep 2009,SanjeevanSS,http://www.srisanjeevan.com,32180,373,Kuala Lumpur,"3.15709,101.70095",Chairman of Malaysian Crime Watch (MyWatch) | Survived 9mm bullet that pierced both lungs & 35days of coma | 16days POCA Detainee | Fight Injustice Everywhere |
journalist,6:53 PM - 27 Jul 2011,gregfraziernews,http://www.paloaltodailynews.com,218,530,"Palo Alto, CA","37.44215,-122.1634399",City Editor of the Palo Alto Daily News. An avid cyclist and prodigious chopper of vegetables who enjoys shooting air balls from 3-point land.
journalist,7:17 AM - 12 Apr 2009,SamuelKingNews,http://www.fox9.com,1617,1774,"Minneapolis, MN","44.97729,-93.2654599",Reporter for @myfox9 in the Twin Cities. Northwestern alum. Fan of MLB and NBA.
journalist,2:16 AM - 6 Mar 2009,cjoswaltNEWS,http://www.localnews8.com/meet-the-team/chris-oswalt/88018649,1455,1848,"Idaho, USA","43.64476,-114.0153999","Award winning reporter/anchor by way of MT, IA, ID, UT, OH, MO, IA, NE. Raised in IA. Telling stories and uncovering the bad guys one report at a time."
fire/emt,11:32 AM - 1 Dec 2015,LawrenceKS_PD,http://lawrenceks.org/police,26090,157,"Lawrence, KS","38.97193,-95.2359399","This is the official Twitter account of the Lawrence, KS PD, and is not monitored 24/7. For emergencies please call 911. http://lawrenceks.org/social-media"
fire/emt,6:57 AM - 8 Nov 2013,SpringHillDisp,http://www.springhilltn.org,1534,55,"Spring Hill, TN","35.75117,-86.9299999","Spring Hill Police, Fire, & EMS Dispatch"
govt,3:57 AM - 16 Feb 2012,AdamJosephSport,https://www.16WinsARing.com,15895,4577,a.a.joseph.270489@gmail.com,,"Editor-In-Chief: @16WinsARing. Federal Government Agency Employee by day, Sports, Dogs, Movies, TV & Music at all times."
govt,9:34 AM - 28 Jun 2012,TheNew76,https://www.youtube.com/channel/UC1672tUXJWIAH47IKtdsY1w,326,206,U.S.A.,"31.19327,30.05401","Whenever any Form of Government becomes destructive of these ends, it is the Right of the People to alter or to abolish it, and to institute new Government."
journalist,5:23 PM - 29 Dec 2009,MelRothenburger,http://www.armchairmayor.wordpress.com,1884,624,Kamloops,"50.67655,-120.3417299","Retired daily newspaper editor, former Kamloops mayor, armchair mayor, news/ political addict, CFJC columnist, TNRD Director, hobby farmer."
news,10:59 AM - 24 Apr 2013,Stampedersblog,http://bhive.ca/network,2828,2544,"Calgary, AB","51.05305,-114.0625599",#SocialMediaHound in the heart of calgary. Sharing news on the stampeders and much much more. Part of the BHive News Network @bhivec2.
police/traffic,3:48 AM - 26 Feb 2013,MORTHIndia,http://www.morth.nic.in,59227,16,"New Delhi, India","28.61389,77.21595","This is the official twitter account of Ministry of Road Transport and Highways, Government of India."
news,1:42 PM - 23 Dec 2008,lisetteg,http://instagram.com/lisette_g1/,896,1343,L.A.,"52.845555,13.0011250438596","Self-proclaimed information junkie, addicted to Google and Food Porn. Oh, and I work in TV News."
wx,9:23 AM - 5 Jul 2012,JessBriganti,,1740,266,,,"Thrillseeker. Ultimate foodie. Weekday AM/Midday Weather Anchor/Reporter for WFMJ TV-21 in Youngstown, Ohio. NBC proud. https://www.facebook.com/jessbriganti"
news,10:48 AM - 7 Sep 2007,sunjournal,http://www.sunjournal.com,32277,2481,"Lewiston/Auburn, Maine","44.09912,-70.2203899",News and conversations from Maine since 1847. Send breaking news: breaking@sunjournal.com
police/traffic,11:34 AM - 14 Oct 2015,ThomasPKennedy3,https://greatagain.gov/,18263,18017,Schenectady NY,"42.80954,-74.0216699","Happily Married Grandfather, Catholic Retired LEO Father of Disabled Combat Vet Deputy Sheriff #BLUELIVESMATTER Trump/Pence 2020 Followed by Anthony Scaramucci"
journalist,3:07 AM - 27 Jan 2011,shammybaweja,http://www.hindustantimes.com,32723,1025,Delhi,"28.65171,77.22193",Shammy@Harinder Baweja. Good old Journo! Fiercely independent. 'presstitute' 'isi agent' paid media' and whatever else you like coz it doesnt matter'
news,2:54 AM - 28 Jun 2011,Nomysahir,,58386,7414,"Islamabad, Pakistan","33.69457,73.06437","I tweet a few yards away from Margalla Hills :) Patriot, Social Media Activist. #PakistanFirst"
news,2:01 AM - 3 Apr 2017,officialwithaj,http://www.officialwithaj.wordpress.com,212,140,"Raipur, India","20.82071,82.1229707837302",Official twitter account of the Ex.CM& Prsident Janta Congress Chhattisgarh(J) Hon.AJIT JOGI Social Media Team ll http://officialwithaj.blogspot.in/?m=1
news,9:20 AM - 8 Sep 2015,GkKnowledge,https://www.facebook.com/pages/GKGeneral-Knowledge/274173952629493,504,37,"Ahmadabad City, India","22.25673,72.1758960107941",General knowledge has been defined in differential psychology as culturally valued knowledge communicated by a range of non-specialist media and encompassing
journalist,8:11 AM - 12 Mar 2015,IfyWorks,http://about.me/ify.ike,1950,2243,New York City,"40.73059,-73.9865799",Deputy Exec Dir @nycyoungmen. Co-creator @BlackBrownVote. Chief Problem Solver. Attorney. Professor. Writer. Bridge Builder. #SheWoke. Views are mine.
news,11:32 AM - 2 Oct 2012,B14News,http://www.b14news.co.uk,5263,4490,"Kings Heath, Birmingham","52.43419,-1.8915599","Local news, events, travel, politics and much more. Covering news in Kings Heath, Maypole, Druids Heath, Warstock and Yardley Wood and Brandwood and beyond!"
journalist,4:44 AM - 27 Mar 2010,haryannvi,,488,68,"Bengaluru, India","12.97911,77.59129",Views personal
news,2:29 PM - 9 Nov 2010,ejmontini,http://www.azcentral.com/members/Blog/EJMontini/,5791,147,"phoenix, az","33.44858,-112.0773399",News Columnist for The Arizona Republic. E-mail me at ed.montini@arizonarepublic.com
journalist,10:03 AM - 21 May 2013,CyrusMMcQueen,http://www.cyrusmcqueen.com,26202,25505,"Brooklyn, USA","40.6501,-73.9495799",Comedian. Writer. Named One of the Sexiest Men in New York by the NY Post. Seen in the film OBVIOUS CHILD and on NBC's LAST COMIC STANDING.
journalist,9:46 PM - 23 Apr 2014,RichScotford,https://www.facebook.com/RichScotford5/?ref=bookmarks,1271,199,Winter is Coming,,Hong Konger - Writer - Noisy-muser on all things China.
disaster/accident,7:07 AM - 21 Mar 2011,MeckeringBoy,,4193,4997,"Perth, Western Australia","-31.9527099,115.86047",Anti: #RWNJs #War #FGM #Theism #DV #Slavery Pro: #Equality #Education #Peace #Women #Environment RTs not = endorsement NO DM PLEASE
disaster/accident,2:42 PM - 9 Aug 2011,FBISanFrancisco,http://www.fbi.gov/sanfrancisco/,20762,12,"San Francisco, CA","37.77928,-122.4192299","Welcome to the official FBI San Francisco Twitter. To submit a tip on terrorism or a federal crime, please go to https://tips.fbi.gov ."
journalist,8:30 AM - 13 Aug 2010,asjadnazir,https://www.facebook.com/profile.php?id=618900534,34236,1999,London,"51.50732,-0.1276399","Award-winning writer. Entertainment Editor of Eastern Eye newspaper, BIG new talent supporter, Bollywood & music expert. Longest running UK newspaper column"
police/traffic,6:19 PM - 1 Mar 2009,Chief_Ramsay,http://www.wichita.gov/government/departments/wpd/Pages/default.aspx,3078,204,"Wichita, KS","37.69223,-97.3375399","Wichita's Police Chief - focused on building positive relationships, technology, innovation and maintaining a safe community."
police/traffic,7:41 AM - 9 Dec 2010,HighwaysNWEST,http://www.highways.gov.uk/traffic,47899,27,Mways & major A rds in NW Eng,,OFFICIAL FEED. Live traffic information from Highways England. We manage England's motorways and major A roads. Contact: http://bit.ly/1DslcUg
news,5:41 PM - 27 Jan 2009,the_daily,http://www.sunshinecoastdaily.com.au,11534,604,"Sunshine Coast, Queensland, Au","-26.5443199,153.05077","The Sunshine Coast's latest news headlines. Official account of the Sunshine Coast Daily newspaper and website based at Maroochydore, QLD."
journalist,6:16 AM - 28 Apr 2010,johnpringdns,http://www.disabilitynewsservice.com,7956,1550,Hampshire,"51.08333,-1.1666599","Editor/founder of Disability News Service, author of Longcare Survivors: The Biography of a Care Scandal"
news,8:54 PM - 21 Feb 2013,austinthart,http://austintaylorhart.weebly.com,169,228,"Baton Rouge, LA","30.45074,-91.1545499","Award-winning News Producer, currently @WBRZ, LSU Alum, Disney Junkie, Lowkey Hilarious. RTs are not endorsements. Opinions are my own. Please clap."
journalist,11:35 PM - 22 Mar 2008,KenanRahmani,,10212,3030,Between Washington DC & Aleppo,,Policy Advisor @TheSyriaCmpgn. Supporter of democracy and human rights. Views my own.
disaster/accident,10:44 PM - 27 May 2015,CITeam_en,http://citeam.org,3760,37,"Moscow, Russia","55.75068,37.61749",Conflict Intelligence Team. Русская версия: @CITeam_ru
news,12:45 AM - 24 Aug 2012,Cinenewsworld,,12545,35,chennai/singapore,"13.03383,80.27052",Only Official News Updates From Kollywood Too Hollywood Movies !!!
fire/emt,12:45 PM - 8 Aug 2012,SeattlePDK1,http://spdblotter.seattle.gov,364,2,"Seattle, WA","47.60383,-122.3300599","News/events from Seattle Police. This site is not monitored. Call 911 for emergencies. Comments, list of followers subject to public disclosure (RCW 42.56)."
fire/emt,12:19 PM - 24 Jan 2013,LumsdenFire,http://facebook.com/LumsdenFireDepartment,774,127,"Lumsden, SK, Canada","50.64665,-104.8628999",Lumsden and District Volunteer Fire Department - 21 members dedicated to making their community a safer place in which to live.
news,1:40 AM - 21 Feb 2014,NewslockerIdaho,http://www.newslocker.com/en-us/region/idaho/,833,950,Idaho,"43.64476,-114.0153999",Find your latest news about Idaho with just one click. Dont miss out on anything happening in your region!
fire/emt,3:05 AM - 10 Apr 2009,IncidentAlert09,http://www.incidentAlert.com.au,873,16,"Warragul, Victoria, Australia","-38.1588599,145.93362",Email and SMS for bushfires in Victoria. This Twitter account only shows in district 9 (Gippsland)
journalist,6:09 AM - 30 Nov 2013,NormOrnstein,http://www.aei.org,60167,1560,"Washington, DC","38.89495,-77.0366399",Norman Ornstein is a resident scholar at the American Enterprise Institute and a contributing editor for the Atlantic.
journalist,1:43 AM - 4 Jul 2009,zachheltzel,http://zachheltzel.com,15379,790,zheltzel@gmail.com,,"Writer by day, prairie goth by night. Tweets by staff unless signed - Daddy. Check out @ZETUSLAPODCAST if you're nasty."
news,11:16 PM - 5 Aug 2016,etdbrief_ro_1,https://webcontent-brief-info.tumblr.com/,1155,4779,"Brussels, Belgium","50.84655,4.35169","Web Socializing. This is unofficial account, I spreading the news."
journalist,6:31 PM - 27 Jan 2009,ewster,http://www.ewenbell.com,2102,769,Melbourne,"-37.8142099,144.96316","Ewen Bell is an editorial photographer, publisher of Photography for Travellers, features writer on photography, travel and social sanity."
journalist,3:58 AM - 27 Dec 2014,JKviews,,3571,533,,,A Kashmiri who likes to stay connected to what's happening across Jammu & Kashmir. Inclination towards more factual & opinionated content. Views are all mine.
journalist,2:11 PM - 27 Feb 2012,joshpcain,https://vine.co/v/i2eWPvl0U07,844,2488,"Los Angeles, CA","34.05439,-118.2439399","Digital news editor for @SGVTribune, @PasStarNews, @WhittierNews. Formerly @HoustonChron. ""Mostly trash, other times reports numbers."""
disaster/accident,3:42 PM - 23 Nov 2010,tmelvin1911,http://www.v12atl.com,215,290,Atlanta GA,"33.74909,-84.3901799",Our main focus is to promote quality entertainment over every spectrum.
news,5:11 AM - 15 Oct 2011,coastaldigest,http://www.coastaldigest.com,2180,1,"Mangaluru, India","12.86981,74.843",The Trusted News Portal of India
journalist,8:01 AM - 3 Sep 2009,danagould,http://www.danagould.com,278771,266,"Los Angeles, CA","34.05439,-118.2439399","Comedian, writer, The Dana Gould Hour podcast, Stan Against Evil on IFC"
journalist,1:43 AM - 9 Jun 2012,nandiniramnath,http://www.scroll.in,10595,1181,Bombay,"18.95238,72.83271","Film journalist, Scroll"
news,4:39 PM - 25 Nov 2012,AfricaNewsPress,http://www.AfricaNewsPress.com,5594,1,Nigeria,"9.60003,7.99997",BBM PIN 748BA2BC | BBM Channel C00206169 | We deliver breaking news from around Africa | http://facebook.com/AfricaNewsPress
journalist,12:20 PM - 21 May 2009,AustinHunt,http://buzzfeed.com/austinhunt,6944,666,NYC via Ohio,,social editor + live video @buzzfeednews. fluffhead 3:16. austin.hunt@buzzfeed.com
news,10:02 AM - 15 Dec 2013,FeminismInIndia,http://feminisminindia.com,13944,1443,India,"22.35111,78.66774","FII amplifies the voices of women and marginalized groups using tools of art, media, culture, technology & community. Subscribe: http://eepurl.com/cjuLbv"
journalist,7:09 AM - 21 Oct 2013,mpmcsweeney,https://www.youtube.com/watch?v=DrLgAop9AE8,790,1622,"Brooklyn, NY","40.6501,-73.9495799",Staff Reporter for @coindesk. Email me: stan@coindesk.com. My tweets are entirely my own and are generally in jest.
wx,11:17 AM - 23 Nov 2015,TLNLouisville,http://toplocalnow.com/united-states/kentucky/louisville,200,30,"Louisville, KY","38.25423,-85.7593999",Breaking news and weather updates from Louisville.
journalist,9:32 AM - 8 Oct 2009,leilclark,https://leilaniclark.contently.com/,1304,986,SF North Bay,"37.77642,-122.3946199","Editor at Made Local Magazine. Journalist. I write about food, agriculture, the environment, and books. Bylines: Civil Eats, Mother Jones, KQED, The Guardian."
news,4:05 AM - 10 Mar 2012,alschaben,http://framework.latimes.com/,1859,1341,"Los Angeles, CA","34.05439,-118.2439399","Dad, husband, photojournalist/Los Angeles Times. University of Nebraska-Lincoln alumni. Documenting life's rich pageant. News tips welcome."
disaster/accident,2:39 PM - 9 Aug 2011,FBISeattle,http://www.fbi.gov/seattle,14283,26,"Seattle, WA","47.60383,-122.3300599","Welcome to the official FBI Seattle Twitter. To submit a tip on terrorism or a federal crime, please go to https://tips.fbi.gov ."
news,2:01 PM - 25 Apr 2015,VeoIndia_,http://VeoNews.teleame.com/India,201,157,India,"22.35111,78.66774",Video news about India @VeoNews_ A site for @Teleame
journalist,11:17 AM - 28 Jul 2010,AspiringLuis,http://m.imdb.com/name/nm2215083/filmotype/producer?ref_=m_nmfm_1,1845,5000,"Los Angeles, CA","34.05439,-118.2439399","#Realist, #singleFather, start-up enthusiast, #writer, #comedian, #podcaster, #traveler, #advocate. #hboaccess2017 hopeful"
fire/emt,1:07 AM - 12 Dec 2012,DCIBen,http://www.devon-cornwall.police.uk,1304,585,United Kingdom,"54.70235,-3.2765699",Detective Chief Inspector for Devon and Cornwall Police. Force SIO. Do Not use for emergency contact.
journalist,6:11 PM - 17 Jun 2012,Shooters_Wife,https://www.lifeofashooterswife.com,45270,23324,"Minneapolis, MN","44.97729,-93.2654599","Writer/SpecialContributor @WestrnFreePress, EIC at Life Of A Shooter's Wife™, MN Rifle & Revolver Association, #NRA, Patriot Journalist Network, RT≠endorsement"
news,10:51 AM - 3 Jun 2010,JPPatch,http://Patch.com/JamaicaPlain,3155,1039,"Jamaica Plain, MA","42.30982,-71.1203199",Jamaica Plain Patch is your source for local news.
news,7:47 AM - 13 Feb 2012,CornwallRE,,965,332,Somerset based Europe wide.,,"Supporting teachers of RE, RS, PSHEe & Citizenship, Philosophy and Sociology by suggesting interesting news items."
news,9:28 AM - 4 Nov 2008,metalinjection,http://metalinjection.net,177280,805,"Brooklyn, NY","40.6501,-73.9495799","The latest & funniest videos, news, podcasts and photos from the world of heavy metal. Est. 2004"
journalist,10:31 PM - 18 Feb 2015,DailyRasp,https://www.dailyrasp.com/,1772,1135,"West Trudeaupia, Canada",,The shadow of cultural-Marxism looms | Anti-Groupthink | Writer @HalseyNews http://halseynews.com  On Gab: DailyRasp
journalist,12:58 AM - 27 Aug 2011,hyungjin1972,,684,577,대한민국 서울,,AP통신 서울지국기자 / AP Seoul correspondent / http://bigstory.ap.org/content/hyung-jin-kim …
news,6:38 AM - 24 Jun 2014,buzzreporters,http://www.buzzreporters.com,5554,4830,"Lagos and Abuja, Nigeria","6.46531,3.4512","We are a team of die hard #News, #Gossip, Lifestyle, #Celebrity junkies. Worked with great media companies like @leadershipnga,@vanguardngrnews but this is fun"
news,9:57 PM - 12 Mar 2007,slashdot,https://slashdot.org/,198089,102,San Francisco,"37.77928,-122.4192299","Slashdot News Feed. News for Nerds, Stuff that Matters"
journalist,11:47 AM - 26 Oct 2011,michelekirkBPR,http://bizpacreview.com,35313,21197,"WPB, Fla",,Managing editor & journalist for conservative political and business news publication - Proud mother of brave US Marine - #USMC
journalist,9:15 AM - 17 Jul 2010,shafaquealamTOI,http://timesofindia.indiatimes.com/toireporter/author-Shafaque-Alam-479234140.cms,384,925,New Delhi,"28.61389,77.21595","Report crime for @timesofindia Noida. Ex- The Statesman, Arab News. Like fiction and poetry. Views expressed are personal."
journalist,3:07 PM - 5 Nov 2014,KHQClaire,http://on.fb.me/1AjuQov,794,165,"Spokane, WA","47.65886,-117.4247099",Anchor for Fox First at 10 and KHQ's 11@11. Big supporter of pet rescue. UofA Wildcat. Once I opened for Whitesnake.
news,8:49 AM - 14 Jul 2008,jamestownsun,http://www.jamestownsun.com,1525,28,"Jamestown, N.D.","46.91054,-98.7084299","Posts from The Jamestown Sun, a newspaper in Jamestown, North Dakota."
news,2:18 AM - 22 Oct 2016,Dailyaddaa,http://www.dailyaddaa.com/,61,188,New Delhi,"28.61389,77.21595",Breaking news alerts from India.
news,6:50 AM - 5 May 2015,tlsg99,http://www.infowars.com/category/world-news/,1839,2161,TAKE YOUR COUNTRY BACK NOW,,STOP MEDIA CORRUPTION CONTROLLING THE WORLD & YOUR MIND RESEARCH YOUR OWN NEWS AND AVOID CNN ABC NYTIMES BAN SHARIAH LAW MUSLIM WOMEN ABUSED
journalist,4:15 AM - 11 Jul 2009,narrabyee,,7331,1707,,,"Yemeni Journalist, Film-maker. Owner and Director of Media Production Company (Yemen Alaan, meaning Yemen now ) Sanaa, Yemen"
quake,3:46 PM - 8 Jul 2014,SoCalEq,http://everyearthquake.com,2799,2,Southern California,"34.021965,-118.285864851123","Tweeting every SoCal earthquake occurrence reported by USGS, within the rectangle of 32,-115.5 x 35,-121."
news,3:18 PM - 16 Mar 2007,MyNintendoNews,http://mynintendonews.com//,430585,1504,,,The most popular Nintendo news Twitter account. Tracking the hottest Nintendo Switch news 24/7 #NintendoSwitch
wx,3:11 PM - 15 Jan 2009,wxgarrett,http://www.wxgarrett.com,4012,2185,"Jacksonville, FL","30.33218,-81.6556499","Certified Broadcast Meteorologist (#636) at @ActionNewsJax (FOX/CBS affiliate), @Charlotte49ers Alum., and Brother of @KappaAlphaOrder."
govt,5:22 AM - 21 Nov 2013,N_Kabeer,http://www.nailakabeer.net,1525,497,London UK,"51.50732,-0.1276399","Professor, Gender and International Development at the Gender Institute/Department of International Development, London School of Economics"
journalist,10:41 PM - 11 Feb 2013,RobertSyundu,http://robertsyundu.com,46332,732,"Nairobi, Kenya","-1.2832499,36.81724",Robert Syundu is an award winning Kenyan Journalist with over 7 years experience in the media. Controversial and fearless
news,10:46 PM - 23 May 2014,BreakingNewPak,http://www.breakingnewspak.com,12602,970,Pakistan,"30.33084,71.24749",Breaking News Pakistan is an online news agency that delivers every news about and from Pakistan as it happens.
govt,11:30 PM - 17 Jul 2014,PITB_Official,http://pitb.gov.pk,9198,104,Lahore,"31.56219,74.32285",Punjab’s first IT Board | Providing IT solutions to the government to improve transparency & facilitate citizens via innovative methods of digital governance
journalist,3:42 AM - 29 Jul 2011,PsychicHealerC,http://clairvoyantlifeadvisorchristine.com,135639,73331,"Ohio, USA","40.22535,-82.6881299","Mom, Wife, Business, Steeler's, Writer, #Psychic #LifeCoach, Anon, DoTerra, #Candles #uniteblue #autismmom #antibullying #daughterofvietnamvet #leo"
news,11:11 AM - 10 Aug 2013,looknaija,http://looknaija.com,320,1379,Nigeria,"9.60003,7.99997","Look Naija: #1 Nigerian News Site Latest and Breaking News From Nigeria Today, Celebrities Gist, Funny Videos, Entertainment News, Movies and TV shows, Sport"
news,1:10 PM - 7 Apr 2009,NehandaRadio,http://nehandaradio.com,72896,944,Zimbabwe,"-18.4554899,29.74684","#Zimbabwe #News and #Internet #Radio #Station. Exclusive #Pictures, #Videos and #Podcasts. Facebook: https://www.facebook.com/NehandaRadio"
disaster/accident,1:34 AM - 26 Aug 2016,_MichaeIDeSanta,,80,110,"Rockford Hills, LOS SANTOS",,Retired criminal. Family man and movie Producer. Best pals @1TrevorPhilips & @_FranklinGTAV
journalist,10:46 AM - 11 Feb 2009,luchi7,,13982,2214,"iPhone: -15.252235,28.165728",,This is my personal profile-the views expressed here have absolutely nothing to do with where I work.
journalist,9:02 PM - 18 Mar 2007,chirag,http://www.marlinspike.in,7404,494,Delhi - NCR,"28.487615,77.29034",Specialist in obscure details. Arguing all sides of the argument. Tweets reflect personal views & humour (or lack thereof). Moderation is for cowards. @IndSyn
news,6:54 AM - 16 Oct 2013,Underground_RT,http://www.rt.com/shows/going-underground/,8006,1270,"London, England","51.50732,-0.1276399",UK current affairs programme from @RT_com. Hosted by @AfshinRattansi. Tired of mainstream news? Time to go Underground!
journalist,5:13 AM - 9 Feb 2009,RoyLilley,,41562,614,London,"51.50732,-0.1276399",Health writer and commentator
journalist,11:48 AM - 22 Dec 2011,zameersafi50,http://www.shebaradio.com/,1851,1480,Afghanistan,"33.00008,64.99984","ⓒ #Correspondent for #HUB_Group #Activist for the Purpose of #Peace Building, #Unity & Social #Development Focus: #AfgGovt, Media, Policy& Politics Views Mine"
fire/emt,7:47 AM - 19 Jul 2011,brightonsnapper,http://www.aerialnews.co.uk,5422,4288,South Coast,"22.24929,114.149505","VJ covering Sussex for the BBC-All National & local JP Newspapers,on call 24/7 - CAA Certified Fire Service/BBC UAV Pilot (2013)"
news,4:39 PM - 14 Mar 2016,Team_DrQadri,http://www.TeamDrQadri.com,5137,10,Pakistan,"30.33084,71.24749",#TeamDrQadri is a Social Media Network If You Join This Network Send Your Name+City inBox of this Account We Create a SM Updates Channel About #Revolution
news,6:56 AM - 12 May 2014,SchoolsWeek,http://schoolsweek.co.uk,33787,3087,"Greenwich, London","51.48208,-0.0045399","Latest news on primary and secondary schools and education policy in England. Exclusive interviews, news and experts - for readers who like to be in the know."
news,1:28 AM - 12 Feb 2013,capitalswanews,http://www.capitalfm.com/southwales,5809,4159,South Wales,"42.70894,-78.5780699",We are the news team for Capital South Wales. Tweet us your stories for Cardiff and Newport.
fire/emt,11:23 PM - 12 Apr 2016,ThaneCityPolice,http://www.thanepolice.org/,15037,35,Thane,"19.19432,72.97017","This is the official handle of Thane City Police. For any emergency, dial 100"
journalist,9:53 AM - 29 Apr 2010,AP_Travel,https://apnews.com/tag/apf-Travel,208154,5703,,,"Travel news, trips, trends, destinations, photos and videos from The Associated Press, hosted by AP Travel Editor Beth Harpaz"
journalist,8:09 AM - 17 Aug 2010,BasketBlog_com,http://BasketBlog.com,588,902,,,The latest News & Views from the NBA. Powered by http://RDAHealthcare.com
journalist,11:19 PM - 30 Nov 2008,adicrazy,http://aditimathurkumar.com,8338,524,India,"22.35111,78.66774","Author | #TEDx Speaker | #Travel Writer | Blogger | #ArmyWife | Curious. My Books: 'Soldier & Spice:An Army Wife's Life' & 'Love, Whatever That Means'"
news,9:05 AM - 6 Mar 2009,abuagla,http://www.abuagla.com,395,241,Global,,CIO/CTO @ Aljazeera Media Network
journalist,3:21 AM - 31 May 2009,zalmayzia,http://ziaurrehman.net/,9785,652,"Karachi, Pakistan","24.86677,67.03112",Journalist/Researcher l @thenews_intl & @nytimesworld l ex- @TFT_ l @ICFJ Fellow 2014 at @mySA l Author : Karachi in Turmoil (2013) |
news,5:05 AM - 8 Jul 2013,CityofWaltham,http://www.city.waltham.ma.us/social-media-information,4215,995,"Waltham, MA","42.37564,-71.2357999","Official Twitter of the City of Waltham, MA. Stay tuned for news, updates, events, and more. You can also find us on Facebook and Instagram @cityofwaltham"
news,9:31 AM - 27 Oct 2009,JonRothstein,http://bit.ly/itunes-collegehoopstoday,99458,714,NYC,"40.73059,-73.9865799","College Basketball Insider for CBS Sports, WFAN, and the FanRag Sports Network. Host of the #CollegeHoopsToday Podcast for Compass Media. AP voter."
journalist,7:28 AM - 6 Jun 2009,lucaformenton,http://ilsaggiatore.com,585,299,"iPhone: 40.725647,-74.001999",,"Fiction & Non-Fiction Publisher @ilSaggiatoreEd - loves jazz , Mahler,James Agee,photography,opera, and a lot more."
journalist,11:30 AM - 16 Apr 2012,nblaser18,,7425,1306,,,Istanbul-obsessed journalist. Bylines for @theAtlantic @AJEnglish @ForeignPolicy @CSMonitor @NewsweekEurope @P24Punto24
journalist,4:13 AM - 3 Feb 2010,fouad4,http://mohamoudyusuf.wordpress.com,434,234,"Bristol, England","51.45349,-2.5973899","Lifelong learner,Teacher of ESL, freelance writer, blogger ..Opinions are mine...."
news,12:21 PM - 5 Dec 2014,PrepHoopsBatL,https://www.prephoops.com/2017-battle-lakes/,1892,1677,"Minneapolis, MN","44.97729,-93.2654599","Prep Hoops (@PrepHoops) brings you one of the top events of the spring - extensive coverage - top competition - May 12-14, 2017"
journalist,8:38 AM - 15 Feb 2009,studentactivism,http://studentactivism.net,29368,1527,New York City,"40.73059,-73.9865799","Historian and advocate of American student activism. CUNY prof. To invite me to write or speak, drop me a note at angus@fecko.com."
news,2:00 AM - 6 Feb 2015,FreshRadioUAE,http://www.freshradiouae.com,1404,3418,"Dubai, United Arab Emirates","25.26835,55.29619",Fresh Radio UAE is a new Digital radio network which includes a huge variety of customized Stations by Genre. Fresh Radio Dance/Urban/Top40/Arabic more TBC...
news,7:31 AM - 17 Mar 2017,Mags661,https://magspublicmemes.wordpress.com/memes/,14755,2579,United States,"39.78373,-100.4458799","The MSM and Left want to control your ""Free Thought"" YouTube Channel: https://www.youtube.com/channel/UCbsWFbGzb8X4c43HFSdT8Mg … #MAGA"
wx,4:54 AM - 10 Jul 2009,Chicago_CP,http://toplocalnow.com/us/chicago,5344,35,Chicago,"41.87555,-87.6244199",Breaking news and weather updates from Chicago.
news,1:32 AM - 6 Jul 2015,K24English,http://kurdistan24.net/en,17515,16,"Erbil, Kurdistan","36.53493,44.25344","The English service of Kurdistan's leading news channel, Kurdistan24."
disaster/accident,2:22 PM - 10 Sep 2012,MichaelSSmithII,https://www.terrorismanalyst.com,13642,630,USA,"39.78373,-100.4458799",Terrorism Analyst ● Data Collector ● Listed among @ForeignPolicy's 100 Leading Global Thinkers 2016 ● Header photo is @WSJ article covering some of my research
disaster/accident,9:02 PM - 3 Sep 2011,BrianHubbs1,http://www.linkedin.com/in/brianhubbs,877,125,USA,"39.78373,-100.4458799","Brian Hubbs, a former Marine with a Masters degree in Terrorism and Nuclear Non-Proliferation, Monterey Institute of International Studies. Arabic Language."
news,12:00 PM - 2 Nov 2013,PakPressWatch,,15618,720,,,We aim to expose crooks & blackmailers in Pakistani media. Ex staffers of ET/Dawn/Jang/Nawa-i-Waqt. Defend honest journalism/journalists. Contact us with info!
news,4:44 AM - 13 Aug 2015,TheCanarySays,http://www.thecanary.co,35604,333,United Kingdom,"54.70235,-3.2765699","Free. Fair. Fearless. Fully independent media outlet bringing a fresh take on News and Politics, Science and Tech, Health & Wellness."
news,1:03 PM - 8 Jul 2010,HaverfordPatch,http://haverford.patch.com,1212,143,"Haverford and Havertown, PA","39.97517,-75.2639534",Haverford Patch is your source for local news.
news,1:06 PM - 9 Apr 2017,BigBlueBanter,http://www.bigbluebanter.com,1110,200,Big Blue Nation,,"*THE* Next Big Thing for #BBN. We are a site dedicated to honest, passionate, informed, and relevant UK sports news"
journalist,9:09 AM - 11 May 2009,brianklaas,http://www.brianpklaas.com,62184,1099,"London, England","51.50732,-0.1276399",Fellow @LSEGovernment; DPhil from Oxford. Author: The Despot's Accomplice: How the West is Aiding & Abetting the Decline of Democracy. Ex-US campaign adviser.
news,4:20 AM - 14 Apr 2014,todayng,http://www.today.ng,95777,2,,,"Follow us for news, photos, videos and the latest trends from around Nigeria and world. Follow on facebook at https://tdy.ng/fb"
journalist,9:50 PM - 16 Sep 2009,meetuttam,http://www.hindustantimes.com/columns/kumar-uttam,2304,939,New Delhi,"28.61389,77.21595",Journalist @htTweets
journalist,8:59 AM - 1 Nov 2012,jenntitus10,,1821,1319,"Tampa, Fl","27.94775,-82.4584399","WTSP 10 News Reporter. Wife. Former collegiate runner. I love God, my family, my dog, and chick-fil-a."
news,7:12 PM - 3 Sep 2010,MaddFan1,,179,66,My House,"41.42483,2.14004","Foreign news junkie; Richard Engel, Ayman Mohyeldin, Keir Simmons, Bill Neely, Tess Gerritsen & George Strait fan; Love animals & country music; NBC News viewer"
disaster/accident,12:20 PM - 19 May 2009,HDGregg,https://www.facebook.com/hd.gregg.5,16946,9082,"Illinois, USA","40.07963,-89.4339799","“While there is a lower class, I am in it, while there is a criminal element, I am of it, and where there is a soul in prison, I am not free.” ~Eugene V. Debs"
journalist,4:17 AM - 16 Dec 2011,pierre_peron,http://www.unocha.org/myanmar,12248,5056,"Yangon, Myanmar","17.05943,96.1133853085369",Public Information Officer in Myanmar for @UNOCHA based in Yangon. Views expressed are my own.
govt,6:20 AM - 6 Jul 2011,PascoCountyPIO,http://www.pascocountyfl.net,1197,197,"New Port Richey, FL","28.247125,-82.7170184227273","Public Information Office, Pasco County Government https://www.facebook.com/PascoCounty"
news,2:52 PM - 17 May 2011,jaff8,,269268,239996,"Benin-City, Nigeria","6.33305,5.6221",Promoter | Entrepreneur & Media Consultant | Tech Lover 影 []
disaster/accident,7:33 PM - 22 Jan 2011,DykstraDame,,22347,22339,NY,"43.15616,-75.8449899","There's never been a good war nor bad peace. As American as an overworked, underpaid mom & unlabeled, genetically-modified apple pie. Justice for #SethRich!"
news,9:50 AM - 2 Mar 2008,lauraolin,http://lauraolin.com,17707,560,Brooklyn,"40.6501,-73.9495799",Digital strategy for progressive causes. Obama 2012 social media director. Finnish-American. Sisu.
journalist,4:27 AM - 5 Aug 2012,gweccles,http://www.gweccles.com,612,507,Provence-Alpes-Côte d'Azur,,Author of the award-winning Alex Leksin thriller series: CORRUPTION OF POWER (2015) THE OLIGARCH: A THRILLER (2012) Available from all global Amazon sites
journalist,6:13 AM - 5 Jan 2009,GavinLeeBBC,https://www.pscp.tv/GavinLeeBBC,5221,982,"Paris, France","48.85661,2.35149",BBC News Europe Reporter. https://soundcloud.com/gavinleebbc
news,8:17 AM - 22 Jul 2008,ChuckyT3,,1395,1942,"DC-Baltimore area, Earth",,"Unapologetic news junkie; Tweet DC-Bmore/nat'l news, sports & odd news; worked in sports & news media; Emmy-winner; #FAMU; RTs ain't co-signs; Opinions are mine"
journalist,6:47 PM - 26 Jan 2010,GOPBlackChick,http://conservativeblackchick.com,67661,112,"Stereotype Busterville, USA",,Self-explanatory. Thinker. Author. https://www.amazon.com/gp/aw/d/1621574296/ref=mp_s_a_1_1?qid=1456106508&sr=8-1&pi=SY200_QL40&keywords=con+job …
news,8:08 PM - 11 May 2016,nytrb,http://nytrb.org,235,21,"New York,   🇺🇸","40.73059,-73.9865799",Stay informed on today news from New York and around the world.
journalist,10:34 PM - 1 Nov 2011,anumayhem,,4183,688,,,"Journalist. curious about politics of land, resources, work, wages. http://thiscorrespondence.wordpress.com"
journalist,2:32 PM - 10 Oct 2012,Spritelite2020,,9,84,,,"activist, mother, writer, artist."
journalist,5:57 AM - 1 Jan 2013,_JessicaBowman,,2751,445,"Jackson, MS","32.410435,-90.1620574",Reporter & Anchor @ WLBT-TV #BeYourself Love & Dream Outside the Lines Texas Girl Forever This is my personal Twitter account
news,6:39 PM - 14 Sep 2011,BruceBartlett,http://www.facebook.com/bruce.bartlett,42630,851,"Great Falls, Virginia","38.99816,-77.2883099",My book on how to fight fake news will be out in October. https://www.amazon.com/Truth-Matters-Citizens-Separating-Stopping/dp/0399581162/ …
news,12:19 PM - 8 Dec 2016,Sportnewsall,,1690,1512,United States,"39.78373,-100.4458799",We are a group dedicated to spreading news Of interest and deportees from all over the world! To always be connected
journalist,9:16 PM - 10 Apr 2009,Dreams_on_Paper,http://www.gofundme.com/davids-dream-trip-to-tokyo,2154,1929,"Austin, Tx","30.27112,-97.7436899",Actor/Writer. Designer/Stylist. Pop Culture/Streetwear Enthusiast. Mais je suis un artiste! My Streetwear brand @NEOPASSIO #TeamValor #HouseThunderbird
news,2:31 AM - 6 Aug 2014,NewsbreakNg,http://www.newsbreak.ng,6901,298,Nigeria,"9.60003,7.99997","We are a broad-spectrum source of credible, useful and timely news, features and opinions, especially as they affect Nigerians at home and in the Diaspora."
journalist,8:40 AM - 6 May 2009,marcuschown,http://www.marcuschown.com,41197,600,London,"51.50732,-0.1276399","Writer. Books include The Ascent of Gravity, What a Wonderful World, We Need to Talk About Kelvin, Quantum Theory Cannot Hurt You & Solar System for iPad"
news,6:14 AM - 15 Dec 2015,FrontPageHN,https://news.ycombinator.com,150,0,Geekland,,Tweets the front page stories from Hacker News.
news,11:22 AM - 4 Jun 2007,WNYC,http://www.wnyc.org,165431,2013,New York City,"40.73059,-73.9865799","Independent news, culture and courageous conversation. 93.9 FM | AM 820 -- http://Instagram.com/wnyc  http://wnyc.tumblr.com"
news,1:35 AM - 18 Feb 2009,southwalesargus,http://www.southwalesargus.co.uk,62833,1162,"Newport, Wales, UK","51.58823,-2.9974899","The South Wales Argus newspaper in Gwent, South Wales"
disaster/accident,1:14 AM - 16 May 2016,CeoPrepper,,27,87,United States,"39.78373,-100.4458799","In life, there are two types of people: the haves and the have nots... in a disaster this changes to the sheep and wolves... I am the wolf hunter."
police/traffic,6:25 AM - 15 Oct 2016,Impartial311,http://www.impartialobserver.org,2572,2325,Central New York,"63.59613,23.46418",I'm a retired police officer hiding out in New York with my wife and three dogs. Marine Corps combat vet. I try to post opposing views on most subjects.
journalist,2:20 AM - 16 Dec 2013,ameckardt,http://www.nbcnews.com/search/eckardt,771,134,,,"Germany-based storyteller and TV-journalist with @nbcnews / '@', '#' and retweets are not endorsements, views all my own not those of @nbcnews"
journalist,1:37 PM - 23 Oct 2008,MargaretAnnWJTV,https://www.facebook.com/pages/Margaret-Ann-Carter/258377764347587,1562,586,"Jackson, MS","32.410435,-90.1620574",WJTV News 12 Anchor/ Reporter. Proud Gamecock! #CharlestonStrong Instagram: ma_carter122 email: mcarter@wjtv.com
disaster/accident,9:52 AM - 18 Jun 2011,US_Intel,,2474,2425,USA,"39.78373,-100.4458799","Insufficient security clearance. Buckle Up Buttercup, #DIA, #USFA, #SIGINT Former EIT enthusiast , POW's are Intelligence Opportunities. I Know what triggers U."
news,10:26 AM - 3 Jul 2010,prisonculture,http://www.usprisonculture.com/blog/,56897,1554,"New York, USA","40.73059,-73.9865799","Founder Project NIA (@projectnia), Co-Founder (@chitaskforce), (@ChiFreeSchool) & (@loveprotectorg) Abolitionist, Organizer, Educator, Hallmark Channel devotee"
news,10:41 PM - 26 Jul 2009,TheTandav,,356,208,"Munich, Germany","48.1371,11.57538","Sniping the old-boys network in Lootyens, New Delhi. ( And I see some from Indian media in the crosswire)"
news,12:46 PM - 23 Jul 2011,mrtom2360,,5057,5432,Albany NY,"42.65116,-73.7549599","Constitutional Conservative. Strong believer in the #1A freedom of speech, & #2A Soc media brought Morsi down! Friends w Tom & Deneen Borelli +Col Shaffer"
news,12:46 AM - 14 Jun 2008,PalmerReport,http://palmerreport.com,67439,24061,"Los Angeles, CA","34.05439,-118.2439399",Palmer Report: news and analysis for politics and elections http://palmerreport.com
