journalist,9:44 PM - 18 Dec 2010,renaehenry9,http://www.9news.com.au,3827,902,"Perth, Western Australia","-31.9527099,115.86047",Journalist | Channel 9 | @9NewsAus | @9NewsPerth
journalist,8:41 PM - 9 Jan 2011,AndrewBurrell7,http://theaustralian.com.au,4013,1321,"Perth, Australia","-31.9527099,115.86047",WA Chief Reporter at The Australian. Author of Twiggy: The High-Stakes Life of Andrew Forrest. Freo fanatic. burrella@theaustralian.com.au
news,2:31 AM - 11 May 2012,DnBLines,http://about.me/DnBTV,2970,1592,"London, UK","51.50732,-0.1276399","Drum and Basslines is an event brand and live TV channel #dnbtv Check the website http://drumandbasslines.com  for the latest news DnB, Dubstep and Breaks"
journalist,10:30 PM - 16 Oct 2009,kohrhKOIN,http://koin.com,2795,343,kohr.harlan@koin.com,,Koin TV News Reporter
journalist,5:00 PM - 24 Jun 2008,BillAFox29,https://m.facebook.com/BillAndersonFox29,11128,3147,"Philadelphia, PA","39.95239,-75.1635799",@Fox29Philly #ForGoodnessSake reporter. It's my job & passion to find people doing good things in our communities and tell their story! Bill.Anderson@FoxTV.com
wx,6:21 AM - 29 Jun 2010,KTTCWeather,http://www.kttc.com/weather,2278,13,Rochester-Austin-Mason City,,
news,8:30 PM - 17 Mar 2009,TheCullmanTimes,http://www.cullmantimes.com,8325,595,"Cullman, AL","34.13353,-86.8779199","Cullman County's daily newspaper, covering the community for 117 years."
news,4:02 PM - 5 Aug 2011,yoopergirl737,,226,824,"Goetzville, MI","46.05807,-84.0922299","Wife, mom, grandma, a political/news . Progressive, Liberal FDR democrat who believes the working class and poor have an uphill fight for economic survival."
journalist,10:48 AM - 5 Oct 2013,MemoirBook,http://lrd.to/WorldwideAmazonLink,453,113,"Miami, FL","25.77426,-80.1936499","Inventor of #MemoirBook. Author of memoir eBook series, Where Did My Life Go? Available Worldwide on Amazon, iBooks, NOOK, Google Books and Smashwords."
news,11:05 AM - 6 Apr 2010,NewCityPatch,http://NewCity.Patch.com/,1892,51,"New City, NY","41.14699,-73.9902899",New City Patch is your source for local news.
news,5:35 PM - 15 Dec 2013,sgpressrelease,,529,32,Singapore,"1.29045,103.85203",News Stories from Singapore
wx,7:28 AM - 24 Jan 2009,EricWFMJ,http://ericwfmj.com,3292,430,"Youngstown, OH","41.09978,-80.6495099","Chief Meteorologist, AMS Certified Broadcast Meteorologist, @21WFMJ Youngstown, OH. Proud Ohio State Alum. Go Bucks!"
journalist,4:44 AM - 13 Mar 2010,NazranaYusufzai,http://www.pashtovoa.com/,59534,1065,From Swat Pakistan-,,VOA journalist but views personal. LLM ( Uni Manchester) Rights activist – #Feminist –Focus on #Gender #HumanRights #Politics #Media #Peace #War and #Cricket
journalist,7:12 PM - 14 Apr 2009,AMoraTV,,3590,836,,,Former @GMA news anchor and host of @AJAM international news hour. Reformed U.S. and Venezuelan lawyer. Tennis parent.
police/traffic,1:20 PM - 22 Jan 2010,NHDOTSpaulding,http://www.nhtmc.com/,2537,0,nhdot,"43.02428,-71.0724337970588",NHDOT's Transportation Management Center is now posting traffic alerts for the Spaulding Turnpike on twitter!
govt,4:05 PM - 6 Dec 2016,kawczynska71,,0,52,"Auburn, CA","38.89459,-121.0739799",Cute animals Government & Politics Reality TV #Election2016
journalist,2:15 AM - 8 Sep 2009,tom_cowie,https://www.facebook.com/cowietom/,5529,3363,Melbourne,"-37.8142099,144.96316",Journalist at @theage covering crime and courts. Contact: Open DMs / 8667 1192 / tom.cowie@fairfaxmedia.com.au | Also involved with @whitelinewire
quake,6:18 PM - 8 Apr 2010,BigEarthquakes,,12999,1,Worldwide,,"GEO-tagged world earthquakes magnitude 6+ and tsunami warnings. Dynamic avatar shows last earthquake. Sources: USGS, NOAA, GEOFON."
news,6:57 AM - 3 Mar 2015,nhlnewsooyuz,http://www.ooyuz.com/newsarticles?term=nhl,1631,1792,,,NHL News Tweets. Served by news analytics application @OOYUZ
journalist,11:05 AM - 24 Jun 2009,RayVilleda,http://nbcnewyork.com,6813,1072,"New York, NY","40.73059,-73.9865799","Emmy-winning @nbcnewyork reporter; Ithaca grad; fitness fanatic; hablo Espanol. NYC is home, but I know a thing or 2 about DFW, CT & SYR Ray.Villeda@nbcuni.com"
fire/emt,1:24 PM - 23 Jan 2009,CityofDenver,http://www.denvergov.org,1304,44,"Denver, CO","39.73915,-104.9846999","Official Twitter for the City & County of Denver. For non-emergency city services, visit http://pocketgov.com  or dial 311 (720-913-1311 outside Denver)."
news,8:42 AM - 21 May 2008,asharma,http://www.wsj.com,5704,285,"New York, NY","40.73059,-73.9865799",Media & Marketing Bureau Chief at The Wall Street Journal. amol.sharma@wsj.com
journalist,9:28 AM - 26 Mar 2010,hemjhaveri,http://ftw.usatoday.com,2018,610,"Alexandria, Va","38.8051,-77.0470199","Editor, @forthewin. sports, politics and fast and furious tweets. Hater of brunch, lover of hockey."
news,11:54 AM - 3 Apr 2009,upressonline,http://upressonline.com,2534,470,"Boca Raton, Florida","26.35868,-80.0830899",The student-run newspaper of Florida Atlantic University. Sports: @UnivPressSports Tips: universitypress@gmail.com
journalist,2:26 PM - 30 May 2013,BND_JForsythe,http://www.bnd.com,532,305,"Belleville, Illinois","38.52005,-89.9839899","#journalist. Covering news in St. Clair County, Ill. @bellevillenewsd. @mcclatchy jforsythe1@bnd.com."
govt,9:23 AM - 21 Apr 2016,SallyQYates,http://justice.gov,117037,166,"Washington, DC","38.89495,-77.0366399",The official twitter account of former Deputy Attorney General Sally Q. Yates of @TheJusticeDept. This account is no longer active.
news,7:54 AM - 30 Apr 2008,columbiatribune,http://www.columbiatribune.com/,31849,860,"Columbia, MO","38.95188,-92.3337299","The Columbia Daily Tribune is a daily newspaper in Columbia, Missouri."
journalist,4:16 PM - 29 Sep 2015,LexyHS1,,1340,1262,,,"Journalist MC and Presenter, currently working for ABC Brisbane. (views are my own)"
journalist,3:27 PM - 21 Jul 2009,brigidglanville,,6246,1815,,,ABC TV State Political Reporter in NSW. My retweets are not always endorsements.
journalist,11:57 AM - 1 Aug 2008,lacymacauley,http://www.lacymacauley.wordpress.com/,2742,668,Washington DC,"38.89495,-77.0366399",Anarchism ~ International Relations ~ Radical Dreamer ~ Justice Lover ~ Thought Dancer ~ Heart Writer ~ Divine Dakini
news,4:14 PM - 8 Mar 2012,oclv_choi,,5,22,Hong Kong,"22.27932,114.16281","Born 60s, 9-5 media worker, love green plants, roadie cyclist, HongKonger"
news,7:29 PM - 5 Mar 2014,RedactedTonight,http://leecamp.net,20849,1050,"Washington, DC","38.89495,-77.0366399",Taking the news from behind every Friday at 8 & 11:30 pm EST on @RT_America. Subscribe online at http://YouTube.com/RedactedTonight
news,2:39 PM - 21 Jan 2009,SGVTribune,http://www.sgvtribune.com,31113,510,"Monrovia, CA","34.14834,-118.0014499",Local. News. Matters. We cover breaking news and local news in the San Gabriel Valley. #LocalNewsMatters
news,3:19 AM - 4 Aug 2016,EtvGujaratiNews,http://gujarati.news18.com/,728,9,"Ahmadabad City, India","22.25673,72.1758960107941","ETV News Gujarati, Network18 Group caters to News & information to the Gujarati viewers. Network18 Group is presently the largest Television Network in India."
news,7:56 PM - 5 Jan 2010,channychheng,,850,720,Cambodia,"13.50663,104.86942",@Co-founder of Politikoffee (http://www.politikoffee.com ) media and communication for development.
journalist,9:59 AM - 2 Nov 2016,amcampbell84,,90,595,"Indianapolis, IN","39.76833,-86.1583499","Domestic Violence/Child Maltreatment Researcher, Author, and Educator. https://www.linkedin.com/in/andrew-campbell-8a4a7b88 …"
journalist,9:34 AM - 8 Oct 2009,StribRoper,http://www.startribune.com/bios/62906482.html,6717,1002,"Minneapolis, MN","44.97729,-93.2654599",Reporter at the Star Tribune covering the Twin Cities metro area. http://www.startribune.com/eric-roper/62906482/ …
journalist,7:18 AM - 20 Nov 2012,IrisPerezFOX9,http://www.fox9.com,4962,898,Minneapolis/St.Paul,"44.878015,-93.2209218230769",Emmy award-winning journalist. Michigander turned Minnesotan. @umich alumna .Have a good story? http://Facebook.com/IrisPerezFOX9  Mentions≠endorsements.
disaster/accident,5:07 PM - 23 Jan 2013,ws_missouri,http://news-leader.com,1392,1428,wschmitt@news-leader.com,,Missouri politics and Ozarks crime for @springfieldNL — Retweets are either meaningless or worth their weight in gold but are certainly not endorsements.
journalist,2:22 PM - 29 Sep 2011,narulaAlka,http://www.alkanarula.blogspot.in,2676,343,india,"22.35111,78.66774","interior designer/co-author Rousing Cadence,A World Rediscovered.The author of Deep In My Heart.#SaveAnimals http://www.alkanarula.co/"
journalist,2:42 PM - 22 Jun 2008,cjciaramella,,7960,2043,"Washington, D.C.","36.29885,-82.3591834","Criminal justice reporter for @reason, FOIA nerd and Oregonian at heart | Email: cj.ciaramella [AT] reason dot com"
journalist,8:33 PM - 1 Dec 2008,esmemurphy,http://www.wcco.com/esmeblog,12991,1580,Minneapolis,"44.97729,-93.2654599","Mom, Reporter, Radio Host, Hockey Mom"
wx,8:26 AM - 13 Feb 2009,wluctv6,http://www.uppermichiganssource.com,21833,1675,"Marquette, MI","46.54349,-87.3964299","Upper Michigan's Source: WLUC, serving the Upper Peninsula with the latest news, sports, and weather with TV6 and FOX UP. #LiveOnTV6"
news,6:37 AM - 15 Aug 2013,10newsZach,,173,319,"San Diego, CA","32.71742,-117.1627699","News photographer/photojournalist for KGTV in San Diego, California. Raised in New England. CT - MA - NC - CA"
fire/emt,3:19 PM - 18 Jul 2016,TNDispatch,http://www.tollandcounty911.org,796,88,"Tolland, CT","41.81844,-72.3562199","Official Twitter account for Tolland County 911. TN is a Regional 911 PSAP & Fire/EMS Dispatch Center. ACCOUNT NOT MONITORED 24/7, CALL 911 TO REPORT EMERGENCY"
news,6:17 AM - 29 Mar 2011,khalid_pk,http://www.jaagtv.com,1968,515,"Karachi, Pakistan","24.86677,67.03112","Associated with JAAG TV, managing @JaagAlerts, mostly tweet about Karachi, or top national news"
journalist,4:58 AM - 7 Feb 2013,priyatharshan1,http://virakesari.lk,557,642,Colombo,"6.93499,79.85384",Journalist
fire/emt,8:39 PM - 13 Nov 2012,Firefighting365,,2005,1458,London,"51.50732,-0.1276399",All the latest breaking news about Firefighting.
journalist,1:09 AM - 26 Jun 2008,_esther,http://estheranatolitis.net,4067,1130,"Melbourne, Victoria","-37.8142099,144.96316","Writer. Facilitator. Advocate. Director of Projects, @RegionalArtsVic. Chair, @elbowroom. Deputy Chair, @CapCollingwood. Board Member, @ACMI."
police/traffic,12:52 PM - 19 Aug 2014,DuluthPD_S18,http://northlandk9.org/duluth-police-department-k9-unit/,1091,14,"Duluth, MN","46.77293,-92.1251199",K-9 Officer & Tactical Response Team Operator with the Duluth Police Dept. #K9Hondo #CommunityPolicing
journalist,7:47 PM - 22 Dec 2011,MayaSchenwar,http://www.mayaschenwar.com,6594,2039,"Chicago, IL","41.87555,-87.6244199","Editor in Chief, @truthout! Author, Locked Down, Locked Out: Why Prison Doesn't Work & How We Can Do Better. Opinions=mine."
wx,9:54 AM - 6 Aug 2010,MPRweather,http://minnesota.publicradio.org/collections/special/columns/updraft/,14733,544,,,Tweets by MPR chief meteorologist Paul Huttner. Automated severe weather alerts for the Twin Cities area.
journalist,3:58 AM - 2 Mar 2012,GERArmyResearch,https://robinschaefer-historian.com/,12164,999,Germany,"51.08341,10.42344","Fritz, Full-time German Military Historian, Author, Battlefield Guide. Historical Consultant for the media. Part-time (German) militaria dealer."
journalist,1:23 PM - 17 Jul 2014,cwlnewswatch,http://www.cornwallnewswatch.com,1919,311,"Cornwall, Ontario, Canada","45.02053,-74.7308499",News that matters in Cornwall and SD&G. Editor: @BillKingston News tip? Ph: 613-936-1686 Email: editor@cornwallnewswatch.com
journalist,5:54 AM - 28 Jul 2009,MadrasMobile,http://www.sriramv.wordpress.com,3166,92,Chennai,"13.07969,80.28295","Part entrepreneur, part historian, part writer, part crackpot"
journalist,7:57 AM - 12 Jul 2013,10NewsRBianco,http://www.10News.com,2561,466,"San Diego, CA","32.71742,-117.1627699","Reporter for @10News covering crime, politics, courts & the occasional wayward sea lion. Story ideas? Tweet me."
news,9:03 PM - 26 May 2007,DavidHelwig,http://www.sootoday.com,739,1258,"Sault Ste. Marie, Ontario","46.52182,-84.3194499","Journalistic gadfly, media strategist, aspiring opera librettist. Mixed martial artist. World's whitest lover of COGIC-style music and Anishinaabe drumming."
wx,2:17 PM - 6 Oct 2015,Chris_WPMI,http://www.local15tv.com/weather,775,1420,"Mobile, AL","30.69435,-88.0430499","Chief Meteorologist for Local 15 News, WPMI-TV"
disaster/accident,5:29 AM - 17 Nov 2016,Me_Israelite,http://foreignpolicy.com/2014/01/01/how-zionist-extremism-became-british-spies-biggest-enemy/,790,263,Republic of Belarus,"53.42506,27.69713",I am the father of modern terrorism.
journalist,11:59 AM - 2 Jul 2010,gaylelemmon,http://www.gaylelemmon.com,21484,10833,,,"Author of NYT Best Sellers Ashley's War & Dressmaker of Khair Khana. Sr Fellow, Council on Foreign Relations. All views my own. RTs not = endorsement."
fire/emt,11:37 AM - 8 Sep 2011,Denver_Fire,http://www.denvergov.org/fire,8157,283,"Denver, CO","39.73915,-104.9846999","Quality, timely & professional emergency service in Denver, Glendale, Sheridan, Skyline & Englewood. Account not monitored 24/7. Call 911 in emergencies."
police/traffic,8:50 PM - 6 May 2014,sanjosepcr,,164,243,San Jose Tarlac,"15.45788,120.46833",San Jose Police Station
journalist,9:14 AM - 10 Feb 2011,ChristineVNL,http://valleynewslive.com,1067,1312,"Fargo, ND","46.87722,-96.7898199","Anchor for @ValleyNewsLive and @TheCW in Fargo, ND | christine.stanwood@valleynewslive.com | @KUnews alum | Former @kmbc | All opinions are my own |"
journalist,5:52 AM - 30 Oct 2012,SueinRockville,,8545,1901,Rockville MD,"39.084,-77.1527499",Pragmatic Progressive and True Democrat. Citizen Journalist doing the work Corporate Media fails to do.
police/traffic,1:10 PM - 30 Jun 2012,SSASMCGUIRE,https://www.linkedin.com/in/sam-mcguire-a0977490,3544,3759,"Fallon, NV","39.47381,-118.7783899",U.S. Navy Police Special Reaction Team FTO1*|Det/Interrogation/Profiles|@therevboblevy's partner|Co-host @theSITREPshow|CCW Inst.|Syringomyelia|Disabled Vet
journalist,9:14 AM - 13 May 2008,manupubby_ET,http://economictimes.indiatimes.com/etreporter/author-manu-pubby.cms,15445,496,New Delhi,"28.61389,77.21595",Senior Editor I Economic Times I Awarded: Press Council of India I KC Kulish I 2 X Ramnath Goenka
news,2:45 PM - 14 Mar 2016,JewRicans,https://twitter.com/JewRicans,524,856,,,Bringing you real news to make informed decisions in a time where the most powerful country on earth is now a Banana Republic.
journalist,8:36 AM - 29 Aug 2012,JLKirchmeier,http://www.amazon.com/Imprisoned-Past-McCleskey-American-Penalty/dp/0199967938,4660,3604,New York City,"40.73059,-73.9865799","Law professor, CUNY Law School. Author of 'Imprisoned by the Past' (Oxford) on history of death penalty and its link to race. Criminal law, social justice, etc."
journalist,1:59 PM - 4 Jan 2010,PhilJankowski,http://www.statesman.com,2851,1900,"Austin, TX","30.27112,-97.7436899",City Hall reporter for @statesman. BC Greenbelt aficionado. Opinions & RTs = pizza | pjankowski at statesman dot com
journalist,7:57 AM - 26 Jan 2009,LizGelardi,http://lizgelardi.com,4373,1163,"Denver, CO","39.73915,-104.9846999","@DenverChannel Reporter, Mizzou alum, aspiring yogi, Michigan native & Detroit sports fan. Have a story idea? I would love to hear it. liz.gelardi@kmgh.com"
journalist,10:06 PM - 11 May 2008,crikey_news,http://www.crikey.com.au,180026,334,Australia,"-24.7760999,134.755","News, views and debate direct from the Crikey newsroom. Sign up for a 21-DAY FREE TRIAL here: http://bit.ly/2gTUQnb  (Tweets signed (SW) are from @sallywhyte)"
news,7:36 AM - 2 Jan 2014,BloggerNetwork2,http://www.blogger-net.com,110,11,,,World News
disaster/accident,10:54 PM - 11 Nov 2014,darththawne,https://letterboxd.com/mrjameshalpert/,2288,250,Australia,"-24.7760999,134.755","Film and TV loving guy with a healthy dosage of Office worship, cinema obsession, Star Wars love, and occasional overblown fondness for superhero movies."
journalist,11:15 AM - 28 Dec 2015,theprisonin12,http://www.prisonlandscapes.com,395,479,,,"A film about the prison from the places we least expect to find it. Director @brettpstory, Cinematographer @mayabankovic, Editor @avril_jacobson."
news,11:29 PM - 24 Apr 2017,KoplanReport,,1300,1278,,,A news/politics aggregation website for Arkansas and beyond. launched 4/25/17 full site soon!
news,5:02 PM - 14 Sep 2008,OUDaily,http://OUDaily.com,22482,7513,"Norman, Oklahoma","35.22257,-97.4394799","News from the University of Oklahoma's independent student news organization, the OU Daily. Email: dailynews@ou.edu."
journalist,9:17 AM - 16 Mar 2009,blackdiamond130,,1578,2659,Texas,"31.81603,-99.5120899","Love 2 laugh, write, workout, watch sports. Servant leader who s God! Vegetarian. My 3 s I miss u deeply. Grateful for the journey, hope 2 make you proud"
news,2:54 AM - 19 Apr 2009,kencampbell66,http://www.infowars.com,23465,21760,,,Information is power. We are the media!
news,6:11 PM - 14 Aug 2014,SurfingAnimals,,899,134,Earth,"34.23313,-102.4107399",Our favorite viral and trending stories and news about animals #pets #wildlife #nature
news,3:03 PM - 12 Feb 2009,WinnipegNews,http://www.winnipegfreepress.com,111555,2074,"Winnipeg, Manitoba, Canada","49.88333,-97.1666699","News, photos, video and live coverage from Winnipeg and Manitoba. Check out our full staff Twitter list: http://wfp.to/twitter  & News Cafe @wfpnewscafe"
police/traffic,8:21 AM - 5 Mar 2015,Ma3RouteCounty,http://ma3route.com,9981,14,Kenya,"1.44196,38.43139","A mobile, web and SMS platform that helps citizens to share and access info about transport and current traffic conditions for their city. #BeatInconvenience"
journalist,8:57 PM - 5 Dec 2011,DebashishHiTs,,6098,2653,India,"22.35111,78.66774","Views r mine, re-tweets r not. nothing to do with profession. Laughter is the best medicine, tears r best soul-cleanser, music best purifier."
disaster/accident,6:25 PM - 20 Oct 2012,4NewMidEast,http://www.strategicsolutionsforanewmiddleeast.com,96,297,,,Dedicated to addressing crucial United States’ policy concerns regarding the Middle East and Islamic Terrorism.
news,6:49 AM - 3 Mar 2009,InsideEdition,http://www.insideedition.com,69305,1279,New York,"40.73059,-73.9865799","Inside Edition is television's longest-running, top-rated, and most-honored syndicated newsmagazine."
journalist,12:27 PM - 20 Sep 2012,Drew_CBS13,,3409,249,"Sacramento, CA","38.58157,-121.4943899",Reporter for CBS13 | husband | dog dad | triathlete | adopted UGA Fan | #MiamiOH Alum. Tweets my own. RT ≠ endorsement
journalist,12:45 PM - 27 Apr 2009,JeffFletcherOCR,http://www.ocregister.com/angels,13318,761,California,"36.70146,-118.7559899","Angels beat writer, Orange County Register"
journalist,9:32 AM - 5 Dec 2014,imeerage,https://imeerage.wordpress.com/,11401,507,मोदीजी का भारत,,"Unapologetic Indian, Staunch follower of नरेंद्र मोदी n Indian Army, I never change my views at any cost !! Coffeeholic । Geopolitics Student, Strategist ♡♡"
disaster/accident,10:52 AM - 23 Feb 2010,Steinmeister85,,68,200,"San Antonio, TX","29.4246,-98.4951399","Follower of Christ, husband to Mirruk, and father to an amazing son. Huge @marvel, @dccomics, star trek, star wars, Doctor Who, and Christian Theology fan."
govt,9:55 PM - 11 May 2013,YasheshYadav,http://dxpwa.com/online-joining-process-of-dwarka-expressway-welfare-association/,406,163,"Palam Vihar, Gurgaon","28.51795,77.0429494859813","#Activist, President DXPWelfare Association fight for #EarlyCompletion of #DwarkaExpressway #NPR Announced by Haryana govt. in 2007 Still pending #EndlessWait"
govt,7:28 AM - 17 Sep 2010,mysticsausage,http://www.gfy.com,2219,1602,La Reunion,"-21.1309299,55.52657",When government fears the people there is Liberty. When people fear the government there is Tyranny.
news,12:28 PM - 24 Nov 2009,efs300,,437,143,,,"IT Professional, I mostly auto share news about things that interest me: New England Patriots, Internet of Things, planets in our solar system, Kickstarter"
journalist,9:33 AM - 20 Apr 2014,iAnkurSingh,http://khabare.com,23260,592,,,Non Residential Bihari | Views Personal
journalist,10:57 PM - 10 Apr 2011,KymAgius,http://www.abc.net.au/news/qld/,1086,823,Brisbane,"-27.4689599,153.02349",Queensland online producer @abcnews. Views are my own.
journalist,4:31 PM - 3 Feb 2010,CatherineRossTV,,523,581,"Fargo, ND","46.87722,-96.7898199",Reporter/Photographer for WDAY 6 News Have a story idea? Tweet me or send me an email at cross@wday.com
govt,11:31 PM - 19 Nov 2009,UNDP_Pakistan,http://www.pk.undp.org,41776,2512,Islamabad,"33.69457,73.06437",We work collectively w/ Pakistan's government & people on developing & supporting nationally-driven solutions to challenges & improve livelihoods & resilience.
journalist,8:56 PM - 2 Mar 2009,klustout,http://facebook.com/kristielustout,158975,2568,Hong Kong,"22.27932,114.16281","Media junkie. China nerd. Geek mom. And yep, I'm an anchor/correspondent for CNN. | Instagram: @klustout"
journalist,12:17 AM - 3 Dec 2012,lizzlaw_,http://www.afp.com,876,498,Singapore,"1.29045,103.85203",Singapore correspondent for Agence France-Presse (@AFP). Loves coffee. Views are my own.
disaster/accident,3:57 PM - 3 Jun 2013,RonRosenbaum1,,5574,5126,"Manhattan, NY","40.79027,-73.9597199","Books include: Explaining Hitler [newly updated] The Shakespeare Wars, How the End Begins, The Secret Parts of Fortune// Slate/Smithsonian/ops mine"
journalist,7:57 PM - 21 Sep 2011,GideonResnick,http://www.thedailybeast.com/contributors/gideon-resnick.html,28202,947,,,"Reporter @thedailybeast. Send tips/love letters to gideon.resnick@thedailybeast.com, gideonresnick@protonmail.com, DM for Signal contact"
journalist,7:10 AM - 18 Jul 2011,DrRBSingh,,1400,2584,Mumbai-India.,"18.95238,72.83271","Dr.R.B.Singh; M.Sc.,Ph.D;M.A;B.Journ.;Llb. Social Writer. NEO-SOCIOLIST ''BORN TO WIN''"
news,7:24 PM - 8 Feb 2012,DogingtonPost,http://dogingtonpost.com,4963,2410,,,The Dogington Post is about sharing your love of dogs. Featuring all the important dog news in one place.
govt,9:34 AM - 14 Mar 2017,Ben4congress,,496,1194,"Cottonwood Heights, UT","40.61967,-111.8102099",http://Ben4congress.org  The Federal Government has been hijacked by corporations. Now is the time we must empower working class families and build a fair society.
journalist,4:12 PM - 9 Mar 2013,KatieKIMT,,256,97,,,Morning anchor and producer at KIMT News 3 in Mason City.
news,12:17 PM - 21 Apr 2009,VOAAfrica,http://www.voaafrica.com,176995,177,USA,"39.78373,-100.4458799",Africa news from the Voice of America. More news at http://voaafrica.com
news,2:32 PM - 23 Aug 2011,StockBotWire,http://www.stockbotwire.com,3104,2798,,,Notifying Penny Stock investors of the latest news in Penny Stocks!
news,7:28 AM - 4 Sep 2014,alexnpress,http://saxlepres.wordpress.com,12141,583,"New York, NY","40.73059,-73.9865799","Sociology PhD student: urban soc, political economy, media. Socialist. Feminist. Bylines @thenation, @jacobinmag, etc. The tweets are jokes."
news,1:00 AM - 26 Feb 2013,NewDelhiTimesIN,http://www.newdelhitimes.com,443231,124,"New Delhi, India","28.61389,77.21595","New Delhi Times, India's only newspaper providing Editorial based reporting since 1982 from New Delhi. #newdelhitimes #newsdelhi @NewDelhiTimesIN"
disaster/accident,5:23 PM - 27 Oct 2016,TrutherBotBunny,,621,518,Playboy Mansion,"34.076465,-118.429523610317",Spread love . Not hate. Spread peace .Not war. #TrutherbotArmy #OpStopSuicide #NoDAPL #FreeMartyG #Anonymous #ExpectUs #love4childrenofyemen
journalist,11:11 AM - 13 Feb 2015,shlomikliab,http://facebook.com/shlomo.ben.meir,14582,12239,"Petach-Tikva, Israel.","32.09313,34.8683315333333","Israeli writer & researcher. Media analyst, @CAMERAorg @presspectiva. Zionist. RT is just RT. Same goes for sharing an article. Blog: http://tremr.com/shlomi-ben-meir"
journalist,7:45 PM - 13 Feb 2009,GerardNews3LV,http://www.News3LV.com,6497,757,Las Vegas,"36.16628,-115.1492199",News Anchor/Reporter @News3LV #NBC #LasVegas. Owner @CommercialMeNow Productions.
police/traffic,7:54 PM - 4 Feb 2013,KayaTraffic,http://www.kayafm.co.za,9147,292,195 Jan Smuts KayaHouse,,Traffic reports from 5:30 to Midday with Kgomotso Meso. From 13:00 to 19:00 with Mvangeli Nzuza.
news,7:21 AM - 29 Oct 2016,David_Jorgonson,,30,95,"Alabama, USA","33.25888,-86.8295299",News Junkie
journalist,6:47 PM - 23 Aug 2010,ogannah,http://www.thewillnigeria.com,482,180,"Beverly Hills, California, USA","34.07362,-118.4003499","Journalist, advocate for good governance, founder and Publisher of THEWILL."
govt,4:20 PM - 11 Nov 2011,empathywarrior,http://rabble.ca/blogs/bloggers/lucialorenzi,4459,2627,Kwikwetlem territory,,"Governor General Award-winning feminist killjoy researching trauma theory, CanLit, perpetrator narratives. #Blackademic. I live for Star Trek and the #Beyhive."
journalist,9:15 AM - 6 May 2009,JMilesKHOU,http://www.khou.com,10124,4997,"Houston, TX","29.75893,-95.3676899",@KHOU Reporter/Fill-In Anchor. Email story ideas: jmiles@khou.com. Facebook: https://www.facebook.com/KHOUJasonMiles/
wx,6:08 AM - 1 Oct 2009,ABC17News,http://www.abc17news.com,11384,226,"Columbia, MO","38.95188,-92.3337299","Mid-Missouri's source for breaking news, weather & sports. ABC 17 News is a product of NPG of Missouri, LLC in #CoMO, #JCMO and #MidMO http://youtube.com/c/ABC17News"
news,6:43 PM - 15 Nov 2009,countchrisdo,http://twitch.com/countchrisdont,1650,588,"Arlington, VA","38.89039,-77.0841499",Social Media Guru.Comics Evangelist.Bird Rights Activist.Chesapeak Ripper Impersonator. Pls fola an tel ya friends I need more attention. @TalkFEtoMe
disaster/accident,10:30 PM - 27 Jul 2015,EmpireFiles,http://theempirefiles.tv,16196,386,U.S. Empire,"41.91911,12.4993",A documentary & interview series hosted by @AbbyMartin - Reporting on war & inequality from inside the Empire // New episode every week on @telesurenglish
news,11:46 AM - 13 Aug 2009,Utah_Newspapers,http://Bit.ly/Utah-News,11246,79,"Utah, USA","39.42251,-111.7143499",Tweeting news about Utah as a public service.
fire/emt,3:18 PM - 4 Jan 2017,CstZhalovaga,http://www.vpd.ca,725,974,"Vancouver, British Columbia","49.26089,-123.1139299",@VancouverPD School Liaison Officer. This account is not monitored 24/7*Call 911 for emergencies or 604-717-3321 for non-emergency police response.
disaster/accident,3:51 AM - 22 Mar 2017,HateCrimeSA,,837,47,South Africa,"-28.8166199,24.99163","We expose and report hate crime including hate speech, incitement of violence, xenophobia, homophobia and racism. WARNING: Not for sensitive readers!"
journalist,9:10 AM - 6 May 2009,suhrith,http://suhrith.net/,3417,740,"Madras, India","13.07969,80.28295",Lawyer and writer. Sports wonk and Man United fan.
fire/emt,11:41 PM - 3 Feb 2014,DenmarkPol,http://police.wa.gov.au,1757,208,"Denmark, Western Australia","-34.9646499,117.35914","Welcome to Denmark Police. If you need police assistance call 131444, if it's an emergency call 000. Twitter is not monitored 24/7."
journalist,10:42 AM - 17 May 2012,MiriamABerger,http://www.miriamaberger.com/,3185,948,jerusalem,"31.77911,35.22662",Freelance journalist in the Middle East / bylines @reuters @ap @buzzfeed @usnews @newsweek @thenation @RoadsKingdoms @citylab etc. / @pulitzercenter / Yalla
police/traffic,3:49 PM - 30 Mar 2016,FidoPD,,1826,1452,"Victoria, British Columbia","48.42833,-123.3649199","We are a police department that loves dogs! Follow us to get a 50% discount on speeding tickets, plus many other special offers."
disaster/accident,8:33 AM - 10 Jul 2015,Mug_shot69,,1109,1403,Nederland&België,"52.237985,5.53460236308316","Personal interests: Law Enforcement, Politics, Counter Terrorism... I consider myself as a realist others call it Right-Wing"
fire/emt,3:25 AM - 21 Nov 2013,NSPoliceDogs,http://www.suffolk.police.uk,6157,207,Norfolk and Suffolk,"36.7282,-76.5835699",Welcome to the official twitter account for Norfolk and Suffolk's Police Dog Unit. Please don't use Twitter to report incidents. Dial 101 or 999 in emergency.
news,8:55 AM - 13 Jan 2017,Apple_iNewsroom,http://www.apple-newsroom.alsaru.com,73,30,"California, USA","36.70146,-118.7559899","iPhone, Macbook, iTunes, iOS, Airpods, iPad, Watch, App Store... all the news you need to know! Profile not affiliated with ®Apple"
journalist,6:48 PM - 16 Feb 2010,clarissap83,http://thewest.com.au,1816,348,"Perth, Australia","-31.9527099,115.86047",Video Journalist at The West Australian and part-time student | Instagram: clarissap83 |
journalist,5:07 PM - 21 Feb 2009,GreeGreece,http://verdigris-signofthetimes.blogspot.com/,6408,2981,"Brisbane, Australia","-27.4689599,153.02349","Retired civil servant, economics graduate, skeptical philosopher, anarchic thinker, artist, writer."
journalist,4:50 AM - 5 May 2015,VivAcumen,http://www.acumenmedia.ie,331,410,,,"Jill of all trades, mad mammy, views all my own"
govt,5:17 AM - 12 May 2013,SarojPandeyBJP,,23197,175,Durg/New Delhi,,"Limca Book of Record Holder for holding post of M.P, M.L.A and Mayor,all elected post, at same time. National General Secretary, BJP & Incharge Maharashtra."
police/traffic,7:39 PM - 9 Nov 2011,GettrafficSA,http://www.gettraffic.com.au,4456,920,Adelaide. Rowan Allen.,,TrafficnetSA under the Australian Traffic Network is the foremost provider of accurate and quality traffic information in SA and Australia.
fire/emt,1:22 PM - 11 Sep 2009,Hilliard_Police,http://www.hilliardohio.gov/police,9072,290,"Hilliard, Ohio USA","40.03381,-83.1596099","Twitter page of the Hilliard Ohio Division of Police. Source for up to date community info, traffic alerts & emergency warnings. NOT monitored 24/7. Call 9-1-1"
journalist,4:14 PM - 20 Oct 2011,PhilippeAuclair,http://louisphilippe.co.uk,123742,767,London,"51.50732,-0.1276399","Football writer/broadcaster, England correspondent of France Football, RMC and SFR Sport, contributor to The Blizzard and 8x8. Musician when none of the above."
journalist,1:07 AM - 27 Jun 2010,zelhin,,1107,1800,Athlone Cape Town South Africa,"-33.9666599,18.505","Environment outings,enjoying our God given nature. Listern to Old school, Jazz & Gospel music. Poetry writer,motivation speaker and Call me positive,that's me"
disaster/accident,3:10 AM - 20 Mar 2016,IntelligencNews,,156,335,,,Intelligence news
journalist,10:04 AM - 12 Oct 2016,ElianaNW12,http://www.kdrv.com,19,6,"Medford, OR","42.32641,-122.8718599",Eliana is a reporter for NewsWatch 12.
journalist,5:07 PM - 23 Mar 2015,glencraney,http://www.glencraney.com,4451,3994,www.historyintofiction.com,,Author of historical novels & thrillers; AMPAS Nicholl Fellow screenwriter; lawyer; WashDC press corps escapee. Dig for treasure here: http://author.to/Glen
news,1:35 PM - 15 Jun 2009,jdforward,http://www.forward.com,47994,804,NYC,"40.73059,-73.9865799","Since 1897, the Forward has been a leading source of news, opinion and culture through a Jewish lens. Sign up for our newsletter: http://forward.com/newsletter"
journalist,2:23 AM - 6 Feb 2013,JacquesMaree73,,3648,443,"Cape Town, South Africa","-33.9288999,18.41724","Writer at the DA, tweeter of my own opinions."
journalist,8:28 AM - 7 Sep 2011,IMcMillan,http://www.ian-mcmillan.co.uk,36059,12543,Barnsley,"53.55277,-1.4827699","Radio Presenter, Writer, Man about town. The Beat Generation Les Dawson."
journalist,6:48 AM - 27 Sep 2014,vinodrajputs,http://hindustantimes.com,812,190,Noida,"28.57264,77.35476","Principal Correspondent @httweets. Write on infra, environment, policies, realty sector in Noida. Politics, travel, food, kabbadi. Email: noidanews6@gmail.com"
news,2:11 PM - 23 Jun 2012,Moseax,https://moseax.co.ke,189487,43653,Nakuru,"-0.4598149,36.1006756622822",Radio Presenter @Hero_Radio Online Entrepreneur @SportPesa & @StartimesKenya @sasahost Online Influencer|| #Nakuru || No.0719190334
news,7:38 PM - 14 Jan 2013,ssharma68,,5959,5723,Fauji at Heart,,"Finance,Business, Politics & News Enthusiast. Want Clean, Corruption Mukt Developed & Strong Bharat. Proudly Hindu Born Nationalist. RTs are not endorsement."
news,4:57 PM - 27 Jun 2012,PetNewsdaily,,6624,7230,"United States, North Dakota","47.62014,-100.5407299",All the latest breaking news about Pet .
journalist,9:33 AM - 13 Dec 2009,AriaLavrilleux,https://www.arianelavrilleux.com/,2768,1852,"Paris, Ile-de-France","48.85661,2.35149",Journalist based in Egypt @bbcafrique @Europe1 @LePoint @RTSinfo / Cofunder of @prenonsla1 for gender equality in newsrooms and news bulletins
news,2:39 AM - 5 Sep 2012,WestFMNews,http://www.westfm.co.uk/news,6501,433,Ayrshire,"55.5,-4.4999999","The latest news from Ayrshire, Scotland and around the world. Got a story? Email us news@westfm.co.uk"
journalist,6:11 AM - 8 Sep 2013,JoshuaMLaw,http://ocanarinho.com,364,1294,"Sao Paulo, Brazil","-21.9549799,-49.0232299",Londoner in Brazil. Freelance journalist @bbc | @thesetpieces | @thesefootytimes. I run Brazilian footy site @footycanarinho. joshuamlaw(at)googlemail(dot)com
journalist,5:26 AM - 18 Feb 2010,shilpakannan,http://www.bbc.co.uk/programmes/n13xtmgk/profiles/shilpa-kannan,13758,713,,,"@BBCWorld Reporter, Foodie, Urban Gardener & Geek; My views,not my employer's. RTs not endorsements."
police/traffic,9:35 PM - 23 Jun 2015,BusesWest,http://www.transportnsw.info,2073,22,"Sydney, New South Wales","-33.8548099,151.21645",Transport for NSW official bus service updates and news for Sydney's West & Blue Mountains
journalist,2:14 PM - 8 Jun 2009,ElizabethKPTV,http://www.kptv.com/story/31637677/elizabeth-dinh,11700,11450,"Portland, OR","45.52024,-122.6741899",News Anchor @FOX12Oregon Born & raised in DFW TX @utarlington grad. Alive with help from 1 of my husband's kidneys. #puglife with Tiny & Coco
journalist,12:42 AM - 30 Dec 2008,kaul_vivek,http://teekhapan.wordpress.com/,7027,664,Mumbai,"18.95238,72.83271",शिक्षित बेरोज़गार !! Author of Easy Money trilogy & India's Big Government-The Intrusive State & How It is Hurting Us https://tinyurl.com/mthz6cn
news,6:27 AM - 3 Apr 2012,newsr_IN,http://www.newsr.in,304,5,New Delhi,"28.61389,77.21595",News portal for India and Indians abroad
news,6:01 AM - 28 Jan 2015,CapitalNWANews,http://www.capitalfm.com/northwales/,1682,1897,,,We are the news team for Capital North Wales. Tweet us your stories.
journalist,6:48 AM - 3 Apr 2009,MarkKersten,http://www.justiceinconflict.org,6469,600,"Toronto, Canada","43.65292,-79.3848999","Fellow @munkschool, Research Director, Wayamo Foundation & @Africa_Group. Author: Justice in Conflict (OUP, 2016)"
news,2:45 PM - 28 Oct 2009,brandonpromo,http://www.wtsp.com,8521,883,"St Petersburg, FL","27.77037,-82.6694999",10NEWS WTSP-TV CBS Marketing Manager--Family first and work. #marketing #entertainment #news #sports #digital #media #weirdnews
fire/emt,8:27 AM - 20 Jun 2013,HRPSBurl,http://www.haltonpolice.ca,22190,5907,"Burlington, Ontario","43.32356,-79.8011499","Halton Regional Police Service Burlington District Official Site - NOT monitored 24/7. For emergencies call 911, non-emergencies 905-825-4777."
disaster/accident,12:46 PM - 13 Feb 2016,UltrascanAGI,http://ultrascan-agi.com,80,85,"Paris, France","48.85661,2.35149",Anti Money Laundering - Transnational Organized Crime (TOC) Nexus Terrorism - Counter Fraud Scam Policy
journalist,5:04 AM - 6 Aug 2011,eniola_opeyemi,http://kakaakinews.blogspot.com,7384,206,"West Africa, Africa.","2,15.99999",ONLINE PUBLICIST . PUBLIC ANALYST .YOUTH ADVOCATE . FIERY WRITER
journalist,8:45 AM - 16 Jun 2010,morgfair,http://www.morganfairchild.com,56901,8532,,,"Actress, author, speaker. Love foreign policy, politics, science & anyone with ideas & humor! Texan who loves art & ballet & old movies. And rock 'n roll!"
news,6:29 AM - 3 Sep 2013,vigasapuwath,http://vigasapuwath.blogspot.com,1005,768,"Dubai, United Arab Emirates","25.26835,55.29619",Srilanka Fast Web News Provider 24x7...
journalist,5:08 PM - 5 Oct 2011,MatthewamHoward,http://www.7news.com.au,1824,2165,"Gold Coast, Queensland","-28.0023699,153.41459","@7NewsQueensland & @7NewsGoldCoast Video Journalist. Equal parts cameraman, reporter, editor and presenter. I do all my own stunts. mhoward@seven.com.au"
news,12:42 AM - 22 Dec 2010,zeesalaamtweet,http://www.zeesalaam.com,250,5,"Delhi, india","28.65171,77.22193",Zee Salaam is India's leading Urdu News channel.
journalist,2:20 PM - 17 Jun 2009,SopanDeb,http://www.nytimes.com,166340,4651,"UT: 42.352328,-71.095774",,"Culture writer for @nytimes. past: Trump guy for CBS. NBC, MLB, AJAM, B. Globe. stand up comic. NBA dude. Pianist. @comatbu alum. Email: Sopan.deb@nytimes.com"
govt,2:30 AM - 9 Jul 2009,UkNatArchives,http://www.nationalarchives.gov.uk,107215,451,"Kew, London","51.48066,-0.2919199","Official archive of the UK government. Discover our online collections, research guides and educational resources spanning 1,000 years of history"
disaster/accident,2:39 PM - 15 Feb 2011,SCVSupremeCourt,http://www.supremecourt.vic.gov.au,8145,270,Melbourne,"-37.8142099,144.96316","The Supreme Court is the highest court in Victoria. Audio criminal sentences, significant civil judgments and announcements can be found here."
journalist,6:29 AM - 30 Jan 2014,KaldenOngmu,,3826,710,South Africa,"-28.8166199,24.99163",I became a Journalist to come as close as possible to the heart of the world. (Henry R. Luce)
journalist,6:05 PM - 24 Apr 2011,asalim86,https://www.linkedin.com/in/ahmed-salim-9786176a/,4855,1464,"Dubai, United Arab Emirates","25.26835,55.29619",Just trying to make moves. Vice President Covering East Africa For Teneo Intelligence. Proud @LehighU & @ColumbiaSIPA Alum. Views Expressed Are My Own.
police/traffic,7:20 AM - 14 Mar 2013,ParkwayPolice,http://www.ParkwayPolice.org,2982,1047,"NJ Headquarters, Alpine NJ",,The Palisades Interstate Parkway Police Dept is responsible for the public safety of the Palisades Interstate Park Commission NJ properties.
journalist,7:25 PM - 14 Apr 2009,hohocho,,33845,2408,Seoul,"37.56667,126.97829","Reporter at @zdnetkorea mainly covers EV, smart cars. Big fan of Basketball & KPOP. I'm tweeting every issues. 지디넷코리아 조재환 기자 jaehwan.cho@zdnet.co.kr"
wx,6:36 AM - 23 Jun 2009,ITVborder,http://www.itv.com/border,15924,420,"Carlisle, UK","54.89484,-2.9362299","ITV News Border covers news, sport and weather in Cumbria, Dumfries and Galloway and the Scottish Borders. Weekdays: 1:55pm, 6pm and 10:30pm."
disaster/accident,3:40 AM - 16 Jun 2010,ua_intelligence,http://OSINT.academy,1999,823,"Kyiv, Ukraine","50.4501,30.52405",Ukraine-based Open Source Intelligence trainings and courses from Institute for Postinformation Society
journalist,1:16 AM - 10 Aug 2014,jameshaytonphd,http://jameshaytonphd.com,1182,0,,,"Author of PhD: an uncommon guide to research, writing & PhD life. Formerly a physicist, I worked in nanoscience before moving on to bigger things..."
fire/emt,3:22 AM - 30 Apr 2010,KenyaRedCross,http://www.redcross.or.ke,765617,8518,Kenya,"1.44196,38.43139","Alleviating human suffering | EMERGENCY HOTLINE 1199, 0700395395, 0738395395 | Fully owns @EMS_Kenya @TheBomaNairobi @RedCrossSchool | Instagram:@RedCrossKe"
news,8:09 PM - 19 Apr 2009,ChinaPlusNews,http://chinaplus.cri.cn/,126059,152,"Beijing, China","39.90596,116.39124","Official account for http://chinaplus.cri.cn/ , the English news channel of China Radio International (CRI)."
journalist,12:53 PM - 29 Mar 2010,aristway27,http://www.tumblr.com/blog/allyris,1433,2512,"Perth, Western Australia","-31.9527099,115.86047",Reporter. Send your news tips to aristway@seven.com.au or @7NewsPerth Views are my own
disaster/accident,3:09 AM - 4 Oct 2011,bobbyemt,,512,117,,,Overnight photojournalist KMTV. Breaking news junkie. Military dad. Cardinals baseball fan. Any opinions posted are my own
journalist,1:06 AM - 23 Jun 2014,james_trezise,,595,1185,Canberra,"-35.2819299,149.12889","Conservation policy, politics and democracy. Work on policy @AusConservation. Retired ski bum and tired Dad. Extinction is a choice. Views my own etc"
journalist,7:18 PM - 10 Mar 2013,Hiba_Dlewati,http://voices.nationalgeographic.com/author/hdlewati/,2078,1833,Lebanon,"33.87506,35.8434","Freelance producer, writer. Former Deputy Managing Editor @SyriaDeeply, Alumna @Natgeo Fulbright fellowship. Sporadic tweeter."
journalist,7:06 AM - 23 Apr 2012,ibasecretariat,http://www.ibasecretariat.org,2599,1763,England,"52.795475,-0.540240094230767",Coordinator of the International Ban Asbestos Secretariat and publisher/editor of the British Asbestos Newsletter
news,5:06 AM - 7 Nov 2016,SportNewsChanel,,813,3285,United States,"39.78373,-100.4458799","#Sport News Channel, delivering all #sports news from around the world. #Followme for the latest #sportnews"
fire/emt,7:12 AM - 8 May 2013,DorsetTraffic,http://www.dorset.police.uk,4589,130,Dorset,"50.75,-2.3333299",Please do not report incidents on Twitter. Please call 101 (non-emergency) or 999 (emergency)
news,4:21 AM - 13 Jul 2015,WabtechOnline,http://www.wabtechonline.com,739,2026,"Nairobi, Kenya","-1.2832499,36.81724",This is your one-stop site for all your favorite news. We cover every corner of the world!
journalist,7:42 AM - 30 Nov 2008,joeyayoub,https://hummusforthought.com/about,11294,3932,Beirut ⇄ London,"33.89592,35.47843",Writer. Migrant. Polyglot. MENA Editor @globalvoices.
disaster/accident,11:55 AM - 8 Aug 2011,FBIDenver,http://www.fbi.gov/denver,7458,52,"Denver, CO","39.73915,-104.9846999","Welcome to the official FBI Denver Twitter. To submit a tip on terrorism or a federal crime, please go to https://tips.fbi.gov ."
journalist,11:46 PM - 1 Mar 2013,AlexMitchley,http://www.news24.com/,1100,956,"Pretoria, South Africa","-25.7458299,28.18671",South African Journalist at News24. Tactical nap specialist. I often use words to write stories. Send me stories and leads: alex.mitchley@24.com
fire/emt,3:00 AM - 30 Jul 2015,MerPolStHelensN,http://www.merseyside.police.uk,1151,41,"North West, England","51.33516,7.26320190476191","Officers covering Billinge, Blackbrook, Earlestown, Haydock, Mossbank, Newton, Rainford & Seneley Green. Do not report crime here - Call 101 / 999 in emergency."
journalist,11:49 AM - 27 May 2015,KanshiFan,,1152,41,ਲੁਧਿਆਣਾ (PB 10)   ✌ दिल्ली (भारत),"49.1331,18.45413",28 y/o Political economist. YouTube connoisseur. Son of vaishnavites. Sulh-e-kul Views are personal.
journalist,10:24 AM - 19 Sep 2008,CSRwire,http://csrwire.com,50301,4895,Global,,"The latest #news, views and reports in #CSR and #sustainability. Part of the @3BLMedia Group."
news,4:02 AM - 18 Sep 2015,hawwakibeeti,,3135,11,"Islamabad, Pakistan","33.69457,73.06437","Realistic,Eye-Opener, On-line news Observer"
news,12:05 AM - 28 Apr 2013,Nigeriapapers,http://nigeriannworldnews.blogspot.com/,10981,11,,,"The Latest Nigerian Newspapers News About Nigeria Online. https://twitter.com/NigeriaPapers , http://nigerianewspapers.tumblr.com/"
disaster/accident,2:04 PM - 18 Jul 2011,KODLyons,http://www.kodlyons.ie,1819,1041,"Dublin, Ireland","53.34976,-6.2602699","Ireland's leading Criminal Defence and Campaigning Human Rights team. Winner at Irish Law Awards. Experts in Personal Injury, Immigration, Welfare and Child law"
news,12:45 AM - 8 Nov 2010,CapeTimesSA,http://www.capetimes.co.za,25473,767,"Cape Town, South Africa","-33.9288999,18.41724","The Cape Times is a must-read, a mix of hard news, politics, arts and analysis, crafted for residents of Cape Town and beyond."
govt,3:57 AM - 10 Jun 2016,CIPAM_India,http://dipp.gov.in,4633,46,"New Delhi, India","28.61389,77.21595",Cell for IPR Promotion and Management (CIPAM) under @DIPPGOI | Ministry of Commerce and Industry | Government of India #InnovativeIndia
journalist,5:25 AM - 18 Jan 2013,DaveKnapper,http://www.stokesentinel.co.uk,1341,1025,Stoke-on-Trent,"53.0162,-2.1812599",Crime Reporter at The Sentinel and owner of an idiot rabbit (all views are my own)
news,9:59 AM - 24 May 2009,Crew_Pattinson,http://twilight-the-movie.info/blog/,3252,4400,Canada,"61.06669,-107.9916999",Team Pattinson to update you on the news about New Moon and Twilight Saga.
journalist,11:32 AM - 19 Mar 2009,ShehabKhan,http://bit.ly/2cQeVve,24061,5407,London,"51.50732,-0.1276399",Reporter and Columnist for The Independent | Often on TV & radio | Views are my own |
police/traffic,2:33 AM - 9 Mar 2009,ASPolice,http://www.avonandsomerset.police.uk,132139,206,"Avon and Somerset, UK","51.40275,-2.3114299","Forcewide account covering Bristol, Bath, Somerset and South Gloucestershire. Not monitored 24/7. How to report crime: http://bit.ly/1fCWq50"
journalist,10:40 PM - 29 Mar 2013,ImAndrewMarcus,http://www.andrewmarcus.com,3875,3077,,,Writer/Director of the feature motion picture Hating Breitbart available now on iTunes Amazon YouTube & more. #BreitbartIsHere @HatingBreitbart
news,5:58 AM - 14 Oct 2009,islandfm,http://www.islandfm.com,7983,174,"Guernsey, Channel Islands","49.71689,-2.1971649",Just Great Radio for the Bailiwick of Guernsey on 104.7FM.
journalist,2:28 AM - 30 Sep 2011,MorrisF1,http://thaddeuswhite.weebly.com/index.html,889,783,,,"Thaddeus White, fantasy and sci-fi writer, and F1 fan/gambler. Author of Kingdom Asunder, Bane of Souls, Journey to Altmortis, and The Adventures of Sir Edric."
fire/emt,3:29 AM - 28 Oct 2015,MPSSouthallBdwy,https://beta.met.police.uk/your-area/ealing/southall-broadway/,712,229,"Ealing, London","51.51265,-0.3051899","Your local police team in #SouthallBroadway in @EalingMPS. Please don't report crime here, call 101, tweet @MetCC or visit our website. In an emergency call 999"
journalist,11:28 AM - 12 Mar 2009,zoeamar,http://www.zoeamar.com,8098,6526,London and Herts,"41.02831,-7.7693599","Director,Zoe Amar Communications. Writer @gdnvoluntary.Co-author, 'Making Digital Work' & Charity Digital Skills Report. Co-founder #socialceos.Trustee @FCC_UK"
wx,5:21 AM - 2 Sep 2009,MilwaukeeCP,http://toplocalnow.com/us/milwaukee,2320,8,"Milwaukee, WI","43.03499,-87.9224899",Breaking news and weather updates from Milwaukee.
journalist,2:43 AM - 4 May 2009,j_abrahamsson,http://www.nonstopentertainment.com,1854,2503,Stockholm,"59.32511,18.07109","Distributor of good to great films at @NonStopfilm & renovating/rebuilding @biocapitol , Stockholm, Sweden. All views expressed are private and political."
fire/emt,2:36 AM - 24 Jun 2013,PrestonPolice,http://www.lancashire.police.uk,8545,2358,"Lancaster Road North, Preston","53.7654,-2.7019999",Official Twitter for Preston Police #Citycops. DO NOT use Twitter to report crime and/or incidents - call 101 or in an emergency call 999
journalist,7:58 PM - 4 Jan 2011,RadioGauthier,http://www.gauthiergiacomoni.com/,566,2133,New York City,"40.73059,-73.9865799",Overnight Assignment Editor for @CBSRadioNews. MS recipient from @BUCOMGrad
wx,5:34 PM - 24 Feb 2009,MaureenMcCann13,http://mynews13.com/content/news/cfnews13/news/about/bios/maureen-mccann.html,4523,2588,"Orlando, FL","28.54211,-81.3790399","CBM & CCM @MyNews13 Meteorologist, @ametsoc Commissioner on Professional Affairs. #ArlingtonMA is home. Fan of Cornell, Huey Lewis, CapeCod & Boston sports"
disaster/accident,12:02 PM - 27 Oct 2009,disasteraware,http://www.pdc.org/,5835,180,"Maui, Hawaii","20.80295,-156.310676808733",Pacific Disaster Center: Fostering Disaster Resilient Communities
journalist,2:19 PM - 4 Dec 2010,loveleov,http://christineleovlealand-author.blogspot.com,10379,7695,New Zealand,"-41.5000799,172.8344","Lover Wife Mother & Nanna; Iconoclast, Gardener; Healer on a Spiritual Journey. Best-Selling Author. #Publishing & Social Media Coach for Living & Dead Writers"
journalist,6:43 PM - 13 May 2009,forestmat,,3216,956,Thailand,"14.89719,100.83273","Photographer published in The Economist, The Wall Street Journal, The Guardian, Bangkok Post, Straits Times, South China Morning Post, views are my own..."
news,7:36 PM - 27 Nov 2009,ZaibatsuNews,https://plus.google.com/b/115995249680644491572/115995249680644491572/posts,88575,73701,In Cyberspace,"52.59427,-2.1288149",Breaking progressive news. Retweets ≠ endorsements #TheResistance #NotMyPresident #TrumpRussia #Indivisible #ctl #UniteBlue #resist #p2 #libcrib #demforce
news,5:33 AM - 6 Oct 2012,OccupySchagen,https://www.occupyschagen.nl/,4003,3910,Schagen The Netherlands,"52.78429,4.78911821428571","Laat de Banken de Crisis betalen, die hebben haar veroorzaakt ! Achtergronden & Hot Nieuws, die U niet in de MSM vindt. To the Headlines we add Details."
journalist,10:44 AM - 22 Jul 2013,NeimaNews,http://www.facebook.com/neimanews,2765,1357,East Africa   ➡️ East Atlanta,,Nah-eee-mah | @11AliveNews reporter | Elon grad | ATLien | Amateur music historian | I told my mama I was on the come up | nabdulahi@11Alive.com
journalist,6:24 AM - 23 Feb 2014,guyelster,https://www.facebook.com/guy.elster,2892,350,Israel,"30.87602,35.00151",Foreign editor of Walla News http://news.walla.co.il/writer/163
news,3:53 PM - 19 Jun 2012,KCNAWatch,http://kcnawatch.nknews.org,6941,187,"Christchurch, New Zealand","-43.5309499,172.63664",Tracking North Korea's official media By @frankfeinstein for @nknewsorg Korean language @KCNA_Korea Facebook http://facebook.com/KCNAWatch
news,3:19 AM - 23 Feb 2009,Limerick_Leader,http://www.limerickleader.ie,33792,4761,"Limerick, Ireland","52.66125,-8.6301999",Limerick's newspaper since 1889. Also Limerick Chronicle. Contact the newsdesk on 061-214503 or news@limerickleader.ie. See also http://www.facebook.com/LimerickLeader
journalist,4:11 AM - 29 Sep 2011,mattwecho,http://www.thenorthernecho.co.uk,2333,2676,Darlington/Teesside/Grimsby,,Social Media Editor @TheNorthernEcho. Also motoring & cycling writer. @OfficialGTFC & @Boro fan.
news,9:54 AM - 10 Jan 2011,ABC57News,http://www.abc57.com,11471,755,"South Bend, IN","41.68338,-86.2499999","Watch ABC57 News at 5, 5:30, 6, and 11 p.m. and at 10 p.m. on CW25."
journalist,9:48 AM - 5 Jan 2009,goulcher,,7588,4551,london via bradford,"53.79415,-1.7494699",head of social @wearelovelive // very happy to punch some nazis in the face // views mine // worst Jew ever
fire/emt,2:49 PM - 15 May 2013,BAFSAfocus,http://www.bafsa.org.uk,1050,1160,UK,"54.70235,-3.2765699","Working to make lives & communities safer & resilient to fire through wider use of automatic fire sprinklers thro' education, information & political lobbying"
journalist,1:20 PM - 25 Jun 2016,SaksithCNA,http://www.channelnewsasia.com,1430,118,"Bangkok, Thailand","13.585915,100.41608339172",@channelnewsasia IndoChina Correspondent. Formerly a Thai political blogger. Personal account: @Saksith. Nordisch by Nature. PGP: http://keybase.io/saksith
news,6:42 PM - 29 May 2014,13PhotogSuggs,http://abc13.com,659,64,"Houston, TX","29.75893,-95.3676899",Newsphotographer at 13 Eyewitness News
news,3:06 PM - 22 Nov 2016,TrumpNewsz,http://bit.ly/2ld3bU9,13302,10583,,,Trump News Network #MAGA #Trump2016 #TrumpTrain
wx,11:33 AM - 22 Dec 2011,SheenaParveen,http://www.nbcwashington.com,42238,177,,,Meteorologist for @nbcwashington. Formerly @NBCPhiladelphia & @Fox13News. CBM Seal. Florida State University. Born and raised in sunny Florida.
journalist,3:32 AM - 18 Jan 2016,PanuCNA,http://channelnewsasia.com,1312,2,"Bangkok, Thailand","13.585915,100.41608339172",IndoChina Correspondent for @ChannelNewsAsia
journalist,8:41 AM - 23 Aug 2010,DavidMizner,http://roguenationblog.com/,3661,940,New York,"40.73059,-73.9865799","writer, of fiction mostly | war, imperialism, US ""foreign policy."""
journalist,10:38 AM - 7 Jun 2011,Enceladosaurus,http://www.enceladosaur.us,3539,1114,Stolen Manahoac Land,,"Queer enby astrophysicist, accessibility consultant, & science writer. Cofounder of @AAS_WGAD, creator of #disabledandSTEM. Game reviews on @Metacritic & ICXM!"
journalist,11:10 PM - 8 Nov 2015,patpichatan,,242,469,patpicha.tanakasempipat@tr.com,,"@Reuters correspondent in Bangkok. Game of Thrones geek. Links, RTs are not endorsement. Views are my own. (Patpicha Tanakasempipat)"
fire/emt,2:59 PM - 11 Nov 2013,bbbgrmn,,3453,4993,,,"Jesus is Lord, married to Linda, (44 years) anti-Islam, pro-Israel, retired Firefighter/EMT/No Muslims or liberals."
journalist,7:57 AM - 22 Jan 2009,Natalie_Berg,https://www.linkedin.com/in/natalie-berg-ba20931/,4565,549,London,"51.50732,-0.1276399",Retail analyst / commentator / author. Tweeting about future retail trends and changing shopping habits.
journalist,9:20 PM - 8 Jan 2015,scott_bradon,https://www.alliedmarketresearch.com,40,164,United States,"39.78373,-100.4458799",I am an acclaimed market research and life sciences trend analyst and author.
news,2:02 AM - 18 May 2013,eHowzit,http://www.ehowzit.co.za,407,75,"69 Lily Road, Pond Shepstone",,"A group of 'Like' minded individuals who, while sitting on a lily pad, came up with some innovative ways of sharing local news. Let's all 'croak' together."
news,5:06 AM - 8 Dec 2015,newsforturkey1,,561,2022,"İstanbul, TUrkiye",,Be the first to know when news breaks.
news,1:06 AM - 23 Sep 2016,politikomanila,http://www.metromanila.politics.com.ph,133,5,,,"We are a social news and blog site where politikos, their kin, friends and allies are the center of the universe. #Politiko"
journalist,5:22 AM - 21 Mar 2009,bozorgmehr,https://www.amazon.co.uk/gp/video/detail/B01NBY8J1L,15278,2473,"London, England","51.50732,-0.1276399","Reuters Iran Correspondent, ex-BBC, have made a few documentaries on Iran, Syria and Afghanistan. RTs and Likes are not endorsement"
news,4:11 AM - 21 Jan 2014,architectureuk1,http://www.newslocker.me/architecture/,548,694,,,Find your latest Architecture news with just one click. Don’t miss out on anything happening in your profession .check http://www.newslocker.me/architecture/
fire/emt,1:06 AM - 26 Oct 2010,GMPChorlton,http://www.gmp.police.uk/CityofManchester,10238,636,"Chorlton, Manchester","53.44291,-2.2735899","Updates from officers in Chorlton. To report crime, call 101 or 999 in emergency - do not use Twitter."
journalist,3:48 PM - 3 Jul 2012,RS_Benedict,https://rs-benedict.com/,2042,972,,,Writer and editor. Published in @FandSF and @UnicornBooty. Member of @Discocollective.
news,12:56 AM - 31 Mar 2009,radioislam,http://instagram.com/radioislam,25747,17,South Africa,"-28.8166199,24.99163",Official Twitter account of Radio Islam International. Stay informed with the latest happenings on our airwaves - http://radioislam.co.za
disaster/accident,9:25 AM - 8 Jan 2012,TheOsintJournal,http://theosintjournal.blogspot.com/,4455,97,,,"Information based on Open Sources, OSINT, on major issues related to global security,terrorism, counter-terrorism, intelligence gathering and analysis"
news,3:52 AM - 9 Feb 2009,newsmolevalley,http://www.dorkingandleatherheadadvertiser.co.uk,6813,439,Dorking,"51.23211,-0.3247799",News from the Dorking Advertiser. Call newsdesk on 01737 305575
journalist,3:26 AM - 30 Apr 2009,kaveels,,1840,864,"Durban, South Africa","-29.8618199,31.0099",Grey alien | guitarist | cynic | http://news24.com  journo
news,9:47 AM - 15 Apr 2010,BBCGuernsey,http://www.bbc.co.uk/guernsey,9714,500,,,Latest news and features from @BBC's website and radio teams in Guernsey. Feel free to contact us at bbcguernsey@bbc.co.uk
journalist,8:50 PM - 3 Aug 2009,_Mansoor_Ali,https://www.facebook.com/Mansoor-Ali-Khan-139430651440/?ref=bookmarks,342419,574,"Islamabad, Pakistan","33.69457,73.06437","Senior Anchor/Journalist/Blogger, ICFJ fellow, RTs are not endorsements, just info. Tweets are personal not official"
wx,7:56 AM - 22 Oct 2013,WXTX54,http://wxtx.com,195,48,Columbus GA,"32.46097,-84.9876999",Prime Time News @ 7 and 10. Serving West Georgia and East Alabama.
news,7:28 AM - 31 Mar 2009,gazetteherald,http://www.gazetteherald.co.uk/,2954,606,"Ryedale, UK","54.198615,-0.872870487649417","The Gazette & Herald newspaper, providing news and sport coverage for Ryedale."
journalist,9:59 PM - 21 May 2015,MekongTom,,463,705,"Phnom Penh, Cambodia","11.574255,104.828990815066","Species, Science and Conservation in South East Asia and beyond. And sometimes some sport. Views my own."
news,5:42 PM - 5 Nov 2015,NTFLA_Politics,http://www.newstalkflorida.com/,25114,3474,"Washington, DC","38.89495,-77.0366399","Jim Williams - Washington Bureau Chief for News Talk Florida. We cover Florida & national politics. WWBA 820 AM Tampa, The Tweets are my own."
disaster/accident,4:23 PM - 29 Mar 2009,judithpjacob,https://uk.linkedin.com/pub/judith-jacob/5/12/a96,810,750,London via Singapore & Jakarta,"41.82368,12.4454",Terrorism & Security Analyst | PhD on Indonesian jihadists @LSEHistory | Southeast & East Asia | Feminist | Opinions mine | http://hiphadists.tumblr.com
police/traffic,1:25 PM - 26 Jan 2009,MaxloweLtd,http://www.maxlowe.com,1111,572,UK,"54.70235,-3.2765699","Consultant specialising in inspirational leadership, diversity, coaching and senior women's development with 30yrs Police experience"
news,2:48 AM - 12 Jan 2015,BournemouthNwsl,http://www.newslocker.com/en-uk/region/bournemouth/,444,424,,,Find your latest news about Bournemouth with just one click. Don't miss out on anything happening in your region!
police/traffic,8:24 AM - 23 Mar 2009,RMTunion,http://www.rmt.org.uk/,20490,501,Britain,"54.315355,-1.91801856736912","The official Twitter account of the National Union of Rail, Maritime and Transport Workers (RMT). Contact info@rmt.org.uk"
journalist,10:05 AM - 13 Feb 2009,SaraGCeli,http://www.saraceli.com,6242,3015,"Cincinnati,OH & Palm Beach,FL","39.10145,-84.5124599",Bestselling Author of 7 novels | @Fox19 freelance talent | Freelance writer | @wcs_4_seniors Board | Rts not endorsements | http://www.theblondejetsetter.com
news,1:14 PM - 9 Mar 2017,TheoldCon,http://www.theoldcontinent.eu,361,136,,,The latest European news from a common sense perspective - We're fun at parties
journalist,4:36 AM - 9 Jul 2007,Christian_B,,2151,891,,,"Editor, Independent Digital (@independent and @indy100). Tweets are my own views. Check out http://independent.co.uk  and http://indy100.com"
journalist,12:06 PM - 22 Jan 2013,kappilinho,,4644,1535,South Africa,"-28.8166199,24.99163",International Editor for @Soccer_Laduma | former @sportCIES / @FIFA #sportmanagement student I @bayer04fussball & @manutd
journalist,2:13 AM - 19 Jan 2017,AmyChewCNA,,356,268,Malaysia,"2.39237,112.84719",Senior digital correspondent at Channel NewsAsia. Reports on security issues. Retweets not an endorsement. Tweets are my own.
news,12:34 PM - 22 May 2014,Newcastle_Nws,http://www.newslocker.com/en-uk/region/newcastle/,2210,1843,,,Find your latest news about Newcastle with just one click. Don't miss out on anything happening in your region!
wx,6:48 PM - 4 Jul 2009,LaurenWAVE3TV,http://wave3.com,9012,423,"Louisville, KY","38.25423,-85.7593999",Happy wife & mom. @wave3news Sunrise Anchor & Midday Meteorologist. Best Anchor Emmy & AP winner. Sports fanatic. Movie goer. Loves to look on the bright side.
journalist,9:22 AM - 14 Sep 2009,asimusafzai,http://personal.kent.edu/~masim/,5118,167,Washington DC.,"38.89495,-77.0366399","Author: Afghanistan: From Cold War to Gold War. Geoscientist, Geostrategic Analyst. Faculty Member Excelsior College & UMD. Opinions My Own."
fire/emt,6:23 AM - 4 Jul 2013,LeicsFireRescue,http://www.leicestershire-fire.gov.uk,4095,342,"Service Headquarters, Birstall","53.74698,-1.6943899","The official Twitter feed for Leicestershire Fire and Rescue Service. Do not use Twitter to report an emergency, call 999. Our feed is not monitored 24hrs"
news,7:29 AM - 29 Jan 2013,STForeignDesk,http://www.stasiareport.com,38180,100,Singapore,"1.29045,103.85203","The Straits Times Foreign Desk brings you its own microsite ST Asia Report, and news about the rest of the world. Follow us for live tweeting of major events."
news,9:06 AM - 17 Jan 2009,LChAnTw,http://paper.li/LChAnTw/SDI,697,1369,"Stockholm, Sweden","59.32511,18.07109",Twitter Channel for L Christer Andersson. I am a principal scientist at the Swedish Defence Research Agency (FOI) specialised in space & defence policy issues.
disaster/accident,7:33 AM - 22 Jun 2011,ConspiracyCase,http://carrollpressreleases.blogspot.com/,288366,275970,Washington DC London,"38.89495,-77.0366399",Carroll Foundation Trust Billion Dollars Criminal Case: Largest Ever White Collar Organized Crime Offshore Tax Evasion Fraud Heist In Modern Economic History.
news,6:29 AM - 14 Oct 2016,beachfm1055,http://tunein.com/radio/Beach-FM-1055-s277611/,125,24,Ghana,"8.03002,-1.0800199","Rhythms and More, that is Beach 105.5 FM - RADIO. #BeachSports"
journalist,6:10 AM - 28 Mar 2009,AndrewSetters,http://www.youtube.com/c/AndrewSetters,3134,152,"Cincinnati, OH","39.10145,-84.5124599",#Emmy Award-winning #reporter @wlwt #News 5 #Cincinnati | Aspiring #writer | Amateur #maker of things | Retweets/favorites don't equal endorsement or agreement.
news,11:50 PM - 13 Dec 2009,TheGlobalHerald,http://theglobalherald.com/,276,7,,,Latest news and opinion from The Global Herald online newspaper.
journalist,4:33 AM - 26 Jul 2013,KathyDavisWTAM,http://wtam.com,324,892,,,"Reporter by trade, writer by necessity and inquisitive by nature."
journalist,3:37 AM - 25 May 2013,KhayaJames,,7272,1409,Johannesburg,"-26.2049999,28.04972","@ENCA reporter, love politics and IR. Retweets don't constitute endorsements.I am an afro-optimist. Dialogue Facilitator. Khaya.Khumalo@ENCA.com"
journalist,1:09 PM - 20 Jun 2010,OliverKamm,http://www.janklowandnesbit.co.uk/oliver-kamm/accidence-will-happen-non-pedantic-guide-english-usage,19947,992,London,"51.50732,-0.1276399","Leader writer & columnist for The Times. Author of Accidence Will Happen: The Non-Pedantic Guide to English (@wnbooks, 2015)."
news,2:11 PM - 25 Feb 2011,fxsignals4pips,http://rewardtorisk.com,1786,569,Toronto,"43.65292,-79.3848999",This is the best all-inclusive news automated headline news aggregator. Please visit our website for actual chart setup analysis.
news,7:52 AM - 5 Mar 2009,socialistworker,http://socialistworker.co.uk,28933,0,London,"51.50732,-0.1276399",A revolutionary anti-capitalist paper in Britain
journalist,4:16 PM - 7 Dec 2010,theyawofosu,,2863,686,Accra,"5.56001,-0.2057399",Wallflower | Journalist | TV3 | @3fm927 | Sports | http://3news.com
journalist,1:25 PM - 24 Oct 2015,SaddickAdams,http://SportsObama.com,2898,125,"Accra, Ghana","5.56001,-0.2057399",Sports Journalist | Africa | Ghana | Product of the School of Common Sense
govt,4:42 PM - 2 Jan 2010,prettypadmaja,,5448,1801,"Kirkland, WA","47.68595,-122.1920199","“Loyalty to country ALWAYS. Loyalty to government, when it deserves it.” ― Mark Twain"
news,7:08 AM - 5 Jun 2009,bedfordnews,http://www.bedfordshire-news.co.uk,13546,808,"Bedfordshire, UK","52.063995,-0.411108746153839",Bedfordshire News - A regional newspaper in the UK and previous winner of the East of England Free Weekly of the Year. Retweets do not represent endorsements.
news,4:58 AM - 28 Jan 2016,TheLegalTerms,,93,20,,,The Legal Terms is your best source for the latest news and updates when it comes to the legal world.
journalist,10:57 PM - 24 Jan 2011,FOX19Robert,http://Fox19now.com,1446,752,"Cincinnati, OH","39.10145,-84.5124599",Award-winning journalist. Reporter for @Fox19 NOW Cincinnati. San Diego native. My opinions are my own. RT's are not endorsements. rguaderrama@fox19now.com
disaster/accident,1:23 PM - 28 Apr 2009,DebiDerryberry,http://www.debiderryberry.com,6214,1426,"North Hollywood, CA","34.1729,-118.3740299","Jimmy Neutron, F is for Family, Glitter Force-Candy, Luckys Tale, Taime- Guild Wars 2, Draculaura, Wednesday Addams, , Ryo Ohki from Tenchi Muyo, Zatch Bell"
journalist,11:32 AM - 6 Apr 2009,EleanorFitz,http://eafitzsimons.wordpress.com/,4911,4746,Dublin,"53.34976,-6.2602699",Writer/Researcher. Winner of Keats-Shelley Essay Prize & Runner-up Biographers Club Prize. Author Wilde's Women @duckbooks E. Nesbit next. Agent: @andrewlownie
journalist,6:42 AM - 14 Jun 2012,IamAlexSweet,http://www.timeslive.co.za/,2994,1115,"Johannesburg, South Africa","-26.2049999,28.04972",Journalist @TimesLIVE All views are my own. patricka@timesmedia.co.za
police/traffic,11:55 AM - 7 Aug 2014,ChuckRoadsFox46,http://ChuckRoadsTraffic.com,1301,323,"Charlotte, NC","35.22708,-80.8431199",Traffic Anchor/Reporter for Good Day Charlotte on @Fox46News | For on-demand traffic updates call 704.52.ROADS or visit our website.
disaster/accident,8:12 AM - 26 Jan 2011,DCNE911,http://dc911.douglascounty-ne.gov/,6864,0,"Omaha, Nebraska","41.25873,-95.9378699","This information is provided as-is, as reported, with no expressed accuracy or timeliness of the information.."
news,9:54 AM - 5 Nov 2014,1DailyBusiness,http://dailybusinessgroup.co.uk,999,600,Scotland,"56.78611,-4.1140499","A news and opinion website on finance, politics, consumer, arts and media"
news,3:57 AM - 22 Jul 2009,Kob_springnews,http://www.facebook.com/SamitaTaweechan,2306,525,SpringNews TV,,News Producer at Springnews Digital TV CH19
police/traffic,8:12 AM - 21 May 2012,TrafficwatchNI,http://trafficwatchni.com,30987,0,Northern Ireland,"54.656875,-6.56342025520468",Tweets of traffic and road conditions in Northern Ireland. For more information visit http://www.trafficwatchni.com  Please remember: NEVER use a mobile while driving.
news,11:12 AM - 1 Apr 2009,NEWS957,http://www.NEWS957.com/,42606,1441,"Halifax, Nova Scotia, Canada","44.64842,-63.5749699","News, Talk, Sports in #Halifax, NS. All-News mornings & afternoons, live local talk with Rick Howe & Sheldon MacLeod, then the best sports content on your radio"
news,12:25 AM - 16 Jan 2016,TelanganaToday,https://telanganatoday.com/,3961,7,"Hyderabad, Telangana","17.36162,78.47473",Telangana's True Newspaper
news,4:12 AM - 23 Nov 2010,malaysiasun,http://www.malaysiasun.com,692,54,"Kuala Lumpur, Malaysia","3.15709,101.70095",Malaysia Sun features news from across the country and is a leading multi-faceted online newspaper with FOREX and business coverage and international news.
wx,7:32 AM - 17 Dec 2009,WHAM1180,http://www.WHAM1180.com,9318,922,"Rochester, NY","43.15728,-77.6152099","Rochester's News, Weather & Traffic Station"
news,10:38 PM - 3 Mar 2011,bellinghambuzz,http://tbnn.it/bellingham,2710,305,Bellingham WA,"48.7544,-122.4788599","Curating the best media feeds in Bellingham. Part of the 400-city The Breaking News Network, the largest community news network supporting the social good."
news,2:52 PM - 14 Jan 2009,CBCWorldNews,http://www.cbc.ca/world/,107383,3,Canada,"61.06669,-107.9916999",World news and Reports from Abroad from CBCNews.ca.
journalist,11:50 AM - 28 Oct 2010,bsmallwood4,,2097,218,"Buffalo, NY","42.88644,-78.8783599","Anchor/Reporter at WIVB-TV in Buffalo, NY"
journalist,3:47 AM - 4 Jul 2014,JABhammail,http://www.birminghammail.co.uk,2045,687,West Midlands,"52.50548,-1.9647150791531",Journalist working for the Birmingham Mail newspaper. Always on the hunt for stories. Views are my own.
police/traffic,6:43 AM - 8 Oct 2015,RoadRulesZw,http://bit.ly/1QAo1Gs,1350,588,"Harare, Zimbabwe","-17.8317699,31.04568","Click this link http://bit.ly/1QAo1Gs  to Download the Road Rules App, Zimbabwe's Traffic Fines App on Google Play. WhatsApp us for more detail on +263 718 384 668."
news,2:27 PM - 23 Apr 2009,Traceyams,,790,327,"UT: -33.937555,18.409735",,I'm a commercial attorney working in house for Highbury Media.
news,1:45 AM - 13 May 2015,MallowNews,,5263,200,"Mallow, Co. Cork, Eire","52.13746,-8.6462899","Fake News and comment from Mallow, the town that killed Oliver Reed™. Donovan's a lot stronger than he looks."
news,7:48 AM - 6 Feb 2009,bbcnewcastle,http://www.bbc.co.uk/bbcnewcastle,71202,269,North East of England,"52.795475,-0.540240094230767","BBC Newcastle - Radio for the North East. From @BBC On 95.4FM, DAB, Freeview, 1458AM and online: http://bbc.co.uk/bbcnewcastle"
