journalist,9:17 AM - 20 Apr 2009,jrbullington,http://connect.nola.com/user/jonathan_bullington/posts.html,1750,955,New Orleans,"29.94993,-90.0701099",Former night news reporter now covering crime in the daylight for http://NOLA.com  | The Times-Picayune. Email me your story tips: jbullington@nola.com.
news,7:17 AM - 23 Jun 2010,NorthbrookPatch,http://Patch.com/Northbrook,2348,837,"Northbrook, IL","42.12968,-87.8305399",Northbrook Patch is your source for local news.
journalist,12:03 AM - 6 Apr 2014,emmajackson2010,,2458,2406,Rotherham,"53.43097,-1.3554499","CSE SURVIVOR, AUTHOR OF EXPLOITED & THE END OF MY WORLD, TRAINER & STUDENT. 96 YEARS + 9 & 1/2 YEARS JUSTICE."
news,8:34 PM - 12 Apr 2012,Baltimoreworld,,3153,2909,,,We deliver the latest Baltimore news everyday
news,1:03 PM - 12 Apr 2008,gazettedotcom,http://www.thegazette.com,43022,3185,"Cedar Rapids, Iowa","41.97588,-91.6703999","Eastern Iowa News and Sports, since 1883 | Gazette Photos: @gazettevisuals | Gazette Sports: @CRGazetteSports | Tweets by @St3phenSchmidt @richpria"
police/traffic,8:38 AM - 24 Jul 2013,FPDPIO,http://www.fullertonpd.org,5555,608,"Fullerton, California","33.87082,-117.9294099",The Official page of the Fullerton Police Department Public Information Officer. Social media policy-http://goo.gl/Uj3v1e
fire/emt,6:32 AM - 3 Mar 2014,yardleyconst,http://www.west-midlands.police.uk/,917,376,Sheldon Police Station,"52.47062,-1.784557025","Police Inspector, Yardley Constituency. Responsible for Acocks Green, Sheldon, South Yardley and Stechford alongside Sgt Sharon Revitt. Call 999 in an emergency"
journalist,8:22 PM - 4 May 2010,nielslesniewski,http://www.nielslesniewski.com,21645,2395,"Washington, D.C.","36.29885,-82.3591834",Just the senior Senate reporter at @rollcall. @hamiltoncollege graduate. Stroke survivor. Bourbon drinker. Bully. niels@cqrollcall.com
journalist,1:12 PM - 8 Oct 2008,dodgerman,http://cbschicago.com,1674,1332,Chicago,"41.87555,-87.6244199","Director, Digital Content-CBS Local, Chicago, Veteran journalist, always learning"
news,10:14 PM - 21 Jul 2011,technews_google,,2540,0,,,Unofficial tech news feed from @Google and @WinBetaDotOrg
fire/emt,10:58 AM - 17 Nov 2011,CityFredPolice,http://www.frederictonpolice.com,7362,40,"Fredericton, New Brunswick, CA",,The official Fredericton Police Force Twitter account. This account is not monitored 24/7. * For emergencies call 9-1-1* Non-emergencies call 506-460-2300
govt,1:01 AM - 14 Jun 2013,PhilosophyTube,https://www.youtube.com/user/thephilosophytube,8011,263,UK,"54.70235,-3.2765699","Web show by @ollythorn. When the government tripled tuition fees I started giving away my degree, free. He/Him"
fire/emt,7:54 AM - 13 Oct 2009,nottspolice,http://nottinghamshire.police.uk,113914,1011,Nottinghamshire,"53.16666,-0.9999999",This account isn't monitored 24/7 so please don't report crime here - call 999 in an emergency or 101 instead.
news,8:54 PM - 29 Jan 2017,Discocollective,http://www.fuckingcommies.com,3032,2772,The hearts of the Proletariat,,"Discourse Collective is a leftist platform, featuring podcasts on theory, news & culture. https://soundcloud.com/discoursecollective … https://discord.gg/MpY6rt9"
journalist,1:16 PM - 22 May 2012,_AnnaBeahm,http://sweetsourblogs.blogspot.com,324,769,"Alabama, USA","33.25888,-86.8295299",Crime and public safety reporter for @decaturdaily. Views here are mine. Wife of @tybeahm.
wx,1:31 PM - 3 Feb 2010,WMassNews,http://www.westernmassnews.com,44245,368,"Springfield, MA","42.11241,-72.5467086283346","Western Mass News brings you news, First Warning Weather, Sports on-air, online, and on the go."
journalist,9:21 AM - 28 Jan 2010,heidigroover,http://www.thestranger.com/seattle/heidi-groover/Author?oid=21149922,5868,1895,"Seattle, WA","47.60383,-122.3300599",Reporter at @TheStranger. Previously @TheInlander. Yell at me at heidi@thestranger.com.
journalist,3:50 AM - 26 Jan 2015,ZoeStevensHE,,383,558,Torquay,"50.46523,-3.5211299",Editorial Apprentice @ Herald Express - views are all my own.
wx,8:30 AM - 16 Jan 2009,1200WOAI,http://WOAI.com,15769,615,San Antonio,"29.4246,-98.4951399","San Antonio's Breaking News, Traffic and Weather Station and Radio Home for the @Spurs - Listen to us anywhere on #iHeartRadio - http://WOAI.com/listen"
journalist,3:48 AM - 1 Mar 2012,RatnaLachman,http://www.justwestyorkshire.co.uk,1095,1653,,,The views expressed by the Director are personal and do not necessarily reflect the views of JUST West Yorkshire.
journalist,12:09 AM - 16 Jun 2011,BBoason,http://www.channelstv.com,12453,796,"Lagos, Nigeria","6.45505,3.39417","26-Yrs of Business Journalism in print, on Radio/TV & Online: Head Business News ChannelsTV, ex-BloombergTVA, MBI, AIT, DBN, NTA Views Are Mine. @boasonbusiness"
police/traffic,10:47 AM - 24 Mar 2009,davidshepardson,http://www.reuters.com/journalists/david-shepardson,12578,4346,"Washington, DC","38.89495,-77.0366399","@Reuters reporter covering transportation, autos, @fcc Former Detroit News DC Bureau Chief. Michigan native. Father of two, husband, would-be basketball player"
journalist,7:48 PM - 23 Apr 2009,JBedellWHIO,http://whio.com,3766,701,"Dayton, OH","39.75894,-84.1915999","Emmy Award winning reporter, anchor @whiotv. @DaytonMBB postgame host @WHIORadio. @WalshJesuit & @UnivofDayton grad. Just a kid from Akron."
journalist,9:15 AM - 17 Aug 2012,MayaTPrabhu,http://www.postandcourier.com,2659,1379,"Columbia, SC","34.00074,-81.0343299","Statehouse reporter with The @PostandCourier. Spelman woman. Terp. Lover of politics, good journalism, great food, my pups and all things Beyonce."
journalist,8:54 AM - 1 Jul 2013,DegenRolf,https://plus.google.com/u/0/101046916407340625977/posts,6792,15,bonn,"50.73585,7.10065","Science writer and book author in psychology, neuroscience and evolution"
news,8:00 PM - 12 Jan 2009,LifeSite,http://www.lifesitenews.com,46651,39135,Canada,"61.06669,-107.9916999","The #1 pro-life news website. Covering the most important life, faith, and family news."
journalist,1:33 PM - 31 Jul 2009,NWATracy,http://www.nwaonline.com,1635,1207,"Bentonville, Ark.","36.302275,-94.2815832333333",Courts and crime reporter for Northwest Arkansas Newspapers. News junkie and sports fan. News tips: tneal@nwaonline.com
news,8:55 AM - 24 May 2010,LoriWilsonWSB,http://wsbtv.com,6305,1790,"Atlanta, GA","33.74909,-84.3901799",@WSBTV - God. Family. Friends. Food. Back in ATL via @WCIA3 @KSLA @NbcPhiladelphia & @WISH_TV News Tips: lori.wilson@wsbtv.com [Prov. 3:5-7]
fire/emt,1:18 PM - 13 Nov 2014,TaberFire,,310,62,,,
police/traffic,3:02 AM - 25 Mar 2009,WGNtraffic,http://wgntv.com/traffic,15106,293,"Chicago, IL","41.87555,-87.6244199","Chicago traffic updates from the WGN-TV Traffic Team. Accidents, delays, roadwork, transit issues, flight info, you name it. @ErinMcElroyWGN @SarahJindra"
wx,5:40 AM - 24 Apr 2009,wxiiweather,http://www.wxii12.com/weather/grid.html,6767,136,"Greensboro, North Carolina","36.07263,-79.7919699",WXII 12 Weather. Forecasts and warnings from the #1 Weather Team in the Piedmont-Triad.
journalist,2:17 PM - 21 May 2010,joeygarrison,http://www.tennessean.com/staff/16973/joey-garrison/,6921,1049,"Nashville, Tenn.","36.16222,-86.7743499",Metro and political reporter for The Tennessean. Former education reporter.
news,9:44 AM - 26 Jan 2009,YahooFinance,http://finance.yahoo.com,778623,1780,"New York, NY","40.73059,-73.9865799",The biggest business news platform on the planet.
news,4:40 PM - 12 Apr 2013,Berti_and_Ernie,https://www.instagram.com/ernie_and_berti,110633,103283,"Freiburg im Breisgau, Germany","47.99609,7.8494","We, Ernie and Berti, are #social #media #therapy #dogs and We want to make you #smile! We have a for anxious dogs! http://bit.ly/EBdogs"
wx,9:59 PM - 23 May 2013,JesseGunkel,http://www.brproud.com,375,285,"Baton Rouge, LA","30.45074,-91.1545499","Chief Meteorologist @ Local33 & Fox44 in Baton Rouge, LA"
news,4:05 PM - 15 Jan 2009,1027KIISFM,http://KIISFM.com/wangotango,330468,1352,Los Angeles,"34.05439,-118.2439399",LA's #1 Hit Music Station! Snapchat- KIIS_FM #WangoTango
disaster/accident,12:01 PM - 17 Oct 2010,RiseUp75,http://www.yemenwar.info/,11914,6772,Mad world,,Focus on Yemen until the war is over (sometimes graphic content) STOP Saudi atrocities - Support @monareliefye @Yourabilities_o @HndOrgYE @Oxfam - NEVER GIVE UP
fire/emt,9:26 AM - 19 Apr 2010,FDNY,http://www.nyc.gov/fdny,194712,268,"New York, NY","40.73059,-73.9865799","The official New York City Fire Department feed. Call 911 for all emergencies, 311 for non-emergencies. Account is not monitored 24/7"
journalist,11:58 AM - 4 Sep 2008,ShippersUnbound,http://timshipman.co.uk/,64458,3252,In the thick of it,,"Political Editor, Sunday Times. Author of All Out War: https://tinyurl.com/hmt7bfe  Hire me to speak: http://www.kirbyjones.co.uk/tim-shipman"
news,9:07 AM - 13 Apr 2015,NinWire,http://www.nintendowire.com,46792,210,The Kingdom of Hyrule,,"From the creators of @AmiiboNews, the Nintendo Wire team is here to bring you late breaking Nintendo news coverage."
journalist,12:26 AM - 13 Jan 2011,GeorgeLakoff,http://www.georgelakoff.com,27438,277,"California, USA","36.70146,-118.7559899",Professor Emeritus @UCBerkeley. Best-selling author many books including The ALL NEW Don’t Think of an Elephant.
journalist,8:32 AM - 13 Jul 2012,ParkerMolloy,http://parkermolloy.com/portfolio,80259,1869,"Chicago, IL","41.87555,-87.6244199","I write at @Upworthy, I love a woman named @KaylaPekkala & a dog named Meatball. she/her. I'm trying my best."
wx,8:39 PM - 18 Mar 2011,JonDopplerWX,http://facebook.com/JonHaverfield,2458,998,"Tulsa, Oklahoma","36.15568,-95.9929099","Meteorologist and Storm Chaser at @KJRH2HD (NBC) in Tulsa, Oklahoma. OU Grad. Boomer Sooner! Tulsa born and raised. Opinions are my own."
journalist,6:07 PM - 17 Apr 2013,MikeEads_AIM,http://www.independentmail.com,918,1242,"Anderson, S.C.","34.50686,-82.6506199","I write for the Greenville News and Anderson Independent Mail, covering Clemson (city and university), Pickens County, environment and loads of other stuff."
disaster/accident,10:11 PM - 28 Sep 2009,leahbolger,http://worldbeyondwar.org,1281,806,"UT: 44.556225,-123.28721",,"Retired military officer, now full-time anti-war activist. Rabble rouser."
news,4:28 PM - 10 Jul 2014,brocktonnews,,597,651,"Brockton, MA","42.08343,-71.0183699","The most pressing issues, news and events from Brockton."
wx,5:26 PM - 18 Sep 2008,WTOL11Toledo,http://www.WTOL.com,85710,2117,"UT: 41.654712,-83.528995",,"Breaking news, weather, traffic, sports and all the stories that matter to you from NW Ohio/SE Michigan (and beyond). Maintained by actual humans, not robots."
journalist,10:51 PM - 16 Jan 2012,acbowen,http://andrewcbowen.com,1123,609,"San Diego, CA","32.71742,-117.1627699",Metro reporter for @KPBSnews. Formerly with @dwnews and @SPIEGEL_English in Berlin. @NorthwesternU alum.
news,9:39 AM - 21 Apr 2009,einfal,http://bit.ly/2qcPM1t,6933,4131,NY,"43.15616,-75.8449899",Media consultant | Pesquisador independente | Quote your source & redemption bring forth- Talmud | All opinions are my mums
news,9:21 AM - 17 Feb 2010,LDNews,http://www.ldnews.com,10607,2663,"Lebanon County, Pennsylvania","40.37571,-76.4626099","The Lebanon Daily News is your source for local news, sports and entertainment in Lebanon County, PA. Check us out on http://Facebook.com/ldnews ."
journalist,1:38 PM - 30 Apr 2009,LauraAnthony7,http://abc7news.com,3887,669,,,ABC7 News reporter
news,3:15 PM - 23 Dec 2008,markguarino,http://mark-guarino.com,1606,1488,Chicago/New Orleans USA,,"Covering national news + culture out of Chicago. Former Christian Science Monitor Midwest Bureau Chief now The Washington Post, Politico, Crain's, Guardian, etc"
news,6:36 AM - 27 Mar 2011,europenewsdepot,http://TweetPeddler.com/europenewsdepot,128788,136867,United Kingdom,"54.70235,-3.2765699",News from newspaper and online news around countries of Europe and around the world. DETAIL STORY IN LINK IN TWEET.PLEASE SKIP ADS
journalist,6:55 AM - 30 Apr 2013,NatatTheSpec,,571,417,"Hamilton, Ontario","43.25468,-79.8678099",Reporter at The Hamilton Spectator. npaddon@thespec.com.
journalist,7:06 PM - 27 Sep 2010,ShyannMalone,,3035,1429,"Miami, FL","25.77426,-80.1936499","Anchor/Reporter, News Junkie, Sports Addict, People Person, Division I Athlete, BGSU Grad, Michigan born Black & Mexican Mix, Happy Wife, Dog Lover Loving Life!"
journalist,2:02 AM - 7 Jun 2011,MohammadIlyasKh,http://bbc.co.uk,1509,400,"Islamabad, Pakistan","33.69457,73.06437","Proud Edwardian. Was Executive Editor Herald, now BBC Online correspondent; chasing stories of a resilient people inhabiting a sorry dominion..."
wx,8:18 AM - 6 Oct 2011,Whalerfan70,,266,464,"Hartford, CT","41.76349,-72.6830499",#Hurricanes #UCONN #Weather #CurrentEvents #Nhl #Nba #Whalers
journalist,8:59 AM - 24 Jul 2015,KimChannel8,http://ktul.com,497,372,,,Reporter and anchor for Tulsa's Channel 8 @KTULNews.
journalist,3:49 PM - 22 Jan 2012,CharlieDeMar,http://CBSChicago.com,3364,2564,"Chicago, IL","41.87555,-87.6244199","Reporter @CBSChicago| 'Chicago, It's big, it's outgoing, it's tough, it's opinionated, and everybody's got a story.' Instagram/Snapchat: C_DeMar"
journalist,6:32 AM - 24 Feb 2011,SusieSteimle,,5005,1620,"San Francisco, CA","37.77928,-122.4192299","Reporter for @CBSSF. Formerly @CBSboston @NBC10 @WCAX @KOMU Emmy Nominated Reporter, wife of @jemersonhall, idealist, traveler, and proud Mizzou Grad."
police/traffic,5:13 PM - 13 Mar 2009,mrcub63,,460,813,"Illinois, USA","40.07963,-89.4339799","I love the Chicago Cubs, Retired Deputy Sheriff and Part-Time Police Officer, Married."
fire/emt,7:32 AM - 19 May 2011,Fishers_Police,http://www.fishers.in.us/police,9770,51,"Fishers, Indiana","39.95559,-86.0138699",This is the Official Twitter Page for the Fishers Indiana Police Department. This page is not monitored 24/7 Please call 911 or non-emergency 317-773-1282.
news,1:27 PM - 9 Aug 2011,icymirss,http://icymi.co,171,29,,,News and commentary that you may have missed.
journalist,11:01 PM - 7 Jun 2011,BenJordan3,http://TMJ4.com,1384,650,"Milwaukee, WI","43.03499,-87.9224899","News Reporter @TMJ4 | Journalist telling stories across WI | #MKE | Formerly @KAKENews, @KCCInews | Hawkeye | | Dog's best friend | Ben.Jordan@tmj4.com"
news,1:05 PM - 8 Jul 2010,PxvPatch,http://phoenixville.patch.com,1483,130,"Phoenixville, PA","40.13038,-75.5149099",Phoenixville Patch is your source for local news.
news,6:34 PM - 4 Mar 2011,4christiannews,http://www.christiannews.net,3217,0,"Philadelphia, PA","39.95239,-75.1635799",Christian News Network | http://ChristianNews.net  is a Internet news network providing up-to-date news and information affecting the Christian community worldwide.
news,3:08 PM - 16 Nov 2008,Daily_Chronicle,http://www.daily-chronicle.com,5561,686,"DeKalb, IL","41.92947,-88.7503599",DeKalb County's news source – online and conversing with readers
journalist,4:43 PM - 2 Aug 2010,joewebbwkrc,http://www.local12.com,3256,885,Cincinnati,"39.10145,-84.5124599",Reporter for WKRC-TV Cincinnati. I tell stories for a living.
news,11:11 AM - 11 Dec 2010,medicalwebtimes,http://www.medicalwebtimes.com,185,0,USA,"39.78373,-100.4458799",Medical Web Times is a medical news aggregator providing you bite sized medical news updates from trusted sources. Get your daily dose!
journalist,3:41 PM - 26 Sep 2013,KaitlinBain,http://kaitlinbain15.wordpress.com,420,317,"Yakima, WA","46.60155,-120.5108399",Local government and politics reporter with @Yakima_Herald. Texas Tech Alum. Opinions are my own. Contact me at kbain@yakimaherald.com or 509-577-7709
news,1:53 AM - 20 Sep 2016,InstaNBAUpdates,,397,233,,,Instant NBA News & Updates
disaster/accident,2:00 PM - 6 Jan 2009,prisonfellowshp,http://www.prisonfellowship.org,7104,898,"Lansdowne, VA","39.08252,-77.4827299",Prison Fellowship seeks to restore those affected by crime and incarceration to make communities safer and healthier.
fire/emt,2:34 PM - 16 Apr 2009,KingstonPolice,http://www.kingstonpolice.ca,40401,1700,"Kingston, Ontario, Canada","44.22984,-76.4802799",Kingston Police Official Twitter. Working proactively with the community. Emergency call 911/Non-Emerg 613-549-4660. Account is not monitored 24/7.
journalist,10:01 AM - 31 Aug 2008,TPCarney,http://washingtonexaminer.com/author/timothy-p.-carney,40361,1081,"Washington, DC","38.89495,-77.0366399","Commentary Editor, Washington Examiner; Visiting Fellow, AEI; author of The Big Ripoff (2006) & Obamanomics (2009). Disclosure: http://bit.ly/JVjTVk"
news,2:29 PM - 4 Jan 2008,DatelineNBC,http://www.datelinenbc.com,434099,1404,,,"Real-life mysteries. Investigative reporting. Justice. Fri 9/8c. Note: if you send us a tweet, you consent to allow us to use it in all media."
police/traffic,8:50 AM - 25 Jul 2014,ChiCopWatch,,11889,639,"Chicago, IL","41.87555,-87.6244199","The People's Response Team rapidly responds to police shootings in Chicago. We aim to respond, document & connect families & loved ones affected with resources."
news,12:22 PM - 6 Jan 2012,ecOikoinfo,http://www.ecOiko.eu,3847,3429,"europe, cyprus","34.9823,33.14512","Find Green #Eco Suppliers in #Cyprus, for a #green #renewable #energy world. News . events . #sustainable products . technology . #photovoltaic . solar & more"
news,12:37 PM - 20 Oct 2010,FaceTheNation,http://facethenation.com,440123,446,"Washington, DC","38.89495,-77.0366399",CBS News Face the Nation is one of the longest-running news programs in the history of television.
journalist,2:44 PM - 8 Sep 2013,PMARTKDKA,http://KDKA.com,1257,703,Pittsburgh,"40.44169,-79.9900799","KDKA TV anchor/reporter. Proud parent of three. President, Pittsburgh SAG/AFTRA. Keyboardist for Time Tested."
news,4:51 AM - 4 May 2015,BoxingKingdom14,http://boxing-kingdom.blogspot.com,21491,20905,,,Up to date News. Instant Press releases. Boxing Kingdom TM & Copyright acboxingkingdom@hotmail.com
journalist,6:41 PM - 6 Oct 2009,tomlochner,http://www.contracostatimes.com/,1089,141,94804,"37.92187,-122.3617499","Contra Costa Times reporter out of West County bureau in Richmond. Covers the communities of Hercules, Pinole, San Pablo and surrounding unincorporated areas."
news,1:28 PM - 6 Jul 2010,ManalapanPatch,http://Manalapan.Patch.com,1307,297,"Manalapan, Englishtown, NJ","40.27954,-74.3287899",Manalapan Patch is your source for local news.
journalist,10:29 AM - 27 Sep 2013,_drewki,http://facebook.com/jewsfordecolonization,2036,420,"Los Angeles, CA","34.05439,-118.2439399",Mizrahi/Maghrebi Jew. Queer. UCSB Alum. Writer and aspiring historian. Creator of @jewsdecolonize. #FreePalestine #BlackLivesMatter
news,10:39 AM - 17 Feb 2017,ZoeyJacksonR,,2067,2853,,,Lover of technology. All in technological news.
disaster/accident,11:47 AM - 30 Jan 2009,SeamusHughes,https://extremism.gwu.edu/seamus-hughes,7216,2856,,,Currently @GWUPoE. Former US Senate HomeSec Committee Senior Counterterrorism Advisor & US Govt Intel Policy Officer. @icsr_centre Fellow. I like court records.
disaster/accident,1:46 AM - 13 Jun 2015,ottotgs,http://www.tgsintconsultant.com,293,414,"London, England","51.50732,-0.1276399",Co-Founder & Director TGS/SISO #Expert Terrorism#Boko Haram#counter radicalisation#ISIL extremism#Cameroon##Nigeria#Al-Qaida #Africa#conflict
news,7:36 AM - 8 Feb 2010,jennherraldwv,,1453,1214,,,WV State and Marshall Graduate. County Manager for Kanawha County. Lover of politics. Love to read and keep up on the news. Tweets are my own!
news,1:14 PM - 12 Jan 2011,wgnotwist,http://www.wgno.com/twist,2048,38,"New Orleans, LA","29.94993,-90.0701099","#NewsWithATwist hosted by @LBJnola, @SusanRoesgen and @CurtSprang is part news and part commentary. Tag photos #WGNO for permission to share on air & online."
journalist,10:36 AM - 16 Sep 2014,MicheleWsyx6,http://www.abc6onyourside.com,1354,657,"Columbus, Ohio","39.96226,-83.0006999",Reporter for ABC6/FOX28. Got a story? Send it my way! mnewell@sbgtv.com #PittsburghNative #ProudNewsJunkie
journalist,9:36 AM - 7 Jan 2016,MPBarry_law,,4294,199,"Salt Lake City, UT","40.76701,-111.8904299","Attorney/Consultant at M.P. Barry Law & Consulting, PC. Expertise in #datasecurity, #tech, #privacy, #HIPAA, cloud computing (#SaaS). Published author. CIPP/US"
journalist,11:33 AM - 15 Mar 2009,LynnanneFOX4,http://fox4news.com,3257,1395,"Dallas, TX","32.77627,-96.7968499",Reporter @FOX4 | @NorthwesternU alum (Go 'Cats!) | Email: Lynnanne.Nguyen@FOXTV.com | Does 'RTs do not equal endorsements' hold up in court?
journalist,11:04 AM - 6 Sep 2011,RElliotWSB,,7072,448,,,WSB-TV news reporter. Atlanta native. 3rd generation UGA. Amateur historian. Avid iPhone photog (IG @grantparkphotog). Retweets are not endorsements.
police/traffic,4:22 AM - 6 May 2009,chlttraffic,http://twcnews.com,2158,144,"Charlotte, NC","35.22708,-80.8431199",I have been reporting traffic in Charlotte for so long that I remember roads that no longer exist.
journalist,10:06 AM - 11 Jan 2009,LabourList,http://www.labourlist.org/,56275,2780,UK,"54.70235,-3.2765699","The inside track on all Labour news and an open platform for debate. Editor: @EdwardsEconomy, Staff writer: @emmalbeanie"
journalist,1:18 PM - 14 Mar 2014,GRicekcstar,http://kansascity.com,1385,553,"Kansas City, Missouri","39.08446,-94.5630199",Reporter for The Kansas City Star. Retweets and links are not endorsements. Email:grice@kcstar.com
govt,8:19 AM - 17 Dec 2015,PhillyMayor,http://Phila.gov/Mayor,26670,169,"Philadelphia, PA","39.95239,-75.1635799","On January 4, 2016, I was sworn in as the 99th mayor of Philadelphia. Don't worry, I'm still tweeting at @JimFKenney too. #PhillyMayor"
journalist,8:40 AM - 26 Feb 2014,SethMSiegel,http://lettherebewater.com/jointhemovement,11529,893,"New York, NY","40.73059,-73.9865799","Businessman, Activist & Author. @NYTimes bestseller #LetThereBeWater: Israel's Solution For A Water-Starved World, from St. Martin's Press."
news,7:47 PM - 22 Oct 2012,T64Pamela,,3316,1467,,,#TRUMP Turn Off MSM FAKE NEWS ✘ Christian ✘ Globalism is evil ✘ Leftism is a mental disorder ✘ No More UNIPARTY ✘ NorCal ✘ Borders are not Racist ✘ #1A #2A
news,7:37 PM - 5 Nov 2012,NFLWrld,,38917,23057,United States,"39.78373,-100.4458799",All the news about #NFL on our account. Follow us!
wx,7:32 PM - 27 Nov 2012,PQuinlanGlobal,http://globalnews.ca/saskatoon/weather,7879,6959,"Saskatoon, Saskatchewan","52.13037,-106.6605099",Meteorologist Weeknights at 6pm and 10pm on Global Saskatoon
wx,11:50 PM - 16 Jun 2011,SimpleWeatherWV,http://www.simpleweatheralert.com,62,25,West Virginia Weather,"39.48636,-80.1460799",Provide a valuable service. Get more page views. Attract Twitter followers. Add real-time weather alerts to your social media. See our home page for details.
news,12:52 AM - 25 Nov 2012,BirdsUpdate,,1412,935,Manchester,"53.47913,-2.2440999",We deliver the latest Birds news everyday
police/traffic,6:48 AM - 24 Mar 2010,GregRice1010,http://1010WINS.com,58,51,"Manhattan, NY","40.79027,-73.9597199",@1010WINS Traffic Reporter
news,7:23 PM - 29 May 2016,NewCenturyTimes,http://newcenturytimes.com,14140,339,"Chicago, IL","41.87555,-87.6244199",New Century Times is an independent organization dedicated to bringing unfiltered news to our readers and viewers. We are uncompromising in our commitment.
fire/emt,10:10 AM - 26 Mar 2011,colCERT,http://www.colcert.gov.co,2204,174,Colombia,"2.8931,-73.7845099",Computer Emergency Response Team - Colombia
news,6:31 PM - 30 Oct 2010,AfricanSpotligh,http://www.africanspotlight.com,2232,240,New York,"40.73059,-73.9865799",http://AfricanSpotlight.com  is a platform for up-to-date African News!
journalist,2:52 PM - 1 Mar 2009,tpaperny,http://www.tpaperny.com,854,829,DC via LA via Soviet refugees,,"writer editor poet translator artmaker activist | recently @theatlantic @poolpoetry | topics: violence, mental health, trauma, resilience | queer AF"
police/traffic,8:41 AM - 28 Mar 2014,RosevilleMN_PD,http://www.ci.roseville.mn.us/Police,2871,652,Roseville Minnesota,"45.00607,-93.1566099",The Roseville Police Department has proudly served the City of Roseville (Minnesota) since 1954.
disaster/accident,1:26 PM - 5 Aug 2009,LJSblotter,http://www.journalstar.com/news/local/911,3568,295,"Lincoln, NE","40.80005,-96.6673999","Crime and breaking news updates from the Lincoln Journal Star newsroom. Tweet us your news tips, photos."
news,9:09 AM - 12 Apr 2013,inotatwork,,63,36,,,Breaking News from Top Sources
news,2:07 PM - 25 Apr 2007,nwi,http://nwi.com,47675,2562,"Munster, IN","41.56447,-87.5125399","The Times of Northwest Indiana brings news, information and entertainment to residents of #nwindiana. Also big believers that #civilitycounts."
govt,4:57 AM - 13 Jan 2009,SandsAnderson,http://www.SandsAnderson.com,519,252,"Virginia, North Carolina","35.27208,-80.7858999","lawyers and legal services for business, investors, owners, government and insurance"
journalist,1:11 PM - 19 Aug 2008,geewaxnpr,http://www.npr.org/people/98525078/marilyn-geewax,3998,653,washington,"38.89495,-77.0366399","As an NPR business editor, I edit, write & talk about biz/econ/gov issues, with a focus on ethics & conflicts of interest. http://www.npr.org"
wx,5:45 PM - 9 Nov 2010,Tampa_NC,http://www.TampaNewsChannel.com,293,44,"Tampa, FL","27.94775,-82.4584399","Updated Tampa news,sports, weather,entertainment,politics and business information."
journalist,12:07 PM - 14 Aug 2012,parisburris,http://www.reddirtreport.com/users/paris-burris,903,744,"Tulsa, Oklahoma","36.15568,-95.9929099",Freelance reporter. OKC native planted in Tulsa. Chickasaw citizen. @UofOklahoma alum. Email: parisjburris (at) gmail (dot) com.
news,9:47 AM - 8 May 2017,bahameng,,148,1,,,Independent News Center | @bahamajans
news,11:26 PM - 27 Sep 2011,edmontondaily,http://tbnn.it/edmonton,1719,351,"Edmonton, AB, Canada","53.53436,-113.5064999","Curating the best media feeds in Edmonton. Part of the 400-city The Breaking News Network, the largest community news network supporting the social good"
journalist,1:17 PM - 20 Jan 2010,jsmccullou,http://www.texastribune.org,1319,656,"Austin, TX","30.27112,-97.7436899","Reporter & developer @TexasTribune, w/ focus on the death penalty; formerly @ABQJournal. I journalism & dinosaurs."
news,12:00 PM - 28 Jan 2014,CR,https://www.ConservativeReview.com,99506,456,America,"51.4477,5.96606628601338","Trust, but verify. | We go beyond empty rhetoric of traditional media to give conservatives the unfiltered truth."
journalist,3:15 PM - 19 Feb 2009,MichelleHunter,http://connect.nola.com/user/mhunter/posts.html,3615,2222,"New Orleans, La.","29.94993,-90.0701099","Jefferson Parish crime reporter, http://NOLA.com  | The Times-Picayune. Star Wars UBERFAN. JSU and Syracuse alum. Contact me at mhunter@nola.com"
journalist,8:18 PM - 2 Jul 2013,brittanybritto,http://bsun.md/21ro4hA,1272,1202,Baltimore & Beyond,"39.29086,-76.6107999","Features reporter for @BaltimoreSun. Culture, artistic expression & food entusiast. @MerrillCollege alum. Opinions are mine. Email tips to bbritto@baltsun.com"
journalist,7:03 AM - 10 Nov 2016,VentonABC3340,,211,119,"Birmingham, AL","33.52068,-86.8024299",ABC 33/40 Reporter VentonB at abc3340 dot com
news,6:11 PM - 4 Jan 2012,JoshOutWest,,91,1252,Out West,"10.48299,16.71699",No -ism nor -ite. Reformed attorney. Emancipated Southerner. Media consumer. RT = Someone else wrote it.
news,2:24 PM - 13 Aug 2016,OutragedMary,,3116,2806,"Margate, England","51.38813,1.3842",Politeness costs nothing. Why can't everyone watch Channel 4 News and read The Guardian??? What is wrong with people? I am outraged!!!!!
news,1:15 PM - 9 Jul 2010,SoutheastPatch,http://Patch.com/Southeast,955,722,"Brewster, NY","41.39733,-73.6171899",Southeast-Brewster Patch is your source for local news.
journalist,6:39 PM - 29 Jan 2009,justinhendrix,,43555,4023,NYC,"40.73059,-73.9865799","Brooklyn, emerging media and technology, NYC Media Lab, formerly at The Economist. Opinions mine. I am not a journalist."
journalist,10:25 AM - 4 Jun 2013,DannySpewakWGRZ,http://www.wgrz.com/,4286,997,Western New York,"63.59613,23.46418",@WGRZ news reporter covering Buffalo and Western New York. You can email me at Danny.Spewak@wgrz.com.
journalist,9:49 AM - 5 Oct 2009,TheMysteryLadie,http://mysterylady.net/,31292,33141,"Harpers Ferry, WV","39.32341,-77.7319699","International Best Selling #Mystery #Author of the Mac Faraday, Lovers in Crime, & Thorny Rose Mysteries. #IARTG #SNRTG #CR4U #BYNR #ASMSG #suspense #thriller."
journalist,9:58 AM - 22 Mar 2010,weedhitler,http://limpbizkit.info,18101,537,http://paypal.me/drugleaf,,Writer/Comedian/Graphic Desiigner. I got Lil Ugly Mane's name into the New York Times by lying. Clothing: @neetgear Cont: WhimpBizkit@gmail.com
news,7:23 AM - 17 Apr 2009,cnalive,http://www.catholicnewsagency.com,285819,24739,"Denver, CO","39.73915,-104.9846999",Official Twitter account http://CatholicNewsAgency.com  | News and resources about the Catholic Church worldwide | Snapchat: cnalive
journalist,1:28 PM - 29 Jan 2013,2AndreaMarvin,http://www.cbs12.com,2581,571,"West Palm Beach, FL","26.71534,-80.0533699",Reporter. CO gal currently loving WPB. Traveler. Retweets are not endorsements. amarvin@cbs12.com
fire/emt,3:07 PM - 6 Sep 2016,TukwilaPD,http://tukwilawa.gov/departments/police/,511,227,"Tukwila, WA","47.46273,-122.2559099","Tukwila Police news/events. Call 911 to report emergencies. Site is not monitored 24/7. Comments, list of followers subject to public disclosure (RCW 42.56)."
fire/emt,9:29 AM - 10 Sep 2013,OxfordPolice,http://www.oxfordpolice.net,30919,181,"Oxford, MS","34.36641,-89.5187599",Official Twitter account of the Oxford Police Department . Home of Ole Miss . Not monitored 24/7 . Non-Emergencies call 662-232-2400
govt,6:27 PM - 20 Jul 2010,DeptDefence,http://www.defence.gov.au,23136,138,Australia,"-24.7760999,134.755","Official account of Australia’s Department of Defence. Home of the @Australian_Navy, @AustralianArmy, @Aus_AirForce and Defence civilians."
wx,8:05 PM - 12 Jan 2011,TiffanyGlobal,http://Facebook.com/TiffanyGlobal,6046,1800,50° 27' N 104° 36' W,,"Chief Meteorologist for @GlobalRegina | Global News at 6 & 10, weeknights | #Sask raised | #SKstorm #YQR"
wx,9:12 AM - 2 Sep 2009,ulmwxr,,351,607,"Mandeville, La","50.59777,-2.4864999","Father of 6 wonderful kids, married to a great wife, & meteorologist for NWS LIX. All tweets are my own opinion & do not represent my employer."
news,9:56 PM - 29 Jun 2010,VanHalenNews,http://www.VHND.com,29309,7,,,THE SOURCE for Van Halen news.
journalist,6:50 PM - 29 May 2012,NursingReviewNZ,http://www.nursingreview.co.nz,949,249,,,New Zealand's independent nursing news. Tweets from editor Fiona Cassie.
journalist,5:34 AM - 5 Nov 2013,CW_Stagg,,847,133,,,Writer
disaster/accident,2:56 PM - 15 Apr 2008,BlogsofWar,http://blogsofwar.com,118857,8135,United States,"39.78373,-100.4458799","John W. Little: Covering war, tech, intelligence, national security, & international affairs since 2002. Home to the @CovertContact Podcast. @IFTF FFG Fellow."
wx,10:17 AM - 29 Dec 2009,PIXweather,http://pix11.com/weather,4853,359,New York Metropolitan Area,,"PIX11's Weather Center. Download our app. Get up-to-the-second alerts, long-term forecasts, past and “future” radar, webcasts and much more."
police/traffic,11:43 AM - 6 Jul 2009,TotalTrafficRDU,http://totaltraffic.com/localtraffic/Raleigh-Durham/,1324,91,"Raleigh, NC","35.78039,-78.6390899","The traffic info site where public and private professionals, as well as the market-at-large rely on to verify traffic information in Raleigh, NC"
journalist,5:50 PM - 22 Nov 2009,LinziKIRO7,https://www.facebook.com/LinziKIRO7,3197,1851,Seattle,"47.60383,-122.3300599","KIRO 7 Wknd Anchor/Reporter. News, food, travel, gov't waste. RTs not endorsements. News tip? Want me to investigate something? Email me at lsheldon@kiro7.com"
police/traffic,4:33 AM - 30 Jun 2010,ISPEvansville,http://www.in.gov/isp,9470,1236,Southwest Indiana,"41.53671,-85.9438799","Indiana State Police Public Information Officer for the Evansville District. (Knox, Pike, Gibson, Posey, Vanderburgh and Warrick Counties) 812-867-2079"
govt,6:31 AM - 27 Jul 2009,JimWatsonOttawa,http://www.jimwatsonottawa.ca,114824,3053,"Ottawa, Ontario","45.42103,-75.6900199",Mayor of Ottawa / Le maire d'Ottawa
news,7:59 AM - 13 Mar 2009,StwNewsPress,http://www.stwnewspress.com,6247,1460,"Stillwater, OK","36.11563,-97.0585699",Stillwater's news source
journalist,8:02 PM - 26 Apr 2009,newsonista,,650,785,#Bulls Nation,,#news junkie. field producer. journo. public affairs gal. @columbiachi alum. charitable heart. raising Mims. living a beautiful struggle. *OPINIONS are mine*
journalist,12:53 PM - 21 Jul 2008,janestreet,http://nbcnews.com/trumptracker,4557,1614,"Brooklyn, NY","40.6501,-73.9495799","@nbcnews reporter covering Trump. Easily delighted, professionally skeptical. Photo by Olga Povarchuk. Send tips on politics/new cocktails: jane.timm@nbcuni.com"
police/traffic,3:30 PM - 15 Jun 2011,YGKTraffic,http://www.ygktraffic.com,23683,4472,"Kingston, Ontario, Canada","44.22984,-76.4802799","Traffic & public safety news in #YGK & area, w/ occasional other news thrown in. I don't RT RIDE/speed trap locations."
journalist,9:55 PM - 12 Mar 2014,thestevennabil,http://steven-official.weebly.com,31187,1523,"United States, Iraq","40.77634,-73.9628419","ASU SunDevil Alumni,Journalist/links through out Iraq&military, articles/contributions to the likes of FOX News,AlHurra,Telegraph&many more.ISIS attack survivor"
news,2:39 PM - 12 Jan 2011,blowryontv,http://money.cnn.com/media/,8590,118,Los Angeles,"34.05439,-118.2439399",Brian Lowry is a media critic for CNN. He also knows a George Carlin quote for any situation. brian.lowry@turner.com.
journalist,5:50 AM - 31 Dec 2011,CharnyPalmer,,295,1141,"Washington, DC","38.89495,-77.0366399",Government. I handle what needs handled. Tweets are my views and may not be those of my employer.
fire/emt,5:48 PM - 14 Jun 2015,ScannerNewsSTL,,427,418,"St Louis, MO","38.62727,-90.1978799","I tweet what I hear on the police and fire scanners in the St. Louis, Missouri area. Not affiliated with any agency. http://facebook.com/ScannerNewsSTL"
news,10:50 PM - 14 Dec 2014,BannedSongs,,5040,8,Republic of Krakozhia,,Latest International News - Nothing But the Truth #followme #followback #follow #TeamFollowBack
journalist,9:41 AM - 21 Sep 2008,ScottWalker6,http://scottwalkertv.com,13910,697,New Orleans via Orlando/Mobile,,Murrow and 2x Emmy-winning 6 & 10 p.m. news anchor @WDSU. Husband & daddy. Runner. Coffee/Oreo addict. #NOLA native. Southern Miss '97. scottwalker@hearst.com
fire/emt,11:43 AM - 8 Sep 2010,USFWSFireSE,http://www.fws.gov/southeastfire/,3912,637,"Atlanta, GA","33.74909,-84.3901799","The Southeast Region of the US Fish and Wildlife Service Fire Management Division , USFWS, includes AL, AR, FL, GA, KY, LA, MS, NC, SC, TN, and the Caribbean"
news,11:06 PM - 29 Jan 2010,Danica_Patrick,,3428,1740,,,The latest news about Danica Patrick and NASCAR.
wx,6:17 PM - 17 Oct 2009,DHartman_WAPT,http://www.wapt.com/weather,4736,184,Jackson,"32.410435,-90.1620574","Chief Meteorologist at 16WAPT. 31 years of forecasting Mississippi weather. Mississippi's most experienced Broadcast Meteorologist. Avid cyclist, Saints fan."
news,6:34 PM - 28 Jul 2009,TheAppalachian,http://theappalachianonline.com,7565,109,"Boone, NC","36.21679,-81.6745499","Appalachian State University's student newspaper since 1934 covering campus news, arts and sports (@TheAppSports). Tweet at us!"
news,8:05 AM - 2 Oct 2009,detroitnewsnow,,9806,309,Detroit Michigan 48226,"42.3315419062855,-83.0507162332826",#Detroit News Now . 500 Woodward Ave . #MotorCity . #Michigan . #motown . @detroitnews . #hockeytown . @Ford . @GM . @Chrysler . @tigers . @DetroitRedWings .
journalist,1:53 PM - 24 Apr 2014,JBourkeOn7,http://www.whdh.com,936,534,"Boston, MA","42.36048,-71.0595599","Reporter for @7News in Boston, MA. Also a fanatical skier, proud Bostonian and tech junky. Opinions are my own."
journalist,12:10 PM - 12 Jan 2010,marcodellacava,http://usatoday.com,6105,1802,San Francisco Bay Area,"37.78849,-122.3558399","Self-driving cars, virtual reality and Change Agent entrepreneurs are among the things that pique my interest as technology and culture reporter for @USATODAY"
journalist,5:29 AM - 5 Sep 2015,LeadersNG,http://www.leaders.ng,22815,3,"London, England","51.50732,-0.1276399","Truth, Inspiration and Motivation. News about Nigeria. editor@leaders.ng | {ADVERTS} -Text Messages only: +44 7770 013935"
journalist,4:46 PM - 30 Mar 2009,jasonnobleDMR,http://www.dmregister.com,9390,1934,Iowa,"41.92167,-93.3122699",Chief politics reporter at @DMRegister | creator of @ThreeTicketsDMR | The country I come from is called the Midwest
govt,8:29 AM - 30 Jan 2014,NYPDDCA,http://www.nyc.gov/nypd,3672,302,,,"Deputy Commissioner of Administration. The official Twitter of the Office of Deputy Commissioner, Administration. User policy: http://bit.ly/gGmduQ"
journalist,1:45 AM - 3 Jan 2008,gcluley,https://www.grahamcluley.com,61377,1815,"Oxford, UK","51.75201,-1.2578399","Award-winning computer security expert, writer and public speaker. Fighting cybercrime since early 1990s. Co-host of @SmashinSecurity podcast"
journalist,3:32 PM - 10 Mar 2012,BarrySimmsWBAL,http://www.wbaltv.com,1920,250,"Baltimore, Maryland","39.29086,-76.6107999",WBAL-TV 11 News I-Team reporter. Links & RTs aren't endorsements. Opinions are my own.
journalist,7:22 AM - 24 Jun 2008,OhMyGOFF,http://facebook.com/ohmygoff,54580,18240,"Washington, DC","38.89495,-77.0366399","YOU Matter. @nbcwashington reporter, @todayshow contributor and #NeverDecaf always."
police/traffic,2:10 PM - 8 Jul 2009,shaverk,http://projects.washingtonpost.com/staff/articles/katherine+shaver/,1667,823,,,"@WashingtonPost Transportation & development reporter. Cover Purple Line, the changing suburbs & H2O utilities. Email: shaverk[at]washpost[dot]com."
journalist,8:33 PM - 19 Oct 2008,MiamiNewTimes,http://www.miaminewtimes.com,184027,2118,"Miami, FL","25.77426,-80.1936499",Miami news updates from web editor extraordinaire @Jose_D_Duran and the city's leading alternative news source since 1987.
news,8:34 AM - 9 Mar 2009,Law360,http://www.law360.com,24919,1649,New York,"40.73059,-73.9865799","The newswire for business lawyers, Law360 provides nonstop coverage of high-stakes litigation across 40 practices every single business day."
disaster/accident,9:07 PM - 14 Dec 2009,changejustice,http://change.org/s/criminaljustice,9763,727,"California, USA","36.70146,-118.7559899",A @Change hub for taking action on criminal justice issues. RT's ≠ endorsements. Campaign Director @_jonperri admins.
journalist,12:03 PM - 19 May 2008,JeffVeillette,http://jeffveillette.com,17953,1347,jeff@veillette.me,,"Managing Editor of Hockey Content for @NationNetworkHQ. Find my work across the network, but mostly on @TLNdc."
journalist,6:22 PM - 22 Jul 2013,emcconover,http://emilyconover.net,2031,1292,"Washington, DC","38.89495,-77.0366399","Reporter at @sciencenews, bringing you the juiciest physics news."
journalist,6:12 AM - 28 Apr 2009,Bitterwhiteguy,,1986,775,,,"My sports words end up on @BarkingCarnival, my non-sports words end up on http://bitterwhiteguy.tumblr.com . Sometimes I write an eBook. I once had a dildo avi."
police/traffic,7:07 AM - 30 Dec 2011,OPA_President,http://ottawapa.ca,1624,1007,Ottawa ON,"45.42103,-75.6900199",President of The Ottawa Police Association.
journalist,5:32 PM - 17 Jun 2010,danielgullo,http://www.apple-brook.com,21759,0,"Philadelphia, PA","39.95239,-75.1635799",CEO . Speaker . Author: http://realworldagility.com  . Talkshow Host: http://agilenext.tv  . Award-winning Agile Coach and Trainer . Comedian . Veteran
news,8:08 AM - 10 Apr 2009,WBTWNews13,http://www2.wbtw.com,19601,264,"Myrtle Beach, SC","33.69564,-78.8900399",WBTW News 13 (CBS affilliate); Second digital channel MYTV (RTN / My Network affiliate)
police/traffic,7:15 AM - 8 Nov 2016,WYP_SallyB,http://www.westyorkshire.police.uk/kirklees/rural,1915,4020,"Huddersfield, England","53.6467,-1.7831999","12 yrs service at West Yorkshire Police. Wife, Mother, & Brownie Leader . Loves Sloths, drinking tea, Blackpool & Ladybird Books."
news,9:04 PM - 22 Jul 2008,710KURV,http://www.kurv.com,3307,105,"McAllen, Rio Grande Valley",,The #RGV's Newstalk Station AM 710
disaster/accident,1:24 PM - 25 Nov 2010,Prisonspeaks,http://www.nodeathpenalty.org,1743,4989,"Illinois, USA","40.07963,-89.4339799",Mark A. Clements was sentence to die in prison. he was tortured to confess to a crime he did not commit. Mark can be reached at 847 276 1382.
fire/emt,7:19 AM - 20 Aug 2010,edmontonpolice,http://www.edmontonpolice.ca,129351,156,"Edmonton, Alberta","53.53436,-113.5064999","Welcome to the EPS official Twitter feed. If you have an emergency, please dial 911 on your phone or mobile device. Feed not monitored 24/7"
journalist,7:20 PM - 29 Aug 2009,Rambobiggs,http://www.borderlandalternativemedia.com,379188,2027,"Austin, TX","30.27112,-97.7436899",Reporter. US Army 82nd. Hunter. Gun Rights Advocate. Father. Husband. COO at Borderland Alternative Media
govt,11:22 AM - 18 May 2009,PAAttorneyGen,http://www.attorneygeneral.gov,12780,941,Pennsylvania,"40.96998,-77.7278799",Pennsylvania Office of Attorney General. Tweets by OAG Staff. http://facebook.com/PaAttorneyGen
journalist,12:50 PM - 16 Jan 2009,TheRickWilson,http://about.me/therickwilson,166914,3273,Florida and points beyond,,"GOP Media Guy, Dad, Husband, Pilot, Hunter, Writer. I make ads and do politics. Columnist for the Daily Beast. Enemy of the State. Never out of the fight."
fire/emt,8:03 AM - 12 Jun 2009,BaltimoreFire,http://fire.baltimorecity.gov/,17775,244,"Baltimore, MD","39.29086,-76.6107999","The Baltimore City Fire Department serves an area of 92 sq mi and more than 620,000 residents. The department responds to over 235,000 emergency calls per year."
journalist,11:50 AM - 24 Sep 2010,LarryVNN,http://www.valuenewsnetwork.com,4543,4973,Massachusetts,"42.37887,-72.0323599","Financial Times, Harvard Business Review, Strategy + Business, Book publisher, custom publishing consultant to consulting and other professional services firms."
news,7:38 AM - 18 Feb 2016,JessATerrones,http://thechurchlv.com,827,288,"Las Vegas, NV","36.16628,-115.1492199",UNLV | Social Media & Marketing @thechurchlv Former @dailywildcat @reviewjournal @cfashionista
journalist,10:54 PM - 15 Feb 2009,DeadlinePete,http://www.deadline.com,4643,720,"Hollywood, USA","34.10282,-118.3299799","Deadline Awards Columnist. I write & speak on Oscars, Emmys, film fests; host KCET, UCLA screenings"
journalist,12:12 PM - 7 Aug 2012,tarawsyx6,http://www.abc6onyourside.com,3879,2155,"Columbus, Ohio","39.96226,-83.0006999","EMMY award winning reporter, Storyteller, Weekend Anchor at ABC6/FOX28 news in Columbus and dog lover. #teamweekend Send me news tips at temorgan@sbgtv.com"
journalist,12:29 PM - 10 Jul 2009,lorenzoFB,https://lorenzofb.com,18373,1575,"Brooklyn, USA","40.6501,-73.9495799","I write about hackers, information (cyber) security and digital rights @Motherboard. Past @Mashable, @Wired Danger Room. Open DM | lorenzo@motherboard.tv"
journalist,8:29 AM - 12 Sep 2012,MatthewSThib,,106,211,"Fannett, TX","29.92603,-94.2504399",KETK News reporter for the Lufkin/Nacogdoches area
news,7:35 AM - 29 Jan 2009,pcinvasion,http://www.pcinvasion.com,15297,218,UK,"54.70235,-3.2765699",PC Gaming news for PC Gamers.
journalist,8:32 AM - 3 May 2009,Tony_McNally_,http://www.tonymcnally.co.uk/,1761,1444,UK,"54.70235,-3.2765699","Former British soldier, Falklands War Veteran ,Internationally recognised PTSD campaigner, Poet, Author. New Military Special Forces thriller out soon."
journalist,4:25 PM - 11 Apr 2009,nancyayoussef,,20751,698,"Washington, D.C.","36.29885,-82.3591834","I am BuzzFeed's senior national security correspondent, an Egyptian-American and a Washington D.C. native. All opinions are my own."
police/traffic,12:13 PM - 25 Jun 2009,511nyBuffalo,http://twitter.511ny.org/,656,2,Buffalo,"42.88644,-78.8783599",Traffic & transit updates for the Niagara Buffalo area provided by New York State 511. Visit the website for more feeds.
police/traffic,11:50 PM - 10 Jun 2011,misguidedjenni,,1239,934,,,"Melbourne resident, public transport advocate, cyclist. Lover of red rattlers."
news,7:27 AM - 7 Feb 2012,jmanker,http://muckrack.com/jonathan-anker/articles,2740,1033,"Atlanta, GA","33.74909,-84.3901799","Manager, Social Media @WSBTV. Internet anthropologist. Recovering Floridian. Loud clapper. Former @HLNtv, @CNN. RT ≠ Robin Thicke."
wx,12:36 PM - 8 Dec 2009,QLDOnline,http://un.com.au,12172,42,"Queensland, Australia","-21.9182799,144.45888","The latest News & Information from & about Queensland including Travel, Tourism, Politics, Weather, Conditions, Advice, Events, Crime & Streaming."
fire/emt,1:37 PM - 14 Mar 2012,ScottLaPrade,http://www.SmokeShowingPhotography.com,4766,537,Leominster Ma,"42.52509,-71.7597899",Professional Firefighter 27 yrs' Local 1841 Fire Photographer' Freelance News/Newspaper Photographer
fire/emt,10:21 AM - 15 Sep 2013,BCSDSheriff,http://www.bernalillocountysheriff.com,3558,1393,"Albuquerque, New Mexico","35.0841,-106.6509799",For more info on our department visit http://www.bernalillocountysheriff.com . This account is not monitored 24/7. Please call 911 in an emergency.
wx,8:01 AM - 5 May 2009,WTVAjohn,http://www.wtva.com/story/34035883/bio,6325,910,"Tupelo, Ms.","34.26346,-88.7250234815603","Meteorologist at WTVA. Love old and new TV and movies. Native of Kansas City, Kansas."
news,12:17 AM - 2 Apr 2010,JohnWilsonPhoto,http://www.johnwilsonphotographer.com.au,6066,132,Australia,"-24.7760999,134.755",Aussie photographer .Worked in many countries with more than 25 years documenting news and current affairs. Run commercial photography business .
journalist,4:03 PM - 20 Sep 2011,_GoldenGuh,http://www.dahoneyhive.com,827,552,1913 Fortitude Way Apt 22,,Ugly but lovable. Besides that I'm a(n) Author/Blogger/Screenwriter/Occasional Comedienne... Yankee Born half Yardie Gyal.
news,3:05 PM - 27 Sep 2014,obamolizer,http://obama.trendolizer.com,2416,1315,,,"Trending news about President Obama, automatically collected by Trendolizer"
news,5:47 PM - 3 Jul 2011,Spearhafoc_,http://philipriceartist.com/,341,601,In Lost Carcosa,,"Artist and illustrator. Comics, superhero media, Public Domain scifi & fantasy books, Leftwing politics and bad jokes"
journalist,4:27 PM - 13 Jun 2009,awolfTV,https://www.facebook.com/awolftv,2193,836,"Sacramento, CA","38.58157,-121.4943899",Anchor/Reporter@FOX40 @ucberkeley alum news junkie former New Yorkercurrent coffee addict known to overuse emojis!
news,5:11 AM - 17 Oct 2013,40SouthNews,http://40southnews.com/,1327,716,"Maplewood, MO","38.61255,-90.3245499","40 South News — http://40southnews.com  — is news of Brentwood, Maplewood, and Richmond Heights, mostly."
news,7:28 PM - 6 Sep 2012,LakeViewILPatch,http://Patch.com/LakeView,1649,412,"Lake View, IL","42.71117,-78.9361399",Lake View Patch is your source for local news.
police/traffic,3:33 PM - 27 Jan 2011,brianphiggins,,291,704,"Cincinnati, OH","39.10145,-84.5124599","food, CSR, urban planning, agriculture, ecological restoration, neighborhoods, civic engagement, rivers, transportation, beer, coffee."
police/traffic,9:58 AM - 18 May 2009,PI_Steven,http://www.pi-tn.com,1003,1900,"Knoxville, TN","35.96039,-83.9210199",Father - Husband - Chaplain - Private Investigator @PremierTN - Deputy Sheriff - Member of @TennPINet - Super Hero - As Seen on TV
news,8:37 AM - 11 Jan 2012,KayfabeNews,http://kayfabenews.com,39006,1328,Parts Known,,Unreal News About an Unreal Sport.
journalist,1:11 PM - 7 Dec 2008,jpags,http://www.thestar.com/news/city_hall.html,15123,962,"Toronto, Ontario","43.65292,-79.3848999",City hall reporter for the Toronto Star
journalist,10:11 AM - 18 Jul 2009,morganmpage,http://Odofemi.com,12863,174,"Montreal, Quebec","45.50879,-73.5539799","Expert level gender. // Writer, artist, trans history podcast One From the Vaults #OFTV."
govt,9:40 AM - 22 May 2012,TomLoftus_CJ,http://www.courier-journal.com,5976,1021,"Frankfort, Kentucky","38.2009,-84.8732799",I cover Kentucky State Government for The Courier-Journal in Louisville
news,1:12 AM - 16 Oct 2016,newsaCANADA,http://www.newsa.com/ca,1115,16,"Toronto, Ontario","43.65292,-79.3848999","Aiming to be Canada's best news aggregator, we're offering you all latest news headlines from the leading news sources in Canada, updated every 5 mins."
journalist,11:13 AM - 4 Feb 2012,WilGafney,http://wilgafney.com,8371,345,#BlackLivesMatter,,"Womanist & feminist Hebrew Biblical scholar, professor, priest. Fighting white supremacy & patriarchy. Author of #DaughtersOfMiriam #WomanistMidrash #BriteBible"
journalist,6:26 AM - 3 Dec 2010,AbigaelKCTV5,http://www.kctv5.com,700,880,"Kansas City, MO","39.08446,-94.5630199",KCTV5 Reporter
news,11:01 AM - 19 Mar 2009,powelldennis,http://abcnews.com,2566,2327,"Washington, DC","38.89495,-77.0366399",ABC News Sr. Producer Multimedia Newsgathering dennis.m.powell@abc.com
disaster/accident,10:46 AM - 30 Dec 2016,ElwiraStadnik,http://www.elstadnik.com,69,79,"Mcr, UK","51.753315,-1.25545198333333","Heuristic & Behaviour Specialist, designing and implementing behavioural change. Criminal Law Interpreter."
journalist,10:25 AM - 15 May 2009,MurrayRGJ,http://www.rgj.com/staff/12443/chris-murray/,4357,59,Once lived in Gardnerville,,Reno Gazette-Journal's Nevada Wolf Pack beat writer/columnist ... I'm calling the cops ... From a tree house ... Bring me back something French.
news,11:52 AM - 28 Oct 2013,News8Daybreak,http://www.wfaa.com/news/daybreak/,9253,473,"Dallas, TX","32.77627,-96.7968499","News 8 Daybreak is our morning newscast here at WFAA-TV in Dallas, Texas. Wake up with Ron and Alexa weekdays from 4:30 am to 7:00 am"
disaster/accident,12:17 AM - 30 Apr 2009,BORNCURIOUS,http://www.watyarn.com,5523,4938,Leftist Socialist Liberal,,"Age 85. Korean War Vet. I practice Buddhism. Suffering, the origin of suffering, the cessation of suffering & the path to the cessation of suffering"
journalist,6:26 PM - 13 Oct 2011,JLangelerNews,http://www.lasvegasnow.com,2386,809,"Las Vegas, NV","36.16628,-115.1492199",@8newsnow | Anchor | Journalist | Storyteller | Hockey | Motorsports | Fmr. @king5seattle | RT not endorsements. http://www.facebook.com/johnlangelerreporter …
police/traffic,5:37 PM - 17 May 2010,Priyasideas,http://buzzfeed.com/priya,9247,1831,san francisco,"37.77928,-122.4192299",@buzzfeednews transportation reporter. say hi! priya.anand@buzzfeed.com Signal info here: http://bzfd.it/2nWupjM
news,8:45 AM - 10 Nov 2010,Wilmette_Patch,http://Patch.com/Wilmette,2039,780,"Wilmette & Kenilworth, IL","42.07709,-87.7238899",Wilmette-Kenilworth Patch is your source for local news.
news,1:07 PM - 16 Feb 2016,PortlandPatch,http://patch.com/oregon/portland,286,651,"Portland, OR","45.52024,-122.6741899","News, events and everything else Portland!"
news,8:00 AM - 22 Jan 2009,bradentonherald,http://www.bradenton.com/,31679,1625,"Bradenton, Florida","27.49892,-82.5748099","The leading source for local news, sports and information in Bradenton, Florida, Lakewood Ranch, Palmetto, Ellenton and all of Manatee County."
news,1:08 PM - 13 Jan 2009,MindenTimes,http://www.mindentimes.ca,1809,118,"Minden, Ontario, Canada","44.93165,-78.7192499",Newspaper serving Minden and the Haliburton Highlands in Ontario's beautiful cottage country.
news,11:56 AM - 1 Nov 2016,NewsEp24,,3193,3256,United States,"39.78373,-100.4458799",Breaking news alerts and updates from the Daily Info .Our mission is to inform and equip Americans who love freedom.
journalist,3:34 PM - 26 Jun 2009,RickBooneNews,http://www.nbcbayarea.com,1521,398,San Francisco Bay Area,"37.78849,-122.3558399",KNTV (NBC Owned) TV News Reporter covering San Francisco/Oakland/San Jose. 2017 Emmy Nominated (NYC & SF) rick.boone@nbcuni.com
police/traffic,11:41 AM - 4 Sep 2013,yyctransport,,32363,65,"Calgary, Alberta, Canada","51.05305,-114.0625599","City of Calgary Transportation news to keep you on the move. We don’t monitor 24/7 but we do our best to reply ASAP. For transit news, see @calgarytransit."
journalist,1:00 AM - 24 Jan 2009,HeatherSenoran,,577,1150,"Kingston, Ontario","44.22984,-76.4802799",CKWS News Videographer in Kingston. Have a story you want to share? Send me an e-mail Heather.Senoran@corusent.com Views expressed are my own.
journalist,11:44 AM - 1 Mar 2009,ZaraKing,http://www.tv3.ie/news,4227,2109,Ireland,"52.86519,-7.9794499",Journalist | News Reporter | Currently working with @3NewsIreland | @TV3Ireland | @Be3Ireland | #3News
news,3:10 AM - 12 Mar 2013,msnph,http://www.msn.com/en-ph/,1147,66,"Manila, Philippines","14.59062,120.97996","For the Pinoy community, bringing the latest in national and international news, sports, entertainment, lifestyle and business. Keeping you informed."
news,7:45 AM - 19 Jan 2011,BBCEastScot,http://news.bbc.co.uk/local/edinburghandeastscotland/hi/,6281,1,Edinburgh,"55.94956,-3.1914899","All the latest news from the BBC news teams covering Edinburgh, Fife and the east of Scotland."
wx,12:27 PM - 23 Apr 2014,NOAASatellitePA,http://www.nesdis.noaa.gov,2572,1998,"Silver Spring, MD","38.9959,-77.0288899","Media relations @NOAASatellites by PA Officer John Leslie. NOAA's weather satellites provide accurate, real-time and near-real-time observations."
fire/emt,2:41 PM - 10 Jun 2011,China20G,http://china.global20.org,30,5,China,"35.00007,104.99992","We tweet about Crisis, Disaster and Emergency Management related to China (在中国的危机管理). Join our Community! Main account: @GlobalCrisis20."
news,3:46 AM - 27 Nov 2014,BirminghamNwsUS,http://www.newslocker.com/en-us/region/birmingham/,546,582,,,Find your latest news about Birmingham with just one click. Don't miss out on anything happening in your region!
news,9:45 AM - 8 Jul 2009,Political_IM,http://affiliatevideotraining.com,10850,10711,"Miami, Florida","25.77426,-80.1936499","Political Internet Marketing, Social Media, Digital Marketing Agency, Mobile Marketing SMS, Reputation Management, eGovernance Initiatives http://bit.ly/oe4d2Z"
news,10:03 AM - 21 Dec 2016,KitsapNewsDaily,,280,1528,"Bremerton, WA","47.532795,-122.75415657904","Daily news updates from throughout Kitsap County -- Bremerton, Silverdale, Port Orchard, Kingston, Poulsbo, Bainbridge Island, Gorst, Seabeck, and more."
news,5:55 AM - 4 Nov 2013,parametromusic,,58,15,Valencia - Venezuela,"10.17048,-68.0011199",Radio On-Line 24 horas con lo mejor de la musica sin cortes publicitarios - Noticias Musicales y más
news,11:54 AM - 24 Aug 2009,nittanyrich,,4992,603,,,Covers Penn State football for Reading Eagle newspaper
journalist,1:13 PM - 24 Dec 2009,DavidRoseQ13FOX,http://www.catchwmw.com,10131,6284,"Seattle, Wa","47.60383,-122.3300599","Crime fighter by day, news anchor by night. Voice for victims. Closing in on my 900th Washington's Most Wanted capture."
police/traffic,4:14 PM - 26 Feb 2009,TracyTTraffic,https://www.tracytaylorturner.net,24047,23017,"Seattle,WA","47.60383,-122.3300599","Emmy nominated TV Traffic, fmr Country PD/Sports. Wife. Freelancer, Dog mom, traffic geek, #fishin, Zags BBall/Seahawk love Tweets are mine"
news,3:27 PM - 7 Feb 2015,reportsafrique,http://www.reportsafrique.com,100929,1748,Africa,"2,15.99999",Bespoke pan-African newspaper. Send your stories to news@reportsafrique.com FB: http://www.fb.com/reportsafrique
news,6:58 PM - 26 Apr 2011,Oxiacid,,562,487,I AM HERE....NOW,"51.36532,11.10358",i take screenshots professionally. ESPRESSO FILMS: https://www.youtube.com/channel/UCncXHJamKl272B6ym6zVqPw …
journalist,6:02 PM - 31 Jul 2007,ddayen,http://www.davedayen.com,27608,897,"Los Angeles, CA","34.05439,-118.2439399","Author of Chain of Title, winner of the Studs & Ida Terkel Prize. Writer @thenation, @Theintercept, @TheFiscalTimes, @vice, @theprospect, etc."
news,7:31 AM - 21 Feb 2009,vprnet,http://www.vpr.net,46566,5043,Vermont,"44.59907,-72.5002599","Vermont Public Radio: VPR News, VPR Classical, NPR."
disaster/accident,11:37 AM - 23 Jun 2012,WW2Facts,http://www.facebook.com/WW2Facts,55167,40,"Chicago, IL","41.87555,-87.6244199",Amazing facts & photos regarding all that was World War II. I do not own these photos. Created by @kipreiserer - advertising: ww2facts1@gmail.com #History #WWII
journalist,4:35 PM - 6 Jan 2009,scottbudman,,10593,977,silicon valley,"0.76834,31.85598","Tech & business reporter for nbc news, drummer."
news,8:04 PM - 19 May 2016,trendingnews__,http://www.trendingnewstracker.com,319,2672,,,Trending news up to date all the time. We are your number 1 source for trending news.
journalist,12:58 PM - 11 Mar 2007,pbump,,57274,578,NYC,"40.73059,-73.9865799",National correspondent for The Washington Post. philip.bump@washpost.com
wx,2:37 PM - 17 Feb 2009,nbc25fox66,http://www.nbc25news.com,13153,2165,Mid-Michigan,"42.08844,-84.2111799","NBC25 / FOX66 keeps you connected to the latest news, weather, and sports for #Flint, #Saginaw, #BayCity & #Midland."
journalist,5:32 PM - 13 Oct 2010,TheBrianPark,,764,1828,LA/OC,"42.61304,8.92325921198463",Web Editor @latimes Community News. Proud @UCLA & @columbiajourn alum. Lover of @normsrestaurant. #AveryStrong
police/traffic,5:02 AM - 22 Oct 2009,petaluma_police,http://cityofpetaluma.net/police/index.html,2496,3,"Petaluma, CA","38.23258,-122.6364599",Established in 1858
news,3:08 PM - 13 Feb 2009,KSEE24,http://www.YourCentralValley.com,48051,1020,"Fresno, California","36.73944,-119.7848299",Local News That Matters http://www.facebook.com/KSEE24
news,2:58 PM - 23 Jan 2009,mondokoosh,,1512,250,"Denver, CO","39.73915,-104.9846999",Posting LGBT+ news from around the world since 2009
journalist,11:22 AM - 4 Nov 2009,sarabhansen,http://www.denverpost.com,1034,791,Denver,"39.73915,-104.9846999",@DenverPost Breaking news editor. News junkie. Word nerd. Grammar geek. Story tip? DM me or email shansen@denverpost.com
news,2:57 AM - 21 Apr 2012,Restaurantstime,,4444,4808,,,All the latest breaking news about Restaurants
journalist,10:59 AM - 4 Aug 2009,davidhorsey,http://www.latimes.com/news/politics/topoftheticket/,6947,138,Los Angeles,"34.05439,-118.2439399",Two-time Pulitzer Prize-winning journalist David Horsey is a cartoonist and columnist for the Los Angeles Times.
news,9:22 AM - 1 Oct 2008,ivn,http://ivn.us,12298,4051,,,"IVN is an independent, non-partisan forum for unfiltered news. All comments sponsored by IVN are intended solely as a catalyst for further debate."
news,11:38 AM - 6 Jan 2013,BHeightsTAP,http://tapintoberkeleyheights.net,586,165,"Berkeley Heights, NJ","40.68343,-74.4426499","TAP into Berkeley Heights is a hyperlocal newspaper serving residents, organizations, and business owners of Berkeley Heights, NJ http://tapintoberkeleyheights.net"
journalist,9:06 AM - 28 Dec 2007,chrisgraves,http://cincinnati.com,1735,1311,"Cincinnati, OH","39.10145,-84.5124599","Women & Children's Issues reporter @Enquirer & http://cincinnati.com . Mom, question-asker. Dogging Rhoden family mass murder of 8. UNL grad. Call NEB/MN home."
journalist,2:46 AM - 28 Apr 2009,tyjohnson1,http://tywjohnson.com,994,837,"Kinston, NC","35.26266,-77.5816299",@smartkinston @newsobserver @prepsnow| journalist #ncpol #rgv #veterans #BlackLivesMatter #freekesha
journalist,6:54 AM - 7 Jan 2013,KelleeAzar,http://www.facebook.com/KelleeAzarReporter,1886,1362,"Portland, OR","45.52024,-122.6741899","Emmy winning @KATUNews reporter & Washington native with a love for breaking news, coffee, Seahawks & all things PNW! You may know me from AR, So.Dak or DC!"
news,4:20 AM - 20 Jun 2012,TerrenceJDaily,,5262,210,"San Francisco, CA","37.77928,-122.4192299","Breaking news about Terrence J, curated by @quiboatnews."
news,2:42 AM - 4 Dec 2014,Toledo_News_,http://www.newslocker.com/en-us/region/toledo/,291,385,,,Find your latest news about Toledo with just one click. Don't miss out on anything happening in your region!
news,8:28 AM - 13 Jun 2012,bankruptnews,http://bankruptcyhome.com,3765,556,USA,"39.78373,-100.4458799","Bankruptcy filings, rulings, news, convictions and discharges."
journalist,9:10 AM - 5 Oct 2010,davidpugliese,http://www.ottawacitizen.com,4121,872,"Victoria, BC","48.42833,-123.3649199",Ottawa Citizen reporter covering the Canadian military.
news,7:28 AM - 30 Jun 2012,crucial_tech,,1936,839,Worldwide,,Technology News | Stories | Solutions | Workarounds | Gadgets
journalist,1:16 PM - 14 Nov 2012,TruthOuter,,2235,1958,,,"Actor, Writer, Poet, Humanist, Animal Lover, Science Believer, Fact Believer, Forward Thinker, Love Lover, Hate Hater (You get it). RT is not endorsement"
journalist,8:31 AM - 4 Apr 2009,bethany_bruner,http://www.newarkadvocate.com/staff/14283/,1598,344,,,"Breaking News Reporter for @NewarkAdvocate, @MiamiUniversity alum. Nose usually found in a book. Opinions are mine. RTs not an endorsement."
news,3:14 PM - 6 Nov 2013,RG_FOX10,http://fox10phoenix.com/,867,1213,"Phoenix, AZ","33.44858,-112.0773399","Iowa born, @NWMOSTATE grad. Stops in NE and OK. I've been shooting news for 18 years, the last 13 @fox10phoenix"
news,5:14 AM - 13 Dec 2011,Charles_BSwans,,4450,4309,,,I'm a BSwan. I point out obvious possibilities by examining the news around us ...Former Marine / held TS/SCI clearance.
journalist,10:10 AM - 28 Apr 2009,AndrewLofholm,https://www.facebook.com/andrewlofholm/,1291,797,"West Palm Beach, FL","26.71534,-80.0533699",Bald Eagle Scout. Passionate Parallel Parker. TV Reporter for @wptv. Proud Stormy Petrel.
wx,11:50 AM - 5 May 2009,News12CT,http://connecticut.news12.com/,73825,566,"Norwalk, CT","41.11759,-73.4078899","As local as local news gets. Only on Cablevision ... not on phone company tv, or anywhere else. #Connecticut #CT #News #Weather"
fire/emt,2:39 PM - 1 Mar 2010,SheriffClarke,http://ThePeoplesSheriff.com,644748,97,"Milwaukee, WI","43.03499,-87.9224899",Sheriff Milwaukee Co. MA Security Studies NPS. NRA Member. CPAC Charlton Heston Courage Under Fire Award. NYPD/NYC Police Benevolent Asso. Person of the Year
fire/emt,2:49 AM - 5 Apr 2017,5inchMedia,https://www.facebook.com/5InchMedia/,49,170,"Westchester County ,NY","41.17631,-73.7907499","5inch Media & News is a page designed to showcase Fire, Police, EMS, Vehicles, News, Events, and more."
wx,3:59 PM - 24 Mar 2010,TripCheckOR42A,http://www.Tripcheck.com,154,0,,,"TripCheckOR42A provides incident, alert and seasonal road & weather information for OR42 - US101 to Roseburg. Know before you go!"
fire/emt,10:43 AM - 10 Jun 2009,lacfd,,27445,281,"Los Angeles, CA","34.05439,-118.2439399","Incident alerts in Los Angeles County (LACoFD Only). Owned & run by dedicated volunteers. **Not affiliated with, nor sanctioned by the LA County Fire Dept**"
wx,8:40 AM - 12 Jul 2009,PhoenixCP,http://toplocalnow.com/us/phoenix,2675,11,Phoenix,"33.44858,-112.0773399",Breaking news and weather updates from Phoenix.
news,1:18 PM - 17 Jun 2010,CHEK_News,http://www.cheknews.ca,22487,2174,"Victoria, BC","48.42833,-123.3649199","Independent & Employee-Owned News for Vancouver Island, British Columbia. Email tips@cheknews.ca"
journalist,10:24 AM - 3 Dec 2012,MakeMargarita,http://amazon.com/author/bartgnarly,15299,6309,USA,"39.78373,-100.4458799",Author of 8 Zombie novels and a Sci Fi Book called Black Cone by Brian Moorhead
fire/emt,7:30 AM - 16 May 2011,hcfirerescue,http://www.horrycountyfirerescue.com,5027,423,"Horry County, SC","33.92045,-78.9578899",HCFR is a combination career and volunteer department tasked with fire protection to the unincorporated areas of Horry County
news,6:27 AM - 5 Nov 2016,MalheurNews,http://www.malheurenterprise.com,298,10,"Vale, OR","43.9821,-117.2382299","Smart coverage of Oregon's Malheur County with daily digital, weekly print stories."
wx,7:41 AM - 27 May 2009,PinpointWXTeam,http://www.wpri.com,4917,258,Rhode Island,"41.79624,-71.5992299","WPRI's Live Pinpoint Doppler 12 Weather Team - Tony Petrarca, Pete Mangione, Michelle Muscatello, TJ Del Santo - give you weather updates 24 hours a day."
news,9:02 AM - 10 Jul 2014,GermantownPulse,http://germantownpulse.net,2714,386,"Germantown, MD","39.17316,-77.2716499","Germantown Pulse is a news and information Web site exclusively focused on Germantown, MD. Think of it as a local newspaper for your hometown."
fire/emt,6:25 PM - 10 Mar 2009,FireInfoGirl,,10194,1015,,,wildland fire news and information (Views expressed are my own. RT's are not an endorsement.)
wx,3:07 PM - 4 Aug 2010,CFJC_Today,http://www.cfjctoday.com,10460,2470,"Kamloops, British Columbia","50.67655,-120.3417299","Your source everything #Kamloops! Follow us for news, weather, sports and more. Live weekdays at Noon, 5pm, 6pm and 11pm #CFJCNews Established 1957"
journalist,6:48 PM - 15 Oct 2012,AnneRPierce,http://annerpierce.com/,1330,1815,"Washington, DC","38.89495,-77.0366399","Author: #AmericanForeignPolicy, American presidents and American society. #UChicago Ph.D. Passionate about political freedom, human rights...and art."
journalist,4:05 PM - 19 Sep 2013,ClassActionRptr,http://www.ClassActionReporterNewsletter.com/,632,610,"Washington, DC","38.89495,-77.0366399",Class Action Reporter covers all major class action litigation throughout the US. Register for 5/1 #ClassActionConference in NYC at http://www.classactionconference.com
disaster/accident,12:52 PM - 16 Apr 2009,carolrosenberg,http://miamiherald.com/guantanamo,18687,913,,,"Reports on Guantánamo Bay, Cuba, the place, policy, people, war court. Some call me Dean of Gitmo correspondents. https://www.facebook.com/GuantanamoReport/ …"
journalist,4:29 PM - 6 Dec 2013,DavidFox46,http://www.facebook.com/davidfox46,1325,662,"Charlotte, NC","35.22708,-80.8431199",Blessed. Reporter at FOX 46 Charlotte. RTDNAC TV News Multimedia Journalist of the Year 2016. Appalachian State. (704) 589.7951. David.Sentendrey@FOXTV.com
news,1:52 PM - 25 Feb 2014,BNchronicles,http://history.buffalonews.com,1990,111,"Buffalo, N.Y.","42.88644,-78.8783599",A look at Western New York's history through the pages of The Buffalo News.
news,3:48 AM - 14 May 2014,ChicagoDailyNew,,21422,11646,"Chicago, IL","41.87555,-87.6244199","Local news, sports, business, politics, entertainment, travel and opinion for Chicago and Illinois. DM us 24/7"
journalist,7:45 PM - 7 Feb 2012,ladyhawkerfinds,https://favstar.fm/users/ladyhawkerfinds,3815,4563,Venus,"32.43347,-97.1024999","Writer, Member of SETI Lover of everything Vintage Just a girl from Queens. http://www.twitr.buzz/ladyhawkerfinds  #TheResistance"
police/traffic,12:36 PM - 6 Feb 2012,KostelecPlan,,2008,1954,"Boise, ID","43.61656,-116.2008299",Active transportation & healthy places planner. Road safety advocate. My opinions are my own.
police/traffic,11:41 AM - 28 Sep 2009,PoliceMag,http://www.policemag.com,27507,4705,Law Enforcement Community,,Helping law enforcement officers do their job more effectively and safely. POLICE Magazine - http://policemag.com/subscription  #police #sheriff #criminaljustice #officer
news,10:46 AM - 11 Mar 2008,TexasTech,http://www.depts.ttu.edu/communications/you/,133461,61710,"Lubbock, TX","33.672515,-101.858009347439","Raider Power! Official Twitter account of Texas Tech University. News, events and updates. Tweeting M-F. Join the #Raiderland conversation!"
