news,2:38 PM - 29 Nov 2007,FOX13Memphis,http://www.FOX13Memphis.com,106097,3959,"Memphis, TN","35.14902,-90.0516199","http://FOX13Memphis.com  is the website for FOX13 News WHBQ-TV in Memphis, Tennessee."
news,3:32 PM - 19 Sep 2007,thenewstribune,http://www.thenewstribune.com,69680,432,"Tacoma, WA","47.24957,-122.4398699","The leading online news and information source for Tacoma, Washington and the South Puget Sound."
news,9:38 PM - 2 Mar 2014,southfronteng,http://southfront.org/,10390,280,info@southfront.org,,"News, politics and analysis for those who like to think outside the box."
news,11:21 AM - 20 May 2016,iraqi_day,http://iraqidayblog.wordpress.com,10636,63,Iraq,"33.09557,44.17497",Viral and Trending Iraq news . Focused on Iraqi Affairs . اخبار العراق My loyalty belongs to #Iraq only and not the political game.
wx,11:49 AM - 7 Dec 2007,WMCActionNews5,http://www.wmcactionnews5.com,157938,2791,"Memphis, TN","35.14902,-90.0516199","Tweets from the newsroom of Action News 5, featuring Memphis/Mid-South breaking news, traffic, and weather."
fire/emt,6:02 AM - 21 Jun 2011,QldAmbulance,http://www.ambulance.qld.gov.au/,15656,1108,"Queensland, Australia","-21.9182799,144.45888",Official account of the Queensland Ambulance Service. Do not use this account to request emergency assistance. In an emergency call TRIPLE ZERO (000).
wx,9:53 AM - 30 May 2012,NWSNewOrleans,http://www.weather.gov/neworleans,17225,220,"New Orleans, Louisiana","29.94993,-90.0701099",Official Twitter account for the National Weather Service New Orleans. Details: http://weather.gov/twitter
news,9:08 AM - 30 May 2008,KCStar,http://www.kansascity.com,210395,833,"Kansas City, Mo.","39.08446,-94.5630199",Breaking the news in Kansas City since 1880.
news,9:19 AM - 6 Dec 2012,kit4combat,http://kit4combat.uk,330,335,"England, United Kingdom","52.795475,-0.540240094230767","Combat Supplies, News & Reviews"
news,3:15 AM - 26 Jan 2011,Rojname_com,http://www.Rojname.com/,19451,1138,"Kurdistan, Europe",,Kurdish News Search Engine. News from #Kurdistan in 11+ languages. Providing news from #Kurdish sources for 15 years. #TwitterKurds! See other #Rojname accounts
news,1:58 AM - 11 Feb 2011,NewsChannel8,http://www.news8.net,13897,198,"Washington, D.C.","36.29885,-82.3591834","The D.C. metro area's only 24-hour cable news channel, devoted to the latest in the District, Maryland and Virginia."
journalist,6:59 AM - 20 Apr 2009,cjwerleman,https://www.patreon.com/cjwerleman,44740,1767,USA,"39.78373,-100.4458799",Columnist for Middle East Eye. Host of 'Resistance Radio' on iTunes. Author of The New Atheist Threat. http://www.middleeasteye.net/users/cj-werleman …
police/traffic,10:38 AM - 8 Feb 2013,2xTessy,,188600,143865,EMAIL:awesomekelly70@gmail.com,,"SOCIAL MEDIA PROMOTER For Good Website Traffic, Hype, TweetFeed, Music, Brands, Trends and Media Marketing. CALL : 08096514041. EMAIL:awesomekelly70@gmail.com"
police/traffic,7:59 PM - 23 May 2014,PoliceWorldNews,,365,2,,,"Police news, created by @KrtNthny"
journalist,2:13 PM - 12 Dec 2011,Daudoo,,88321,330,Mogadishu - Somalia,"2.04277,45.33856",I am a Freelance Journalist in Mogadishu covering events as they break - with a special focus on Al-Shabaab and global conflict updates
news,10:03 AM - 17 Nov 2011,scroll_in,http://scroll.in,130067,68,,,News. Politics. Culture.
govt,10:46 PM - 15 Jul 2008,CatoInstitute,http://www.cato.org/,312939,8267,"Washington, DC","38.89495,-77.0366399","A public policy research organization dedicated to individual liberty, limited government, free markets, and peace."
news,5:43 PM - 10 Feb 2014,GgNewsCA,http://www.news.google.com,794,120,,,"Breaking news, updates and tips from Google News."
news,2:46 AM - 1 Mar 2011,ideas4thefuture,,5881,2814,Clackmannan in Scotland,"56.10735,-3.7521299",submit any ideas for the future. We need new ideas for the future if we are going to have a future + TODAYS LATEST RELEVANT NEWS #IFF
news,3:25 AM - 9 Mar 2014,The_NewArab,http://newarab.co.uk,37714,191,London,"51.50732,-0.1276399",News website bringing you the latest from the Middle East (Formerly Al-Araby Al-Jadeed English)
news,7:12 PM - 1 Feb 2010,thaitvnews,https://www.youtube.com/thaitvnewstube,34589,21981,,,Latest Thailand & World News - ข่าวล่าสุด
news,10:54 AM - 3 Aug 2014,DaysofPalestine,http://www.daysofpalestine.com,6684,3,London,"51.50732,-0.1276399",Focused on Palestine News
news,5:43 AM - 2 Apr 2013,i24NEWS_EN,http://www.i24news.tv/en/,21194,209,Jaffa Port,"32.05398,34.75027",See Beyond. Unfiltered. Unbiased. Global news from where it happens. Watch Live: http://i24news.tv/en/tv/live  OR http://youtube.com/i24NEWS
news,10:24 PM - 9 Feb 2014,GgNewsAU,http://www.news.google.com,372,133,,,"Breaking news, updates and tips from Google News."
news,8:19 AM - 16 Sep 2008,WSJPolitics,http://wsj.com/capitaljournal,124827,237,"Washington, D.C.","36.29885,-82.3591834","The Wall Street Journal’s home for politics, policy and national security news. SIGN UP: Capital Journal Daybreak, to your inbox http://on.wsj.com/CapitalJournalSignup …"
journalist,1:23 PM - 13 Nov 2008,MitchellMcCoy,http://facebook.com/mitchellmccoyonline,8733,829,"Little Rock, AR","34.74648,-92.2895899",Emmy-winning Reporter // @KARK4News @FOX16News mitchellmccoy mitchellmccoy
journalist,2:40 PM - 28 Mar 2007,doctorow,http://craphound.com,430472,1472,Beautiful Downtown Burbank,,"Writer, blogger, activist. If you want a reply, use email. Blog suggestions here: http://boingboing.net/s  0BC4 700A 06E2 072D 3A77 F8E2 9026 DBBE 1FC2 37AF"
news,2:06 AM - 29 Jul 2013,kayodebuky,,1552,1454,Nigeria,"9.60003,7.99997",News served hot.
news,2:22 AM - 18 Mar 2009,France24_en,http://www.france24.com/en/,172990,1185,"Paris, France","48.85661,2.35149","The French international news channel broadcasting live 24/7 from Paris. Follow us for breaking news and top stories on #business, #politics and #sports."
news,4:33 AM - 14 Aug 2011,RepublicaNepal,http://www.myrepublica.com,215244,75,"Kathmandu, Nepal","27.70879,85.32024",Official twitter feed for http://www.myrepublica.com  - English news portal of Nepal Republic Media (Pvt.) Ltd. a leading media house.
news,7:57 AM - 12 Feb 2009,BelTel,http://www.belfasttelegraph.co.uk,140269,15699,"Belfast, Northern Ireland","54.59698,-5.9300899","Northern Ireland news, sport, debate, competitions and more."
news,11:02 AM - 18 Mar 2007,orlandosentinel,http://www.orlandosentinel.com,251999,614,"Orlando, FL","28.54211,-81.3790399",The Orlando Sentinel is the most comprehensive news source of the Central Florida region.
journalist,1:11 PM - 26 Jan 2011,TammyPetersen87,http://www.news24.com,2514,798,"Cape Town, South Africa","-33.9288999,18.41724","Journalist at News24. Struggling baker. Sniffer of new books. Lover of Raymond Reddington. RT not an endorsement. My account, my views."
wx,9:16 AM - 15 Aug 2008,NBCNewYork,http://www.NBCNewYork.com,266938,1945,"New York, NY","40.73059,-73.9865799",Get breaking news and Storm Team 4 weather updates. Plus stories from New York's biggest investigative unit. News tip or question? tips@nbcnewyork.com
disaster/accident,1:24 AM - 17 Oct 2015,QalaatAlMudiq,,19297,244,,,Dr. in History. Military Analysis focused on Syria. Fact Checking & Geolocations. ATGM/TOW tracker. Backup: @QalaatAlMudiq2
wx,11:19 AM - 14 Jun 2007,fox4kc,http://www.fox4kc.com/livestream,160457,483,"Kansas City, Mo.","39.08446,-94.5630199","News, weather and interesting stories from Kansas City's FOX 4 News, Working for You! List of FOX 4 Tweeters: http://fox4kc.com/twitter/  #fox4kc"
news,4:06 AM - 14 Mar 2017,WorldConserv,,71896,474,"Victoria, Australia","-36.5985999,144.678","#Global #media platform promoting #conservative #politics, values, ideals for better #society. Support @GOP @AuConservatives @Conservatives #auspol #USPolitics"
news,4:52 AM - 26 Sep 2011,DailyMail,http://www.dailymail.com,134332,1858,New York,"40.73059,-73.9865799",Latest news from the US Daily Mail team. We're on Facebook too: http://fb.me/DailyMail
news,7:51 AM - 16 Apr 2008,rtv6,http://www.theindychannel.com,90542,1412,"Indianapolis, IN, USA","39.76833,-86.1583499","News, information & entertainment from RTV6 - Central Indiana's ABC affiliate. Questions? Comments? Replies, RTs and links ≠ endorsements."
news,4:58 AM - 27 Aug 2009,daily_trust,http://dailytrust.com.ng,440220,511,"Abuja, Nigeria","9.06433,7.48929",Our Vision: To be a world class media company that earns public trust. Our mission: To disseminate credible information for the good of all stakeholders
disaster/accident,2:29 PM - 5 May 2009,environmentguru,http://www.environmentguru.com,5773,3847,"San Francisco, Ca","37.77928,-122.4192299","Intelligence tools to find #water, #energy, #air, #greenbuilding, #toxic, #sustainability, #waste, #naturalresources including #news, #jobs, #events, and #bids"
news,11:39 PM - 7 Apr 2010,vishalfast007,http://goo.gl/s47OMH,5823,5354,,,"Digital Marketing Specialist, Search Engine Optimizer, Social Media Strategist, Fan page Specialist, Web Developer, Music Lover"
news,9:53 PM - 20 Nov 2007,mercnews,http://www.mercurynews.com,186153,1564,"Silicon Valley, CA",,Latest Silicon Valley and San Francisco Bay Area news from reporters & columnists at The Mercury News.
wx,5:19 AM - 20 Jun 2011,NWStulsa,http://www.weather.gov/tsa,22149,126,"Tulsa, Oklahoma","36.15568,-95.9929099","Official Twitter account for the National Weather Service Tulsa, Oklahoma. Details: http://weather.gov/twitter"
news,4:41 PM - 11 Sep 2010,AtlantaNewsFeed,http://breakingatlantanews.com/,5475,910,"Atlanta, GA","33.74909,-84.3901799",Atlanta News on Twitter
news,8:16 AM - 9 Nov 2016,KomNewsCom,http://komnews.com/,3827,500,Germany,"51.08341,10.42344","Kom News reports and sheds light on the important and also lesser-heard stories, events, developments unfolding in and connected to the Middle East and beyond."
news,8:30 AM - 11 Oct 2014,CanadaToday24h,https://www.facebook.com/pages/News-Canada/1448573928753409,302,39,,,Canada News 24h
news,4:31 AM - 8 Nov 2012,Ruptly,https://www.youtube.com/user/RuptlyTV,44628,574,"Berlin, Germany","52.51703,13.38885",International video news agency. Part of the RT global news network. http://www.Ruptly.tv
news,3:43 PM - 23 Oct 2012,Uskeus,,5567,184,World,,News Every Day | Noticias Todos Os Dias | Noticias Todos Los Días
fire/emt,11:19 PM - 5 Mar 2009,nswpolice,http://www.police.nsw.gov.au,141298,775,"Sydney, Australia","-33.8548099,151.21645","The Official Twitter account of the NSW Police Force. Please do not report crime here. For emergencies, contact 000 or 131 444 for non urgent matters."
news,7:40 AM - 7 Jun 2011,Partisangirl,http://www.youtube.com/SyrianGirlpartisan,63223,891,Syria,"34.64018,39.04941","Geopol Analyst, Contrib @JournalNEO @GIAnalytics, Media enquiries: syriangirlpartisan@gmail.com Supporter Mail: Syriangirlnews@gmail.com http://facebook.com/Partisangirl"
police/traffic,11:35 AM - 29 Jul 2010,511PAStatewide,http://www.511PA.com,4023,3,,,An official Twitter account of the Pennsylvania Department of Transportation. Travel information and traffic alerts for all of Pennsylvania from 511PA.
journalist,2:54 PM - 13 May 2008,nzherald,http://www.nzherald.co.nz,259031,3768,New Zealand,"-41.5000799,172.8344",News and views from http://nzherald.co.nz  via our editorial team. Follow our other accounts: https://twitter.com/nzherald/lists/nz-herald-accounts …
news,12:33 PM - 7 Jan 2009,FCN2go,http://firstcoastnews.com,99258,1256,"Jacksonville, FL","30.33218,-81.6556499","First Coast News WTLV/WJXX Jacksonville, FL. Join the thousands following First Coast News."
news,9:25 PM - 29 Mar 2009,KPRC2,http://www.click2houston.com,496104,1528,"Houston, TX","29.75893,-95.3676899",NBC TV affiliate and local news station in #Houston. #BreakingNews #HoustonWeather #KPRC2 | Follow more KPRC reporters: http://bit.ly/1Rwg7wG
wx,5:26 AM - 4 Jun 2012,NWSIndianapolis,http://www.weather.gov/ind,22057,97,"Indianapolis, Indiana","39.76833,-86.1583499","Official Twitter account for the National Weather Service Indianapolis, IN. Details: http://weather.gov/twitter"
news,1:39 PM - 17 Oct 2008,Region8News,http://www.kait8.com,93215,2032,"Jonesboro, Arkansas USA","35.84286,-90.7034499",Region 8 News serves NE Arkansas and SE Missouri from its KAIT-TV studios. Note: Content shared via tweets to @Region8News may be republished on-air or online.
journalist,6:34 AM - 16 Sep 2011,SreenivasanJain,,131367,558,,,https://www.facebook.com/pages/Commitment-to-Kashmir-CtoK/328588317180633 …
news,8:19 AM - 12 Aug 2015,3NovicesHyd,http://www.3noviceshyderabad.wordpress.com,990,498,"Hyderabad, India","17.36162,78.47473",The First Online Media Updater
news,7:46 AM - 16 Feb 2014,voxdotcom,http://vox.com,583560,213,,,Understand the news.
wx,2:29 PM - 14 Jan 2009,FOX10Phoenix,http://www.FOX10Phoenix.com,235225,1185,"Phoenix, AZ","33.44858,-112.0773399","Phoenix breaking news, weather, politics, sports and more. Tweet us your tips and pics with hashtag #fox10phoenix"
news,9:06 AM - 17 Feb 2009,CTVMontreal,http://montreal.ctvnews.ca,140188,815,Montreal,"45.50879,-73.5539799",Montreal's most popular English-language television newscast
news,10:12 AM - 6 Dec 2011,AP_Oddities,http://www.ap.org,152236,12,Everywhere,,From just a little off to downright ludicrous. The best odd news @AP has to offer.
wx,2:25 PM - 2 Sep 2009,NEWS1130,http://www.news1130.com/,194096,10005,Vancouver,"49.26089,-123.1139299","Vancouver's breaking news, traffic and weather station."
wx,8:08 AM - 18 Jul 2008,kytv,http://www.ky3.com,75737,317,"Springfield, MO","37.21533,-93.2982499","The official Twitter account for KYTV, the NBC affiliate in Springfield, Missouri. Bringing you the latest news, weather and sports."
disaster/accident,7:25 AM - 15 Dec 2014,airwars,http://Airwars.org,12173,699,London,"51.50732,-0.1276399","Monitoring international airstrikes against ISIL etc in Iraq, Syria and Libya. Tracking civilian casualties. Archiving war reports. And counting the numbers"
disaster/accident,9:37 AM - 18 Apr 2013,MaxAbrahms,http://Maxabrahms.com,37822,2262,"Boston, MA","42.36048,-71.0595599","Terrorism theorist, international relations professor, married to @karlula"
journalist,1:24 AM - 5 Dec 2009,NewIndianXpress,http://www.newindianexpress.com,236224,474,Chennai,"13.07969,80.28295","All the tweets for breaking news, views and everything else. Your gateway to India and the world."
disaster/accident,2:52 AM - 10 Sep 2012,WorldALERTS247,,776,10,Philippines,"12.75034,122.73121",Tracks disaster news & alerts Worldwide.
journalist,4:37 PM - 11 Oct 2010,HarunMaruf,,88227,1752,DC . London . Mogadishu,,"VOA journalist, writer. Global conflicts, piracy and al-Shabab. Views strictly mine. RTs, links not an endorsement. http://www.voanews.com/author/23497.html …"
news,3:31 PM - 18 Dec 2008,GlobalCalgary,http://www.globalnews.ca/calgary,153045,618,"Calgary, Alberta, Canada","51.05305,-114.0625599",Your source for breaking news from #yyc and beyond. Story idea? Email calgary@globalnews.ca
news,9:48 AM - 21 Mar 2007,NYTNational,http://www.nytimes.com/national,70877,685,From Sea to Shining Sea,,Breaking news and in-depth reporting from the National Desk of The New York Times. Header: Ruth Fremson. The battle over public lands: http://nyti.ms/2pdR9PK
news,9:15 AM - 10 Apr 2008,seattletimes,http://SeattleTimes.News,501644,13037,"Seattle, WA","47.60383,-122.3300599","Local news, sports, business, politics, entertainment, travel, restaurants and opinion for Seattle and the Pacific Northwest. Tweet us with news tips, @ or DM"
news,12:11 PM - 30 Mar 2009,FOXBaltimore,http://www.foxbaltimore.com,128334,899,"Baltimore, MD","39.29086,-76.6107999","With 9 hours of Emmy Award winning #news coverage every weekday, FOX45 is consistently #Baltimore's most honored news operation. [RTs are not endorsements]"
news,5:40 PM - 15 Apr 2009,YonhapNews,http://english.yonhapnews.co.kr/,45575,1393,"Seoul, South Korea","37.56667,126.97829","Latest news updates from Yonhap News Agency headquartered in Seoul, South Korea."
news,1:19 AM - 20 Jun 2007,TimesLIVE,http://www.timeslive.co.za,841001,871,"Johannesburg, South Africa","-26.2049999,28.04972",Links to news from http://www.timeslive.co.za  --Cover pic by @RubyGold
news,6:16 PM - 23 Apr 2008,dailycamera,http://dailycamera.com,83382,1271,"Boulder, Colo.","40.01498,-105.2705399","The Daily Camera newspaper in Boulder, Colo., covers local news, sports, lifestyles, entertainment, business, opinion and more throughout Boulder County."
news,8:05 PM - 18 Feb 2012,BrisbaneBrk,,24,71,"Brisbane, Queensland","-27.4689599,153.02349",Brisbane Breaking News #BrisbaneNews
journalist,4:24 AM - 28 Sep 2010,jamesdoleman,https://jamesdoleman.contently.com,27116,2276,London/Glasgow,"36.99588,-85.9119199",Freelance legal/tech reporter. Also do bits for http://byline.com  RT's not always an endorsement
police/traffic,11:38 PM - 14 Sep 2009,Perth_Traffic,http://www.mainroads.wa.gov.au,55971,37,"Perth, Western Australia","-31.9527099,115.86047",We provide info on Perth traffic issues. For Regional road issues see https://twitter.com/wa_roads  NB. Comments to Perth_Traffic will be noted but not responded to
news,4:17 PM - 8 Dec 2010,aawsat_eng,http://english.aawsat.com,137831,4,London,"51.50732,-0.1276399","The English edition of Asharq Al-Awsat, the leading Arab international newspaper @aawsat_news"
fire/emt,9:01 AM - 14 Jan 2012,TPSOperations,http://www.torontopolice.on.ca,53324,0,"Toronto, Ont, Canada","43.67812,-79.6321205473988","Toronto Police Operations Centre ***NOT MONITORED 24/7***. Non Emergency number is 416-808-2222, Emergency 911, TDD 4164670943"
news,2:19 AM - 12 Jul 2007,japantimes,http://www.japantimes.co.jp,243114,39,Tokyo,"34.225575,139.294773938122",Breaking news and features about Japan from the nation's most widely read English-language newspaper. 日本で一番読まれている英字新聞・ジャパンタイムズが発信する国内外ニュースと、様々なジャンルの特集記事。
journalist,9:02 AM - 4 May 2013,NatDefFor,,15377,315,,,Reporter & Focused on military reports in Syria. Author on Al-Masdar News
news,10:34 AM - 5 Dec 2007,CBSDFW,http://cbsdfw.com,117136,1015,Dallas / Fort Worth,"32.73579,-97.2299499","Breaking and local news from the staff of CBS 11 News, TXA 21, Newsradio 1080 KRLD, 105.3 The Fan in D/FW."
disaster/accident,7:25 PM - 30 Sep 2014,TurkeyUntold,,71817,0,,,Monitoring war crimes and human rights violations in Turkey. Reporting real time infringements ignored by mainstream media. Justice for all.
fire/emt,6:59 PM - 13 Jan 2010,houstonpolice,http://www.houstonpolice.org,46410,61,"Houston, Texas","29.75893,-95.3676899",This is the official twitter account for the Houston Police Department. For emergencies dial 911. Non-emergency 713-884-3131. This account is NOT monitored 24/7
journalist,10:48 PM - 4 Mar 2009,chrisgeidner,http://buzzfeed.com/chrisgeidner/,76311,4709,"Washington, D.C.","36.29885,-82.3591834","Legal Editor, @BuzzFeedNews. Supreme Court Correspondent. Lawyer. Gay. Law Dork. Buckeye. Recovery. DMs are open, or email me: chris.geidner@buzzfeed.com"
news,3:55 PM - 28 Oct 2007,flintjournal,http://www.mlive.com/flintjournal/,34867,2680,"Flint, Michigan, USA","43.01717,-83.7235999","Flint, Michigan's Latest News, Entertainment, Sports and Community Voices"
disaster/accident,9:42 AM - 7 Jan 2015,MENASTREAM,http://menastream.com,7778,467,info@menastream.com,,Research & Risk Consultancy Middle East - North Africa - Sahel Algeria Tunisia Libya Mali Egypt Reports & Analysis CT/COIN/Terrorism/Political Violence
news,5:28 AM - 30 Jan 2012,krunox123,,10197,13,Not Found,,"Latest news, stories, rumors, and more from numerous sources of newsfeed and social media accounts."
wx,8:40 AM - 6 Mar 2009,WMTWTV,http://wmtw.com,68254,393,"Portland, Maine","43.66102,-70.2548499",Real-time updates from WMTW News 8: Maine's Total Weather & News.
disaster/accident,11:05 AM - 26 Dec 2013,IraqiSecurity,,38511,744,Across an ocean.,,"Middle East observer, mainly focusing on Iraq's war on terrorism. #mufc."
news,2:56 AM - 10 Mar 2015,HongKongFP,http://www.hongkongfp.com,51620,28,Hong Kong,"22.27932,114.16281","Digital English-language news source for Hong Kong & China. Not-for-profit, free-of-charge & completely independent. PGP: https://www.hongkongfp.com/contact-us/"
journalist,3:56 AM - 24 Apr 2009,vvanwilgenburg,http://jamestown.org/articles-by-author/?no_cache=1&tx_cablanttnewsstaffrelation_pi1%5Bauthor%5D=523,36835,8415,"Hewler, Kurdistan, not Beirut",,"Freelance journalist (MEE, Aranews, etc), non armchair analyst Jamestown Foundation, MA Conflict Studies/Kurdish Studies. Not here for discussion or trolls."
police/traffic,12:26 AM - 2 Nov 2011,GettrafficQLD,http://www.gettraffic.com.au,5324,22,Brisbane,"-27.4689599,153.02349",Trafficnet QLD under the Australian Traffic Network is the foremost provider of accurate and quality traffic information in QLD and Australia.
news,1:17 AM - 15 Jan 2008,CornwallLive,http://www.cornwalllive.com,45965,6012,"Cornwall, England","50.41666,-4.7499999","The digital home of the West Briton, Cornish Guardian and Cornishman papers, bringing you local news, sport & entertainment from across Cornwall."
news,11:13 AM - 13 Jun 2008,ABCNews4,http://www.abcnews4.com,79760,7116,"Charleston, SC","32.7876,-79.9402699","ABC News 4...the leader in news, sports and information for the Lowcountry."
news,1:08 PM - 16 Jun 2008,abcactionnews,http://www.abcactionnews.com,136421,582,Tampa,"27.94775,-82.4584399",Tampa Bay News: See our other feeds at https://twitter.com/tampabayweather  https://twitter.com/tampabaytraffic  https://twitter.com/actionnewscourt
news,3:10 PM - 23 Sep 2008,WKRN,http://www.wkrn.com,155842,1061,"Nashville, TN","36.16222,-86.7743499","WKRN-TV News 2 is the ABC affiliate in Nashville, Tennessee. Be sure to 'like' us on Facebook at http://Facebook.com/WKRNtv ."
news,6:30 AM - 19 Sep 2010,PressTV,http://www.presstv.com/,133248,69,"Tehran, Iran","35.68617,51.42235","Press TV is the first Iranian international news network, broadcasting in English on a round-the-clock basis."
news,8:24 AM - 16 May 2013,DefenseOne,http://www.defenseone.com/,43447,843,"Washington, D.C.","36.29885,-82.3591834","News, analysis and ideas for the new era of global security threats, politics, business and technology. A division of @AtlanticMedia."
news,9:37 PM - 9 Apr 2007,theadvocatebr,http://theadvocate.com/,74165,437,"Baton Rouge, LA","30.45074,-91.1545499",Breaking News and updates for South Louisiana and the Baton Rouge area powered by The Advocate newspaper and http://theadvocate.com
news,2:11 PM - 5 Jan 2009,WPTV,http://wptv.com,125068,1057,"West Palm Beach, Fla.",,"Breaking News in South Florida, West Palm Beach, Palm Beach County, Treasure Coast : Follow the @WPTV team: https://twitter.com/WPTV/lists/wptv"
journalist,2:45 PM - 6 Jun 2009,MarykeVermaak,,5758,1655,South Africa,"-28.8166199,24.99163",South African journalist (Jacaranda FM/Kagiso Media). These views are my own. Reality is one of the possibilities I cannot afford to ignore.
news,3:15 AM - 16 Jun 2010,UaNews_online,,4548,3148,,,All Ukraine News in one twitter
news,11:55 AM - 24 Jun 2008,NYTMetro,http://facebook.com/NewYorkTodayNYT,129037,343,New York City,"40.73059,-73.9865799","Breaking news from The New York Times Metro desk, including the Sunday Metropolitan section. Sign up for the New York Today email: http://nyti.ms/1LjkoWA"
journalist,8:56 AM - 4 Sep 2009,ahmedalifayyaz,http://aafayyaz.blogspot.com,7089,420,Srinagar / Jammu,"34.07474,74.82044",Journalist. Srinagar bureau chief STATE TIMES. Columnist edit page THE TIMES OF INDIA. Ex J&K bureau chief THE HINDU. IVLP fellow https://eca.state.gov
news,3:45 AM - 21 Aug 2009,barandbench,http://www.barandbench.com,27477,427,"Bangalore, Delhi, Mumbai",,"News about Law & Lawyers. #India related. Breaking news from reporters in #SupremeCourt, #DelhiHighCourt, #BombayHighCourt & more"
news,1:50 PM - 8 May 2008,680NEWS,http://www.680NEWS.com,293629,460,Toronto,"43.65292,-79.3848999",Latest from 680 NEWS. Join the conversation: #680NEWS
news,6:14 PM - 20 Jul 2016,EveryDayInChi,,3417,2473,"Chicago, IL","41.87555,-87.6244199","Daily Hip-Hop, News, And Other chicago jewels!"
journalist,2:03 AM - 15 Mar 2013,YusufDFI,http://www.defenceforumindia.com,13884,1113,"Bangalore, India","12.97911,77.59129",Indian National Interests. Editor & Admin Indian Defence Forum http://defenceforumindia.com  Blogs at http://www.sarvatravijay.wordpress.com
news,3:29 AM - 18 Dec 2007,BreakingNewsNY,http://www.BreakingNewsNetwork.com,3185,0,Covering the U.S.A.,,BNN is a membership based local news notification service. This is a sample of our reports and is available in real-time to our subscribers.
wx,7:27 AM - 25 Mar 2009,LivEchonews,http://www.liverpoolecho.co.uk,355651,1315,"Liverpool, UK","53.40547,-2.9805299","The latest Liverpool news, sport, weather and events from the Liverpool Echo. We're also on Facebook http://fb.me/theliverpoolecho …"
wx,6:32 PM - 14 Sep 2011,SimpleWeather4U,http://www.simpleweatheralert.com,1408,185,USA,"39.78373,-100.4458799",Provide a valuable service. Get more page views. Attract Twitter followers. Add weather alerts to your social media. See our home page for our risk-free offer.
journalist,4:25 AM - 20 Nov 2010,karynmaughan,,155635,1299,"Johannesburg, South Africa","-26.2049999,28.04972",Legal journalist at @eNCA in Johannesburg. Optimist.
wx,10:56 AM - 3 Oct 2011,WAVE3Weather,http://www.wave3.com/weather,10252,66,"Louisville, KY","38.25423,-85.7593999",The WAVE 3 News Storm Tracking Team is the only team you need to stay updated in breaking and severe weather in WAVE Country.
news,8:07 AM - 18 May 2015,postperhour,http://www.postperhour.com,10241,4013,United Kingdom,"54.70235,-3.2765699",Official Twiiter handler of PostperHour Media Limited. We deliver only the best articles to our readers.
news,9:15 AM - 29 Nov 2016,eha_news,http://ehamedya.com,4314,4,,,"Investigative Turkish News from the Intersection of Middle East, Europe and Asia"
news,10:46 PM - 24 Mar 2017,Breaking9news,,1293,2191,"England, United Kingdom","52.795475,-0.540240094230767",Bringing you the latest news in America and around the World. Follow us for the latest. WE WILL REMEMBER ALL VICTIMS OF 22 VICTIMS OF MANCHESTER ATTACK.
news,11:01 AM - 15 Apr 2008,GRPress,http://www.mlive.com/grand-rapids,68681,458,"Grand Rapids, Michigan","42.96324,-85.6678599","The Grand Rapids Press, giving you local and statewide News, Business, Sports, Entertainment, Events and more"
fire/emt,8:28 AM - 17 Aug 2009,NYCTSubway,http://www.mta.info,672142,302,New York City,"40.73059,-73.9865799",Official source for news and service change information for MTA NYC Transit subway service. Monitored 24/7. Emergency call 911.
news,6:19 PM - 3 May 2010,mic,http://mic.com,176329,1106,NYC,"40.73059,-73.9865799",Follow for news to help you rethink the world
journalist,12:48 PM - 17 Sep 2013,ThomasWictor,http://www.thomaswictor.com,18782,4482,,,"Author, novelist, and the planet's only expert on World War One flamethrowers."
journalist,1:14 PM - 7 May 2008,NatashaFatah,,30745,1016,"Toronto, Ontario","43.65292,-79.3848999",Breaking News Reporter & Host. Former Print Columnist & Radio Producer. Politics. Int'l Affairs. War. Terror. Islamism. Racism. Human Rights. Opinions=my own.
news,7:02 PM - 31 May 2009,TheBuffaloNews,http://www.buffalonews.com,142073,821,"Buffalo, NY","42.88644,-78.8783599","News alerts, headlines and notes from Buffalo's daily newspaper. Facebook: https://www.facebook.com/TheBuffaloNews"
news,6:08 AM - 13 Nov 2008,MyNews13,http://www.mynews13.com/,206948,1848,"Orlando, FL","28.54211,-81.3790399",#BreakingNews in #Orlando and all of Central Florida. Also at @MyNews13Weather and @MyNews13Traffic — Send breaking news tips: newsdesk@mynews13.com
wx,11:45 AM - 29 May 2009,weatherjunkie,http://weatherjunkiemo.blogspot.com,643,204,Springfield MO,"37.21533,-93.2982499",Severe Weather Updates and Info covering all of the US with focus on SW MO including Joplin and Springfield. Live tweeting during major weather events.
news,2:04 PM - 5 Feb 2008,azcentral,http://www.azcentral.com,325429,6072,Arizona,"34.39534,-111.7632699","http://azcentral.com  and The Arizona Republic is Arizona's #1 local site and newspaper. Follow us for breaking news, Things to Do, sports, politics and more."
news,8:42 AM - 28 Aug 2008,WESH,http://www.wesh.com,161939,301,Orlando - Daytona Beach,,Central Florida's Local. Live. Late Breaking news source.
journalist,5:36 PM - 1 Mar 2009,HillelNeuer,http://www.unwatch.org,31998,5,"Geneva, Switzerland","46.20175,6.1466","Fighting dictatorships & double standards. Executive Director of United Nations Watch in Geneva. Human rights activist, international lawyer, writer."
news,7:03 PM - 26 Jun 2008,newscomauHQ,http://www.news.com.au,470094,4188,Australia,"-24.7760999,134.755",Australia's most popular news site. Bringing you the latest breaking news from Australia and around the world.
news,2:14 AM - 7 May 2009,ChannelNewsAsia,http://channelnewsasia.com,794222,210,Singapore,"1.29045,103.85203",The official space of Channel NewsAsia - the source of breaking news from Asia and the world. We want to hear from you. Comments and news tips are welcome.
journalist,3:09 AM - 14 Feb 2014,LCEuronews,http://www.euronews.com,803,1201,,,"Journalist-Reporter-Photographer. EURONEWS. Views are mine, don't reflect the views of my employer. Reporting about the Middle East (mainly) and Breaking News"
news,1:35 AM - 17 Feb 2011,khaama,http://www.khaama.com,149483,1304,Afghanistan,"33.00008,64.99984",Khaama Press (KP) is the largest news agency in Afghanistan with over 1.5 million monthly visitors.
disaster/accident,9:47 AM - 14 Dec 2008,AviationSafety,http://aviation-safety.net,55629,146,,,Aircraft accidents and safety news from Harro Ranter at the Aviation Safety Network
news,7:54 AM - 6 Feb 2011,ROJNAME_english,http://Rojname.com/en,3971,602,"Kurdistan, Europe",,"News from #Kurdistan, Europe & World in English. #Kurdish news search engine. For other languages see @rojname_com @rojname_kurdi @rojname_sorani or #Rojname"
wx,9:17 AM - 25 May 2012,NWSHuntsville,http://www.weather.gov/hun,23826,126,"Huntsville, Alabama","34.746775,-86.7086188994222","Official Twitter account for the National Weather Service Huntsville, Alabama. Details: http://weather.gov/twitter"
news,5:57 AM - 29 Jun 2009,KABBFOX29,http://www.foxsanantonio.com/,53440,493,"San Antonio, TX","29.4246,-98.4951399","Know more. Know first. KABB-TV is the FOX affiliate in San Antonio, Texas, without doubt the most unique local news broadcasts in the city."
wx,12:22 AM - 7 Nov 2007,azfamily,http://www.azfamily.com/,218989,163,"Phoenix, Arizona","33.44858,-112.0773399","Live from the newsroom of KTVK-3TV and http://azfamily.com  in Phoenix, Arizona. Delivering local news, weather, sports & just interacting. Visit us online at"
journalist,1:49 PM - 1 Sep 2008,sgvcrime,http://www.insidesocal.com/sgvcrime/,6592,612,"Los Angeles County, California","34.3155,-118.2096799","Crime Reporter: San Gabriel Valley Tribune, Pasadena Star-News, Whittier Daily News brian.day@langnews.com"
police/traffic,7:27 AM - 12 Nov 2010,NatPoliceAssoc,http://NationalPoliceAssociation.com/,30238,3691,,,The mission of the National Police Association is to educate supporters of law enforcement in how to help police departments accomplish their goals.
news,11:48 AM - 9 Jan 2009,60Minutes,http://www.60Minutes.com,898224,400,"New York, NY","40.73059,-73.9865799","The most successful news magazine in TV history, offering hard-hitting investigative reports, interviews, feature segments and profiles of people in the news."
news,12:26 PM - 18 Jun 2012,nationalhelm,http://www.nationalhelm.net,16459,334,,,"A blog poised to providing credible information ranging from general news, entertainment gists and sports updates...Information is power"
journalist,4:32 PM - 18 Apr 2008,PMoallemian,http://www.facebook.com/pmoallemian,5191,83,"Toronto, Ontario","43.65292,-79.3848999","Iranian-Canadian-American from Toronto. Social Activist, Coach, Artist, Photographer, Writer, Expert on Iran & Middle East. Tweeted links are not an endorsement"
quake,2:05 PM - 3 May 2009,Quakeprediction,http://www.quakeprediction.com,36007,7,California Prediction,,Earthquake prediction for California - Earthquake prediction for Japan. Earthquake forecasts are based on research (2005 to 2014)
news,11:22 PM - 29 Nov 2016,Palestine_Zone,,51,3,,,Palestine News Update
news,2:16 PM - 2 Dec 2008,ocregister,http://www.ocregister.com/,159857,2508,"Orange County, CA","33.75003,-117.8704899","Orange County, California News, Sports and Entertainment"
news,4:02 AM - 31 Aug 2010,RadioPakistan,http://www.radio.gov.pk,238982,91,Islamabad,"33.69457,73.06437","National Radio of Pakistan. Follow us for Breaking News, World, Business, Sports and Entertainment News. https://www.facebook.com/radiopakistannewsofficial/ …"
news,8:16 AM - 18 Mar 2009,SABCNewsOnline,http://www.sabc.co.za/news,839865,302,South Africa,"-28.8166199,24.99163",SABC News Online is the digital news portal of the South African Broadcasting Corporation.
news,6:52 PM - 23 Apr 2009,9NewsGoldCoast,http://9News.com.au/Queensland,30846,412,"Surfers Paradise, Gold Coast","-28.0001199,153.4274",Gold Coast's Number 1 Television News. Email stories to goldcoastnews@nine.com.au or call (07) 5579 1900. Community Guidelines: http://9jump.in/8oT7O4S
police/traffic,8:50 AM - 18 Mar 2012,Kent_999s,,164847,71,Email: cos@live.co.uk,,Tweets news involving 999 services. Let others know what’s going on or what you’ve seen. Please DM or tweet your photos. This is NOT a police account.
news,11:53 PM - 12 Apr 2009,IsraelNewsNow,http://webpartner.com/IsraelNews,133853,36850,"Silicon Valley, California",,"Current news about Israeli science, medicine, finance, start-ups, education, humor, culture, politics, agriculture, technology and life in the Middle East"
news,12:26 PM - 14 Nov 2008,News3LV,http://www.news3lv.com,127231,2111,"Las Vegas, NV","36.16628,-115.1492199","Breaking News, Top Headlines and more. Your NBC affiliate in Las Vegas, Nevada. Facebook: News 3 Las Vegas IG: News3LV"
wx,7:57 AM - 20 Nov 2008,WHIORadio,http://www.whio.com,10544,364,"Dayton, Ohio","39.75894,-84.1915999",Dayton's 24 Hour News Weather and Traffic Station : AM 1290 and News 95.7 WHIO.
news,4:26 AM - 27 Mar 2009,EDP24,http://www.edp24.co.uk,86233,2071,"Norfolk, UK","52.66666,1","Latest news from the UK’s best regional paper. Norfolk, north Suffolk & east Cambs. https://www.facebook.com/edp24  https://www.instagram.com/eastern_daily_press/ …"
news,6:45 AM - 19 Jan 2011,anadoluagency,http://aa.com.tr/en,80789,18,Ankara,"39.92207,32.85375",Official Twitter account of Anadolu Agency English News
news,3:34 AM - 20 Apr 2016,kpnewschannel,,6151,94,Dal Lake,"34.08504,74.8349946456585",We report/analysis and real experience that bear veracity . We report other side of the coin which goes unreported by main stream Media.
news,4:57 AM - 21 May 2014,AcheDinAaneWale,http://facebook.com/achedinaanewalehain,4754,1966,"New Delhi, India","28.61389,77.21595",Get the latest news about #indianpolitics and JOIN @AcheDinAaneWale and Support the PM of INDIA Shri #NarendraModi ji. kyuki #achedinaanewalehain
news,4:43 AM - 7 Oct 2016,JProThePlumber,http://jobi.services,211,2,"Los Angeles, CA","34.05439,-118.2439399",Plumbing industry tips and news - visit our friend at http://jobi.services
news,2:46 PM - 22 Mar 2009,channeltennews,http://tenplay.com.au/news/national,173406,928,Australia,"-24.7760999,134.755","The official Twitter page for TEN Eyewitness News, featuring top national stories, breaking news and good discussion. Retweets are not endorsements."
wx,12:00 AM - 28 Aug 2014,OnlineCleveland,,16957,6717,"City of Cleveland, USA","33.75505,-90.7514699","Breaking news, weather, traffic and more for Cleveland. DM us anytime. RTs not endorsements"
news,12:30 PM - 13 Jan 2009,KKTV11News,http://www.kktv.com,80444,2496,"Colorado Springs, CO","38.83395,-104.8253399",#KKTV 11 News is the CBS affiliate for southern Colorado. Have a news tip? @ reply us or call 719-578-0000. Get our app: http://bitly.com/KKTVApp
news,11:04 AM - 10 Feb 2009,cleveland19news,http://www.cleveland19.com,66579,1360,"Cleveland, OH","41.50516,-81.6934399",Cleveland's breaking news leader and home of #NortheastOhio's First Alert forecast! @CBS Affiliate.
wx,7:31 AM - 20 Apr 2009,fox28columbus,http://www.myfox28columbus.com,40598,4994,"Columbus, OH","39.96226,-83.0006999","Breaking news, weather, and fun from Central Ohio's #1 10pm Newscast!"
news,4:00 AM - 18 May 2007,dwnews,http://www.dw.com,133655,795,"Bonn, Germany","50.73585,7.10065",Your go-to account for everything DW. Tweeting our news feed + updates from editors and social media curators. http://dw.com  #Germany
wx,10:34 AM - 15 May 2009,WBRZ,http://www.wbrz.com/,81345,483,"Baton Rouge, La.","30.45074,-91.1545499","Baton Rouge News, Weather and Sports for more than 60 years."
news,3:06 AM - 7 May 2010,SowetanLIVE,http://www.sowetanlive.co.za,558562,4553,"Johannesburg, South Africa","-26.2049999,28.04972",#MzansiSexiest2017 ... Leave the boring bits to the other news services. We bring you a unique perspective of SA and Int news.
journalist,8:47 AM - 14 Sep 2012,abdbozkurt,http://stockholmcf.org,28936,299,"Stockholm, Sweden","59.32511,18.07109","President, Stockholm Center for Freedom; Author of 'Turkey Interrupted' Derailing Democracy; Journalist in exile"
news,6:32 AM - 30 Apr 2010,MetroUK,http://metro.co.uk,263820,2685,,,All the latest news from http://Metro.co.uk . Follow us on Instagram: https://www.instagram.com/metro.co.uk/
fire/emt,8:06 AM - 23 Aug 2012,GriffithsJECtrl,,7097,2372,Llantrisant/Bridgend,,Head of Joint Fire Control for South Wales Fire and Rescue Service and working with South Wales Police at the Joint Control SWP HQ Bridgend
wx,7:42 AM - 8 Jun 2009,dailypostwales,http://www.dailypost.co.uk,80756,6155,"North Wales, UK","53.32189,-3.8161899","The latest North Wales news, sport, weather and events from the Daily Post Wales. We're also on Facebook http://fb.me/dailypostwales"
news,7:41 AM - 26 Aug 2008,GuamPDN,http://www.GuamPDN.com,17351,155,"Guam, USA","13.53946,144.897",Pacific Daily News. Guam's Complete Source. Go to http://www.GuamPDN.com .
police/traffic,3:12 PM - 12 May 2009,NPMRP,http://www.policemisconduct.net,16393,14,"Washington, DC","38.89495,-77.0366399","The @CatoInstitute's National Police Misconduct Reporting Project, formerly @InjusticeNews."
wx,2:22 PM - 17 Jun 2015,swc_severewx,,198,88,,,
news,7:13 AM - 28 Mar 2014,1_newsnet,http://www.1newsnet.com,16218,143,,,1 NEWS NET News Videos Music VIdeos
wx,7:42 AM - 17 Sep 2008,13WHAM,http://www.13wham.com/,133075,1115,"Rochester, NY USA","43.15728,-77.6152099","Your Breaking News & Weather Authority for the Rochester, N.Y. area. Stay informed with news, weather and sports. Like us: https://www.facebook.com/13WHAM"
wx,9:13 AM - 25 May 2015,TACSTEAM,http://www.facebook.com/Twisters13,1077,788,"Choctaw, OK","34.02462,-95.5205499",We are a group of storm spotters and weather enthusiasts that dedicate ourselves to keep the public informed on dangerous weather throughout the U.S.
news,7:39 PM - 17 Oct 2008,SkyNewsAust,http://www.skynews.com.au,360224,16218,"Sydney, Australia","-33.8548099,151.21645",Get the latest updates from Australia's 24/7 news channel direct to your inbox: http://skynews.com.au/subscribe  | @Foxtel channel 601
journalist,2:04 AM - 9 Jul 2009,NST_Online,http://www.facebook.com/nstonline,514334,356,Malaysia,"2.39237,112.84719","News, views and up-to-date reports from Malaysia's premier news source. All that and more at http://nst.com.my"
wx,11:20 AM - 24 Mar 2009,16WAPTNews,http://www.wapt.com/index.html,82984,680,"Jackson, MS","32.410435,-90.1620574",Your guide to breaking news and weather in Central Mississippi. 16 WAPT News is The One to Watch.
news,1:04 AM - 24 Oct 2007,FOXLA,http://www.foxla.com,193879,17190,"Los Angeles, CA","34.05439,-118.2439399","Official FOX 11 Los Angeles account for #LA News. Send news tips to news@fox11.com, use @FOXLA or call 310-584-2025. Follow @GDLA, too!"
news,9:45 AM - 24 Nov 2015,ISISILFightNews,https://www.facebook.com/Share-Your-News-for-the-Fight-Against-Islamic-State-Militants-1923421444384,1261,18,Worldwide,,This page shares updates on how the fight is going against the Islamic State of Iraq and the Levant. Via Google News and http://breakingnews.com  @Spyrokid77666
news,8:43 AM - 9 Oct 2009,MiddleEastMnt,https://www.middleeastmonitor.com,60058,1066,"London, UK","51.50732,-0.1276399",Bringing a fair & accurate coverage of the Middle East to the West // Community Guidelines apply: https://www.middleeastmonitor.com/community/
news,1:13 PM - 24 Oct 2008,Salon,http://www.Salon.com,976952,6045,,,"The original online source for news, politics, culture and entertainment. Since 1995."
fire/emt,5:41 PM - 13 Dec 2009,CAScanner,,1911,554,"Te Aroha, New Zealand","-37.5413899,175.70864","NZ'er tweeting fires mostly in CA, but also stuff in NZ, Detroit, NYC & Western US. *Not official info*"
news,8:36 PM - 24 Jan 2015,News2Tor,,5940,2982,#Anonymous,,Activism and Hacktivism. Anonymous News Services. #OpYemen #OpSyria #Palestine #HumanRights Multiple anons use this account.
journalist,7:48 AM - 8 Mar 2016,PeterSweden7,http://www.youtube.com/c/PeterSweden,40878,423,Europe - Not the EU,,Swedish photographer. Journalist reporting on news from Sweden. Political commentator.
news,7:44 AM - 16 Apr 2015,NewsJunkieJon,,5349,4076,Left Coast,"45.52079,-122.6760499",My name is Jon and I have a problem. I keep interrupting my work to check the latest breaking news. Somebody organize an intervention!
disaster/accident,7:08 PM - 20 Jan 2017,Trump__Girl,https://youtu.be/koJlIGDImiU,4667,4994,"Long Island, New York","40.85178,-73.0991749","LEO-TRUMP and MILITARY Supporter, BowHunter & Martial Arts-MuayThai KickBoxing BaseBall #ProGuns #ProLife #DeportIllegals #JesseWattersGirl One love-M"
wx,11:08 AM - 21 Apr 2010,severewarn,http://www.severestudios.com,18094,7,"Tornado Alley, USA","41.21979,-78.4430599",Severe Weather Alerts from http://SevereStudios.com
news,9:11 AM - 6 Feb 2009,WISN12News,http://www.WISN.com,79177,5520,Milwaukee,"43.03499,-87.9224899","We're leading the way with important local coverage. Send tips to #WISN12, NewsTips@wisn.com or 414-937-1212."
news,12:18 PM - 23 Apr 2009,sfexaminer,http://www.sfexaminer.com,51055,440,"San Francisco, CA","37.77928,-122.4192299","Monarch of the Dailies | Local, breaking news from San Francisco since 1865 | Download our mobile app: http://sfex.news/download-mobile-app …"
news,11:56 PM - 8 Jun 2013,AIIAmericanGirI,https://www.facebook.com/AIIAmericanGirI/,99528,79344,Wisconsin,"44.43089,-89.6884599","[ Wife, Mother, Patriot, Friend ] Searching the Internet for news relevant to conservatives. Both good and bad so we can be informed, debate, agree or correct."
wx,6:13 AM - 6 Jun 2012,NWSHouston,http://weather.gov/hgx,22548,336,"Houston, Texas","29.75893,-95.3676899",Official Twitter account for the National Weather Service Houston/Galveston TX. Details: http://www.weather.gov/twitter
disaster/accident,8:11 AM - 2 Sep 2013,pdxlawgrrrl,,7017,1552,"Portland, OR","45.52024,-122.6741899","Criminal defense attorney. Tweeting about the criminal legal system, immigration issues, and protests."
wx,9:18 AM - 3 Jul 2008,capitalweather,http://www.washingtonpost.com/news/capital-weather-gang/,901577,1302,"Washington, D.C.","36.29885,-82.3591834",D.C.-area and worldwide weather news from the Washington Post | contact: weather@washpost.com
wx,2:49 PM - 6 Jun 2008,cbschicago,http://CBSChicago.com,132263,2363,Chicago,"41.87555,-87.6244199","CBS Chicago: The latest news, weather & sports for all of Chicagoland. Email tips to cbschicagotips@cbs.com or call 312.899.2200."
news,7:31 PM - 25 Apr 2012,AsiaPacNews,,8176,2862,Asia Pacific,"49.42122,8.42976","Asia Pacific News - Latest News, Sports & Current affairs for Asia, IndoChina, SouthEast Asia & the Asia Pacific region #AsiaPacific"
fire/emt,5:16 PM - 1 Sep 2012,PHILAlerts,http://weatherngayon.wordpress.com/category/alerts/,1135,3,Philippines,"12.75034,122.73121","Alerts on flood, earthquakes, tsunamis, fire, accidents, travel, weather & more.t"
news,2:57 PM - 7 Feb 2015,NewsonTeesside,http://www.facebook.com/newsonteesside,414,32,Teesside,"54.63061,-1.3159129",News on Teesside
fire/emt,8:44 AM - 30 Aug 2010,IMPDnews,http://joinimpd.indy.gov,33611,976,"Indianapolis, IN","39.76833,-86.1583499",Official Twitter of the Indianapolis Metropolitan Police Department. Call 911 for emergencies or 317.327.3811 for non-emergencies. Account not monitored 24/7.
news,12:42 PM - 18 Jan 2008,13NewsNow,http://www.13newsnow.com,119620,2080,"Norfolk, VA","36.88899,-76.2481599","13News Now, WVEC: local news in Hampton Roads, Virginia; Norfolk, Virginia Beach, Chesapeake, Newport News, Suffolk, Hampton, Portsmouth, OBX, NE North Carolina"
wx,4:03 AM - 11 Nov 2008,BN9,http://www.baynews9.com,304525,260,Tampa Bay area,"27.89805,-82.5190599","Breaking news first in Tampa Bay. Continuous updates and in-depth coverage only @BN9, @BN9weather and @BN9Traffic can provide | News. Weather. Now."
fire/emt,4:32 PM - 9 May 2013,MeanStreetsOMA,http://meanstreetsoma.com/support,109383,402,"Omaha, NE","41.25873,-95.9378699","Death, destruction, and funny stuff from the streets of Omaha. Live-tweeting police/fire. Text news tips and death threats to 402-819-7610."
journalist,6:19 AM - 21 Aug 2016,Kashmir4India,http://kashmirtelegraph.com,524,8,India,"22.35111,78.66774",The Kashmir Telegraph {Estd 2002} brings to you the latest curated news from Kashmir & the Indian subcontinent 24/7. Write to us at romeet@kashmirtelegraph.com.
wx,6:24 PM - 13 Nov 2008,SteveWAFB,http://www.wafb.com/story/1397103/steve-caparotta,6019,1686,"Baton Rouge, LA","30.45074,-91.1545499","AMS certified meteorologist at @WAFB in Baton Rouge. PhD candidate at LSU. #NOLA native. Tweet all things weather, but love to talk sports as well. Views my own"
wx,7:28 PM - 29 Dec 2010,PatrickEllisWx,http://www.msnewsnow.com/weather,3749,2095,"Jackson, MS","32.410435,-90.1620574",Meteorologist for @WLBT & @Fox40News. @msstate Alum. @saints fan. Opinions & views are my own. #mswx #firstalertms #hailstate #geauxsaints IG: @patrickelliswx
news,4:29 PM - 10 Oct 2015,alt_media_today,https://twitter.com/alt_media_today,2851,4990,,,Your source for world news. Stay informed. #world #news
police/traffic,8:30 AM - 10 Nov 2010,MPFed,http://www.metfed.org.uk,10425,1379,"London, UK","51.50732,-0.1276399","The Metropolitan Police Federation (MPF) is a professional organisation representing more than 30,000 police officers in the London area. #CutsHaveConsequences"
wx,4:02 AM - 30 Jan 2008,birminghammail,http://www.birminghammail.co.uk,235195,2077,"Birmingham, UK","52.47768,-1.8948499","The latest Birmingham news, sport, weather and events. Download our app for free here http://www.birminghammail.co.uk/apps/"
news,1:36 PM - 3 Nov 2008,wdsu,http://www.wdsu.com,106263,1097,"New Orleans, LA","29.94993,-90.0701099",New Orleans area news and updates from WDSU-TV. Instagram & Snapchat: wdsu6
fire/emt,1:57 PM - 13 Mar 2009,Chicago_Police,http://www.chicagopolice.org,49310,350,"Chicago, Illinois","41.87555,-87.6244199",Official feed of Chicago Police. This is not an emergency response line and not monitored. Submit tips anonymously http://CPDTIP.com  & Call 911 for emergencies
wx,7:58 AM - 2 Feb 2011,WAFBweather,http://www.wafb.com/Global/category.asp?C=4181,6827,264,"Baton Rouge, LA","30.45074,-91.1545499","Jay, Diane, Steve & Jeff will keep you up to date on any storms, tropical weather, winter weather or anything else you need to know about headed our way!"
wx,8:26 AM - 22 Sep 2008,wis10,http://wistv.com,108453,2787,"Columbia, SC","34.00074,-81.0343299","Breaking News, Weather and Sports"
news,5:17 PM - 26 Sep 2008,syracusedotcom,http://www.syracuse.com,73808,564,"Syracuse, NY","43.04812,-76.1474199","We bring you the best in local and statewide news, sports and more."
news,1:52 PM - 6 Nov 2008,KOB4,http://www.kob.com,75157,492,"Albuquerque, NM","35.0841,-106.6509799","KOB 4 Eyewitness News, Albuquerque-Santa Fe, New Mexico - Use of #KOB4 or @KOB4 tags grants KOB the right to copy and/or distribute your content on TV or online"
wx,2:57 PM - 9 May 2013,DetroitScanner,http://MotorCity911.com,3179,188,Detroit ~ LA ~ St Clair Co,"42.74681,-82.4988599","Social Media Acct Documenting PD, FD & Wx Incidents in #Detroit. ~ Gentleman Farmer ~ Fmr Ca LEO/MilSpec ~ Failed Stuntman ~ Nervous Around High Tension Wires"
wx,1:37 PM - 8 Feb 2008,abc3340,http://www.abc3340.com,186863,790,"Birmingham, Alabama","33.52068,-86.8024299","Breaking news, weather, sports and information for the Birmingham, Tuscaloosa, and Anniston Alabama areas from the ABC 33/40 News newsroom | #LiveOn3340"
news,7:56 PM - 9 Sep 2008,abcnewsAdelaide,http://www.abc.net.au/news,72286,9,Adelaide,"-34.9274199,138.59989",ABC News from Adelaide. This account is staffed 6am-9.30pm Mon-Fri & 8am-3.30pm Sat-Sun. This is an official @ABCaustralia account.
news,3:26 PM - 22 Jun 2007,rnz_news,http://www.radionz.co.nz/news,30886,179,New Zealand,"-41.5000799,172.8344",Top news stories from the Radio New Zealand Digital News desk. (Replies from @meganjwhelan where possible.)
news,12:34 AM - 3 Jul 2010,mediacrooks,http://www.MediaCrooks.Com,129925,242,India,"22.35111,78.66774",Changing the way we consume news.... RTs Do Not Imply Endorsements.. Follow my passion http://www.EducatingForward.com  - for Parents of young kids.
news,6:14 AM - 3 Jul 2008,WGRZ,http://www.wgrz.com,170269,1972,"Buffalo, NY","42.88644,-78.8783599","2 On Your Side is WGRZ-TV in Buffalo, NY; the news station that holds people in power accountable!"
news,8:56 PM - 18 Feb 2008,DMRegister,http://www.desmoinesregister.com,133988,5092,"Des Moines, Iowa, USA","41.59106,-93.6037099",Latest headlines from The Des Moines Register
news,4:19 PM - 9 Jul 2011,RockfordScanner,http://rockfordscanner.com,6399,67,Rockford Illinois,"42.27139,-89.0939599","We post breaking news as it happens in the Rockford, Illinois area. Freelance news reporting venture. Our FB Page: http://goo.gl/UwiIqb"
disaster/accident,12:29 AM - 16 Dec 2012,WeirdCrimeFacts,,237594,0,Worldwide,,Crime doesn't pay. GRAPHIC MATERIAL...We don't take credit for content posted.
news,1:24 PM - 5 Mar 2008,WPXI,http://www.wpxi.com,165173,3315,Pittsburgh,"40.44169,-79.9900799","LEGALESE: If you send us a tweet, you consent to letting WPXI use and showcase it in any media, including TV."
news,5:06 PM - 24 Oct 2009,milligazette,http://www.milligazette.com,19949,313,"New Delhi, India","28.61389,77.21595",Indian Muslims' Leading English Newspaper Since January 2000.
wx,8:59 PM - 23 Jul 2008,NZStuff,http://www.stuff.co.nz,154224,782,New Zealand,"-41.5000799,172.8344","News, sports, politics, weather and more from New Zealand's biggest news website http://stuff.co.nz . Got a tip or photo? Email newstips@stuff.co.nz."
news,1:44 PM - 12 Jul 2013,Algerie_Infos,http://www.AlgerieInformations.com,3378,145,"San Francisco, CA 514-894-0179",,Republique Algerienne Democratique et Populaire. Eclectic news & info for all.
journalist,1:56 PM - 10 Jun 2009,azzkhann,,3073,485,islamabad,"33.69457,73.06437","journalist / anchor, controller programs & production @Khybernews tv /tweeting pak islamabad /KP Afg/,opinionated /RT endorsement some time /yes some hiking"
news,6:33 AM - 5 Jul 2014,DallasTopNews,,19617,7907,"Dallas, Texas","32.77627,-96.7968499","Dallas top news and stories, powered 24/7"
fire/emt,7:53 PM - 3 Jan 2009,ArizonaNewsnet,http://www.rebelmouse.com/ArizonaNewsnet/,39121,11030,Arizona,"34.39534,-111.7632699","Arizona, Phoenix, Tucson, national & Mexico border news. Emergency & weather alerts. USMC Veteran -Mark"
news,12:25 PM - 8 Jan 2009,KDVR,http://www.KDVR.com,122950,1602,"Denver, Colorado","39.73915,-104.9846999","FOX31 Denver #KDVR provides #Breaking News, #COwx, #COtraffic and sports for #Denver and Colorado. Have a news tip? Email: tips@kdvr.com"
journalist,8:16 PM - 25 Jan 2009,DeccanChronicle,http://www.deccanchronicle.com,43942,887,India,"22.35111,78.66774",Deccan Chronicle brings you news and views from around the world -- accurate and immediate.
news,6:31 PM - 13 Feb 2014,KING5Now,http://king5.com,3719,284,"Seattle, WA","47.60383,-122.3300599",News updates as they happen from the @KING5Seattle assignment desk
news,7:20 AM - 15 Aug 2010,Rising_Kashmir,http://www.risingkashmir.com,42040,22,India,"22.35111,78.66774",Official Twitter feed of Jammu and Kashmir's prominent & widely-read English daily newspaper.
news,5:11 AM - 2 May 2012,naijcom,https://www.naij.com/,405893,4700,"Lagos, Nigeria","6.45505,3.39417","Get latest Nigerian news and world news, breaking news, world breaking news, local news, online news, today’s news. We'll keep you interested and entertained!"
news,12:17 AM - 24 Aug 2016,mihaaruen,http://en.mihaaru.com/,45,2,Maldives,"4.22184,73.48679","The English Edition of Mihaaru, the most trusted news source in the Maldives."
news,3:43 PM - 16 Oct 2008,ABCPolitics,http://abcnews.go.com/politics,546943,487,"Washington, DC","38.89495,-77.0366399",Reports from @ABC News' political team.
news,3:26 PM - 28 Jan 2009,KLTV7,http://www.kltv.com,67492,1626,"Tyler, Longview, Jacksonville",,Your East Texas News Leader. An ABC and Raycom Affiliate. We're Proud of East Texas!
wx,7:20 PM - 30 Mar 2008,WTNH,http://wtnh.com,238430,2089,"New Haven, CT, USA","41.30821,-72.9250499","#BreakingNews, #Connecticut weather and live video alerts from Connecticut's News 8 WTNH-TV."
news,5:46 PM - 18 Aug 2011,DailyBreezeNews,http://www.dailybreeze.com/,35109,526,"Torrance, CA","33.83584,-118.3406199",Local. News. Matters. We cover the South Bay and Harbor Area of Los Angeles County. #LocalNewsMatters
disaster/accident,6:59 AM - 16 Apr 2013,CrimesWorld,,590042,1140,,,Crime doesn't pay. Original account 5/16/13... GRAPHIC MATERIAL...We don't take credit for content posted.
news,10:42 AM - 16 Mar 2009,jilevin,http://www.linkedin.com/in/jeffreylevin,550008,398829,"San Jose, CA","37.33619,-121.8905799","Marketing Programs Manager, social media, human rights, politics and news junkie, equality. #RESIST"
wx,3:43 PM - 29 May 2011,NWSCharlestonSC,http://weather.gov/chs/,23202,109,"North Charleston, SC","32.85461,-79.9748099","Official Twitter Account for National Weather Service Charleston, SC. Details: http://weather.gov/twitter"
police/traffic,4:46 PM - 22 May 2012,ILoveMyWife0007,,6944,7203,Bronx,"40.85278,-73.8390481000199",My wife & I are activist for all those who were killed by police & #Racists vigilantes. #MikeBrown #TrayvonMartin #EricGarner #KendrickJohnson
news,1:16 AM - 4 Oct 2016,NewsieNZ,http://www.newsie.co.nz,48,1,New Zealand,"-41.5000799,172.8344","United, Independent New Zealand News"
news,8:37 AM - 23 Jan 2012,PhilippineStar,http://www.philstar.com/,386624,1532,Philippines,"12.75034,122.73121","The official Twitter account of The Philippine STAR, flagship title of the country's most successful print media enterprise."
news,5:41 AM - 22 Jun 2009,globaltimesnews,http://www.globaltimes.com.cn,255689,429,"Bejing, China","39.90596,116.39124","China's national English language newspaper, under the People's Daily. Apps: http://bit.ly/1UEg2hp"
disaster/accident,7:48 AM - 11 Jan 2009,CTNSIS,http://intelligencebriefs.com,11336,3102,Tel Aviv Yafo,"32.08048,34.78052",Counter Terrorism & National Security Intelligence
news,10:32 AM - 15 Jan 2009,9NEWS,http://www.9news.com,358278,18051,"Denver, Colorado","39.73915,-104.9846999","Headlines: Yes, but use Twitter for much more: #BeOn9, #9WX, chats, etc. We use Twitter to engage with you! We also, RT Team 9NEWS http://on9news.tv/9team ."
news,2:58 AM - 25 May 2011,qnewsdesk,http://www.goqradio.com,5275,376,Belfast,"54.59698,-5.9300899",Bringing you all the recent news and sport updates from the award winning Q Radio news team. #qradionews
news,10:25 AM - 19 Dec 2008,fox5sandiego,http://www.fox5sandiego.com,154716,1341,"San Diego, CA","32.71742,-117.1627699",News from around San Diego. Staffed by http://fox5sandiego.com  editors. #SOsandiego
wx,6:10 AM - 19 Sep 2008,wave3news,http://www.wave3.com,116494,1483,"Louisville, KY","38.25423,-85.7593999","#WAVE3News is the NBC affiliate in #Louisville. We are your station for breaking news, breaking weather and breaking investigations in #Kentucky & #Indiana."
news,1:37 PM - 27 Apr 2011,kmfmnews,http://www.kmfm.co.uk,12123,735,"Kent, UK","51.22446,0.73342","The latest Kent headlines from the kmfm news team. On air 6am-6pm weekdays, including The Update at 1pm, and 8am-1pm weekends."
disaster/accident,11:06 AM - 27 Jan 2012,WarDiaryF82,,5358,212,,,Started by @ProfTonyPollard as daily recap of Falklands War to mark 30th anniversary in 2012. Now dedicated to history of Falklands War and related issues.
journalist,2:44 AM - 31 Aug 2013,rhulani1baloyi,,17955,716,,,"TV presenter, Journalist, Motivational Speaker and CasualDay ambassador. Inquiries, rhulanibaloyibookings@gmail.com"
news,5:09 AM - 13 Feb 2017,VideoKron,https://www.videokron.com/,527,614,"Moeskroen, Belgium","50.74333,3.2139","Find the latest videos on http://Videokron.com  Watch videos from various sources about politics, world news, music, sports, tech, entertainment and more."
news,5:39 AM - 17 Jun 2008,KATVNews,http://www.katv.com/,137415,490,"Little Rock, Ark.","34.74648,-92.2895899",#KATV Channel 7 #News #Arkansas #arwx #KATV7 http://www.facebook.com/KATVChannel7
journalist,5:11 PM - 6 Sep 2009,BrettKHOU,http://www.khou.com,2564,630,"Houston, TX","29.75893,-95.3676899","Reporter for KHOU 11 News | Have a news tip? Email me at bbuffington@khou.com | Tweets are mine, retweets aren't endorsements."
disaster/accident,7:21 AM - 9 Dec 2016,CrimeNewsFeed,,482,669,,,All kinds of news about various kind of crimes. #crime #news #crimenews
fire/emt,9:37 AM - 5 Sep 2014,NOPDNews,http://www.nopdnews.com,11224,788,"New Orleans, LA","29.94993,-90.0701099",Official Twitter of the New Orleans Police Department. Call 911 for emergencies. Account not monitored 24/7. Media inquiries: nopdpio@nola.gov
disaster/accident,7:12 PM - 14 Sep 2011,antiwar1984,,35222,29283,,,"Lao Tzu - How could man rejoice and delight in the slaughter of men? Non-Partisan Anti-War, Non-Interventionism, Anti-Drone; War is a Racket"
news,5:14 AM - 20 Feb 2008,CBS6,http://www.wtvr.com,112147,4543,"Richmond, Virginia","37.5385,-77.4342799","Local news and beyond, discussion and an inside look at the process."
journalist,3:30 PM - 6 Jul 2011,DSchratwieser,http://www.myfoxphilly.com/dpp/about_us/Dave_Schratwieser_new,6673,285,"Philadelphia, PA","39.95239,-75.1635799","Emmy Award-winning Reporter at WTXF-FOX29 focusing in Investigative Reporting, Spot and Feature News"
news,12:28 AM - 20 Jan 2010,bernamadotcom,http://www.bernama.com,625531,1143,"Kuala Lumpur, Malaysia","3.15709,101.70095",Agensi Berita Nasional Malaysia ditubuhkan pada 1967 / Malaysia National News Agency was set up in 1967 - BUKAN SEKADAR BERITA /NEWS AND BEYOND
journalist,5:24 PM - 3 Jul 2009,shestokas,http://bit.ly/SAg7yo,126412,76447,"Chicago, IL","41.87555,-87.6244199",Author Constitutional Sound Bites http://dld.bz/fgHWV  Join my FB Constitution Group: https://www.facebook.com/groups/Shestokas.Constitution/ …
news,9:12 AM - 15 Oct 2014,NepNews,https://twitter.com/BN365,1805,176,Kathmandu,"27.70879,85.32024","[MyRepublica, Himalayan Times, Kathamandu Post & Rising Nepal] News from #Nepal in English. For Nepali Flow: @NepalMediaNews"
fire/emt,6:13 PM - 1 Oct 2008,jdesignz,http://jdesignzmedia.com,2052,2028,MNL [GMT+8],,I'm a #WordPress guy. I eat #Apple & #BlackBerry. I aim n fire using my #Nikon camera. I #WorkWide. #BBMme 7B5DB8D7
news,1:16 AM - 2 Oct 2009,SFnewsnow,,12282,411,"San Francisco, California","37.77928,-122.4192299",San Francisco News Now . 425 Market Street . #SanFrancisco . California . 94105 . #SFnews . #thecity . @SFgate . #bayarea . #goldengate . @SFgiants . #SF
news,12:06 AM - 31 Dec 2012,GetWestLondon,http://www.getwestlondon.co.uk,11617,652,,,"The best news, sport, football and what's on from around West London."
news,7:36 AM - 10 Jan 2007,BBCNewsNI,http://www.bbc.co.uk/newsni,193882,1314,Belfast,"54.59698,-5.9300899",Latest and breaking news from the @BBCNewsNI newsroom.
news,3:21 AM - 26 Mar 2008,PlymouthHerald,http://plymouthherald.co.uk,50825,1720,Plymouth,"50.37126,-4.1425599","Bringing you all latest Plymouth news here, the official Twitter feed for The Herald. Providing local content to you 24/7 in print, online, and through mobile."
news,4:40 AM - 14 May 2014,ZABulletin,,1075,0,South Africa,"-28.8166199,24.99163",South African news feeds - in one place - updates every 15 minutes.
news,7:02 AM - 20 Apr 2015,Midlands_News,,586,158,The Midlands,"-19.2784999,29.87908",News from the East and West Midlands
journalist,1:29 PM - 28 Apr 2010,VABVOX,http://www.victoriabrownworth.com,36166,2185,"Philly, natch",,Award-winning investigative journo. Writes books. Politics editor @TheRealCurve Fighting #fascism & #cancer.Saving the world one woman/girl at a time! #resist
wx,8:26 AM - 28 Jan 2009,KJRH2HD,http://www.kjrh.com,63164,1080,"Tulsa, Oklahoma","36.15568,-95.9929099","Your source for breaking news, weather and information in Tulsa and Green Country. News tip, photo you want to share? news2share@kjrh.com or call 918-743-2222"
journalist,6:58 PM - 22 Feb 2012,JimKilbane,https://teamster.org/lets-get-america-working,97419,67860,"Cleveland, OH","41.50516,-81.6934399","Elected Trustee #Teamsters local 407, father, husband & #Dogs advocate of #Pitbulls My views not my locals. I'm Non Partisan but the GOP wants me DEAD #Unions"
wx,12:14 PM - 23 May 2011,NWSNorman,http://weather.gov/norman,80689,1096,"Norman, OK","35.22257,-97.4394799","Official Twitter account for the National Weather Service Norman, OK. Details: http://weather.gov/twitter"
journalist,12:02 AM - 30 Apr 2009,alfparanihi,,3932,318,"Sydney, New South Wales","-33.8548099,151.21645","News, sport and views across aus/nz and around the world...."
news,10:38 AM - 31 Oct 2007,mySA,http://www.mySanAntonio.com,152016,6840,"San Antonio, Texas","29.4246,-98.4951399","Tweeting the latest from http://mySA.com , breaking news & entertainment site from the #SanAntonio @ExpressNews. Text NEWS to 77453 for instant alerts."
news,11:09 AM - 12 Mar 2009,TheRoot,http://www.theroot.com,322376,14623,"New York, NY","40.73059,-73.9865799",The Root is a digital magazine that provides thought-provoking commentary and news from a variety of black perspectives.
journalist,7:27 AM - 5 Sep 2010,MiaLindeque,http://about.me/lindequemia,8088,1193,Gauteng,"-25.9363399,28.08131",EWN Reporter.
disaster/accident,10:50 AM - 9 Jul 2009,STLCrimeBeat,http://www.stltoday.com/crimebeat,1435,16,"St. Louis, MO","38.62727,-90.1978799",Breaking and crime news from the St. Louis Post-Dispatch. Discuss these stories with web ambassador @Weatherbird.
news,1:38 PM - 29 Jan 2008,TorontoStar,http://www.thestar.com,800682,492,"1 Yonge St., Toronto, Canada","43.77089,-79.4131899","Get the latest news, alerts, sports, photos and more from Canada's largest daily newspaper. 1-800-279-0181 Snapchat: TorontoStarNews"
wx,3:04 PM - 21 Aug 2013,TorTwister52,https://www.youtube.com/user/tornadotwister52,60,8,Ohio,"40.22535,-82.6881299",EAS Enthusiast Severe weather Enthusiast Youtuber
news,6:09 AM - 3 Dec 2008,FOX5Atlanta,http://www.fox5atlanta.com,476340,1498,Atlanta,"33.74909,-84.3901799",More local news than any other station in the Atlanta area. Home to @GoodDayAtlanta @FOX5StormTeam @FOX5Sports @SKYFOXTraffic and more! #fox5atl
wx,9:42 AM - 20 Mar 2009,WeatherNation,http://www.WeatherNationTV.com,112838,3822,Watch Live:,,"All weather, all the time. Covering all weather events. Weather. It's What We Do. #WeatherNation"
wx,1:19 PM - 13 May 2013,WesternMAnews,http://www.westernmanews.com,6356,946,"Agawam, MA","42.06953,-72.6148099",Local news and weather updates for Western Massachusetts | Android app available at http://bit.ly/westernmanews
news,12:54 PM - 26 Nov 2008,CTVToronto,http://toronto.ctvnews.ca,398982,111,"Toronto, ON, Canada","43.65292,-79.3848999","CTV News is Toronto's most popular TV news destination. Connect with us online on Twitter, Facebook or at http://toronto.ctvnews.ca"
news,4:26 AM - 22 Apr 2009,indiatvnews,http://www.indiatvnews.com,343907,70,India,"22.35111,78.66774",India’s most watched Hindi News Channel. Follow for latest/breaking News Alerts from all over the Globe. FB:http://www.FB.com/IndiaTVNews
news,7:06 PM - 20 Aug 2008,PioneerPress,http://twincities.com,141199,10866,"St. Paul, Minnesota","44.9504,-93.1014999","Twin Cities news, sports, politics, entertainment and business from the St. Paul Pioneer Press, Minnesota's first newspaper."
wx,12:08 PM - 3 Oct 2007,MyFOX9,http://www.fox9.com,106929,604,"Minneapolis, MN","44.97729,-93.2654599",Twin Cities news + weather http://facebook.com/fox9kmsp  http://youtube.com/fox9  http://instagram.com/fox9
news,5:01 AM - 19 Nov 2009,TurkishMinuteTM,http://www.turkishminute.com,249994,0,,,For news in English on Turkey you won't find anywhere else
news,5:20 AM - 10 Apr 2009,Adweek,http://adweek.com,558676,27783,New York City,"40.73059,-73.9865799","The leading source for news, insight and community for marketers, media and agencies. Join #AdweekChat each Wednesday at 2 p.m. ET."
journalist,11:05 AM - 27 Jan 2013,DavidJo52951945,,86574,77864,Southampton/ Isle of Wight,"50.67118,-1.33297884444444","UK government have abandoned Brits. We need to exit EU, ECHR, stop all immigration + look after British people. Like UKIP. All my views. I follow back"
quake,7:57 AM - 26 Aug 2011,QuakesToday,http://earthquaketrack.com,102955,10,,,Worldwide earthquake alerts based on USGS data. 1.5 magnitude and higher.
news,10:07 AM - 17 Aug 2007,modbee,http://www.modbee.com,52357,1931,"Modesto, CA","37.63909,-120.9968699",World's greatest website. Plus! News and information about Modesto and Central California from The Modesto Bee and http://modbee.com .
news,9:47 AM - 27 Sep 2015,latestcanada,http://www.latestcanada.com,1117,96,,,"http://Latestcanada.com  is a news aggregator, it gathers news from different sources around the Canada and the world for you, 24/7 automatically."
