fire/emt,4:55 PM - 3 May 2011,WestPierce,http://www.westpierce.org,4028,96,"University Place, WA","47.21613,-122.540076802843",This site is not monitored 24/7. All content is subject to public disclosure and opinions of visitors do not reflect those of West Pierce Fire & Rescue.
wx,11:21 PM - 16 Jun 2011,SimpleWeatherOK,http://www.simpleweatheralert.com,351,205,Oklahoma,"34.95508,-97.2683999",Provide a valuable service. Get more page views. Attract Twitter followers. Add weather alerts to your social media. See our home page for our risk-free offer.
wx,1:36 PM - 3 Jun 2014,NWSSevereTstorm,http://www.weather.gov/twitter,21972,0,,,Official Twitter National Weather Service account used to distribute experimental severe thunderstorm impact graphics. Read more at: http://goo.gl/cCCw1s
news,2:42 PM - 4 May 2012,DailyGLOUCESTER,https://twitter.com/dailygloucester,4322,1764,"Gloucestershire (Glos), UK","51.84327,-2.16353168571429",All of the latest news and updates direct from the county of Gloucestershire in UK
journalist,11:34 AM - 28 Jun 2009,jimhummel,http://www.jimhummeltv.com,2318,393,"Lafayette, LA","30.22408,-92.0198399","I anchor the news for @katctv3. Louisiana by way of Buffalo, Boston, w/time in London that changed my life. Stonehill College 2006. What a time to be alive."
news,8:45 AM - 1 Nov 2011,WatchCTVNews,http://ctvnews.ca/mobile/video,20155,309,Canada,"61.06669,-107.9916999",Watch CTV News: the best news and LIVE events on the CTV News Video Network here: http://ow.ly/flrn5  or mobile: http://ow.ly/flrAv
journalist,10:49 PM - 9 Mar 2009,RickNBCLA,http://NBCLA.com,5126,2743,"Los Angeles, CA","34.05439,-118.2439399",Reporter for @NBCLA. SoCal native. @ULaVerne grad. Coffee. iPhone. One man is no man. #NBC4You #TODAYinLA
news,12:01 PM - 29 May 2008,virginianpilot,http://pilotonline.com,90964,899,"Norfolk, VA","36.88899,-76.2481599","The latest news, features and in-depth reports from The Pilot. Tweets by @travislylesnews, @seandkennedy, @williamhoup, @catgrog and @greggiesenvp."
journalist,12:54 PM - 3 Apr 2008,commondreams,http://www.commondreams.org,52430,463,,,Breaking News & Views for the Progressive Community
fire/emt,9:37 AM - 3 Nov 2011,ACSOSheriffs,http://www.alamedacountysheriff.org,9463,429,"Oakland, CA","37.80445,-122.2713499",The official Twitter page of the Alameda County Sheriff's Office. For emergencies call 911 or our dispatch center @ 510 667-7721.
news,6:06 AM - 1 Jul 2009,ayshardzn,http://www.ayshardzn.com/,47801,196,Malaysia,"2.39237,112.84719","Social Media Manager by profession. Loves football, movies and airplanes."
police/traffic,10:34 AM - 13 May 2009,phoenixpolice,https://www.facebook.com/phoenixazpolice,40068,203,"Phoenix, Arizona","33.44858,-112.0773399",PRIDE Protection Respect Integrity Dedication Excellence PRIDE
wx,5:31 AM - 5 Jun 2009,KTTSNews,http://www.ktts.com,10002,436,"Springfield, MO","37.21533,-93.2982499","The Ozarks only 24-hour newscenter, with Breaking News, Severe Weather, and Go-Patrol Traffic reports"
news,4:01 PM - 5 Feb 2009,Watchmanz,http://watchmanz.blogspot.co.nz/,563,170,New Zealand,"-41.5000799,172.8344",An avid news and current affairs junkie who has lived long enough to have experienced many momentous world events.
news,8:21 AM - 17 Apr 2009,wchs8fox11,http://www.wchstv.com/,56379,1850,"Charleston, WV","38.35059,-81.6332799",WCHS/WVAH TV serves the Charleston-Huntington market and is West Virginia's source for news. #EyewitnessWV
news,4:08 PM - 28 Jan 2008,kansasdotcom,http://www.kansas.com,54513,3495,"Wichita, KS","37.69223,-97.3375399",I'm the latest news updates from The Wichita Eagle and http://www.Kansas.com . Breaking Wichita news since 1872.
journalist,7:27 PM - 28 Nov 2012,IfesinachiE,https://www.facebook.com/IfesinachiE,843,1206,"Kearney, NE","40.69947,-99.0818499",Believer Reporter at @NTVNews/@KFXLFoxNebraska #MyNTVNews #NEwx #NEpx | #NABJ Member | Story idea? Call/text me: (308) 627-0954 / email iuegbosimba@sbgtv.com
police/traffic,2:47 AM - 10 May 2009,rajshekharTOI,"http://timesofindia.indiatimes.com/toireporter/author-Raj-Shekhar,filterby-3.cms",3289,302,"New Delhi, India","28.61389,77.21595","Reports on terrorism, internal security, underworld, organized & cyber crime, police & prisons. Views are personal."
journalist,11:40 PM - 9 Oct 2013,SushantSin,http://indianexpress.com/profile/columnist/sushant-singh/,9880,484,India,"22.35111,78.66774","Associate Editor, The Indian Express || Book: Mission Overseas (Buy: http://amzn.to/2kGFLJ6  | More: http://bit.ly/2mlW6ow ) || All tweets personal."
news,11:45 AM - 5 May 2012,BostonTweet3,,3096,3526,,,Your best source of Boston News on Twitter
journalist,4:19 PM - 9 Sep 2008,awinston,http://www.nationinstitute.org/fellows/5109/ali_winston/,4166,1338,,,"Reporter. Surveillance, privacy & criminal justice. Fellow, @theIFUND PGP: 51DC1A09 awinston at riseup dot net"
fire/emt,6:10 AM - 17 Feb 2011,MiamiDadePD,http://www.miamidade.gov/police,23298,791,"Miami-Dade County, Florida","25.63642,-80.4989399",Official Twitter page of the MDPD. EMERGENCIES: DIAL 9-1-1. Non-Emergency: 305-476-5423. Site not monitored 24/7. Terms of Use: http://www.miamidade.gov/police/social-media-terms-of-use.asp …
news,12:35 PM - 21 Apr 2014,KODEnews,http://fourstateshomepage.com,1150,155,"Joplin, MO","37.08422,-94.5132799","KODE Action 12 News is the ABC affiliate in Joplin, MO."
news,5:41 AM - 13 May 2011,chicagoinformer,http://chicagoinformer.com,711,209,Chicago,"41.87555,-87.6244199","Local Chicago News and Illinois Updates from A - Z, that's what you get from us."
news,4:24 AM - 14 Jul 2010,EINRussiaNews,http://www.einnews.com/russia/,2180,12,"Washington, D.C.","36.29885,-82.3591834",Latest Russian news for global professionals & analysts. Russia News Service is a media monitoring service provided by EIN News.
wx,7:56 PM - 27 Jan 2012,billyweather,,530,464,"Chicago, IL","41.87555,-87.6244199",WGN Weather Producer
journalist,9:35 PM - 24 Jun 2015,MogaleMaeko,,2230,3282,,,"Be unapologetic,air your views and never be afraid to be different."
journalist,7:26 AM - 1 Dec 2009,KeeganNYC,http://keegan.nyc,35481,387,"Queens, NY","40.65249,-73.79141630625","Writer, organizer, JD student. Student Rep., Civil Rights Section, Federal Bar Association. FB & IG: @KeeganNYC. E-mail: contact@keegan.nyc (Proton) or Carpe DM"
news,2:35 PM - 25 Sep 2008,NorthBayNews,http://www.pressdemocrat.com,33286,210,"Sonoma County, CA","38.51108,-122.8473299","Sonoma County News - powered by staff of The Press Democrat, Santa Rosa, CA"
news,2:42 AM - 13 Aug 2009,Israel_News,,11049,1802,Israel,"30.87602,35.00151","Live news from Israel - כל החדשות של ישראל בזמן אמת, במקום אחד. RT ≠ endorsement"
news,6:20 AM - 2 Sep 2009,GoodDayAtlanta,http://www.fox5atlanta.com,36811,1003,"Atlanta, GA","33.74909,-84.3901799","Wake up early with us on @FOX5Atlanta! We bring you the latest #news, @SKYFOXTraffic and @FOX5StormTeam updates you need for your day... and we're fun!"
journalist,5:45 AM - 15 Mar 2009,sfrantzman,http://sethfrantzman.com,9580,6548,,,"oped editor @Jerusalem_post, researcher, photographer, Phd history, Middle East, RTs ≠ endorsements, bylines @TheNatlInterest, @NRO, @spectator #kurdistan"
journalist,1:42 PM - 17 Mar 2011,ourbluemarble,http://www.bluemarble.cc,1649,1645,"Earth, often San Francisco",,"Promoting where we’re getting it right,#sustainability successes preserving our big beautiful blue marble Earth. Writer,artist,photographer,speaker,mom,friend."
news,7:42 AM - 14 Jan 2014,Sanfrancisco_Ag,,1978,1828,,,"San Francisco, news, music, san francisco, california, Bay area, Northern California, Coit Tower, Fisherman's Wharf, Golden Gate Bridge"
journalist,2:05 AM - 12 Feb 2011,DaveHarrison43,,1296,931,England,"52.795475,-0.540240094230767",Journalist at BBC Radio Humberside & BBC Look North. Manxman. Endurance athlete. Outdoors enthusiast. Blackpool FC fan. (Views are mine)david.harrison@bbc.co.uk
journalist,3:57 AM - 8 Feb 2010,THISDAYLIVE,http://www.thisdaylive.com,758169,3,Nigeria,"9.60003,7.99997",African Views on Global News
journalist,1:50 AM - 5 Jan 2009,Joydas,https://about.me/joydas,45159,1518,Bombay,"18.95238,72.83271","There is a line one should never cross. That line is my starting point. Views personal. RT's can be endorsement, insult or Troll bait. Working in Ad Agency"
journalist,7:26 PM - 15 Sep 2012,heevesnuve,,8,33,in front of you,,Tweeting things wich matters #heevesnuve My opinions are my own views and RTs are not endorsements
fire/emt,11:14 AM - 27 May 2011,PoliceMv,http://www.police.gov.mv,65793,29,Maldives,"4.22184,73.48679","The Official Twitter account of the Maldives Police Service. Please do not report crime here. For emergencies, contact 119 or 332 2111/2112"
disaster/accident,12:50 PM - 14 Sep 2009,FedcourtJunkie,,10449,328,Northern California,"39.035145,-84.4655249964059",Covering the legal wars over Trump for Reuters. Based on West Coast. I speak for myself.
police/traffic,1:45 AM - 25 Sep 2014,KenyanTraffic,http://kenyantraffic.com/,241647,64311,Nairobi,"-1.2832499,36.81724",A Road Traffic and Safety Community Easing Traffic Stress Through On-The-Go Traffic Updates .... we are a community! Email: INFO@KENYANTRAFFIC.COM
fire/emt,11:41 AM - 8 Jun 2009,bcso911,http://www.bradleysheriff.com,1449,73,"UT: 35.148519,-84.873103",,"The OFFICIAL Twitter account for Bradley County Sheriff's Office, TN Sheriff Eric Watson. Call 911 for emergencies - NOT MONITORED 24/7"
news,7:08 AM - 7 Dec 2012,eplfeeds,http://eplfeeds.com,3992,1361,,,Premier League news aggregator.
news,12:17 AM - 16 Apr 2016,EA_WorldView,http://eaworldview.com/,3049,1136,,,"News and expert analysis of international affairs and global politics, especially those in #Syria, #Iran, and the wider #MiddleEast. Those who know, know EA."
police/traffic,8:49 PM - 28 Feb 2015,MelbTraffic,https://facebook.com/MelbTraffic,5573,2017,"Melbourne, Victoria, Australia","-37.8142099,144.96316","Melbourne's #1 for Traffic, early to late, 7 days. Weekday peak details: 5:30 - 10am / 2:30 - 7pm. Tweet us: @MelbTraffic. Hashtags: #victraffic / #MelbTraffic"
journalist,4:00 AM - 8 Feb 2009,wesstreeting,http://www.wesstreeting.org,33253,7624,"Barkingside, Ilford, Essex",,"Standing for re-election to be Ilford North's Labour Member of Parliament. Own tweets, own views. Re-tweets ≠ endorsements."
wx,9:58 AM - 20 Jun 2012,NWSCLE,http://weather.gov/cle,10130,161,"Cleveland, OH","41.50516,-81.6934399","Official Twitter Account for National Weather Service Cleveland, Ohio. Details: http://weather.gov/twitter"
journalist,10:58 PM - 28 Sep 2014,MrAndyNgo,http://www.nationalreview.com/author/andy-ngo,2454,212,"Portland, OR, USA","45.52024,-122.6741899","UCLA alumnus, currently a graduate student at Portland State; freelance student journalist. Speaks EN/DE/VN. DM enabled."
journalist,11:41 AM - 11 Aug 2014,WarNews24_7,,4797,67,World Wide,,"#BreakingNews Reporter Activist WorldWide News 4 The World! RT+, Against all terrorists organizations! Love Birds/Dogs"
news,4:34 AM - 10 Jan 2007,BBCPolitics,http://www.bbc.co.uk/politics,409504,101,"London, UK","51.50732,-0.1276399",The official account for political news from the BBC team based at Westminster
news,4:44 PM - 12 May 2009,TheTVStation,,269,258,Behind the Remote Control,,So many shows..so many networks....when is your favorite time to watch? Who is your favorite news or personality at your station..down the street from The Rink
news,3:12 AM - 15 Oct 2015,Class913fm,http://classfmonline.com,7557,269,,,"Official Twitter Page Of Class 91.3 FM Beyond Myths, Beyond Headlines. Inspiring Excellent Broadcasting. WHATSAPP: 0500000202"
news,8:31 PM - 2 Nov 2008,canberratimes,http://www.canberratimes.com.au,52147,234,Canberra,"-35.2819299,149.12889","Multimedia and breaking news out of Canberra from the website of Australia's national daily newspaper, The Canberra Times. Independent. Always."
fire/emt,3:47 AM - 10 Apr 2009,IncidentAlert24,http://www.incidentAlert.com.au,1284,32,"Bright, Victoria, Australia","-36.7285199,146.96084",Email and SMS for bushfires in Victoria. This Twitter account only shows in CFA District 24 (North East Vic & Alps). Consider @incident_alert for large fires.
wx,8:45 AM - 1 Apr 2009,jnmet,http://accuweather.com,7521,1233,"Bellefonte, PA","40.91348,-77.7737399",Senior Meteorologist/International forecasting manager @ AccuWeather. Long range/commodity forecasting. Lyndon State grad; proud dad of two girls.
journalist,1:09 PM - 24 Jan 2015,ahmusawi,http://bit.ly/1JIoJ3S,3414,665,,,Contributing writer @IraqiThoughts
news,12:16 AM - 5 Oct 2016,thezimguardian,http://www.theguardian.co.zw,44,210,"Harare, Zimbabwe","-17.8317699,31.04568",The Guardian is a Zimbabwe News website dedicated to giving Zimbabweans a new voice.
journalist,7:54 PM - 9 Apr 2014,SwiftOnSecurity,https://DecentSecurity.com,184601,6822,"Cyber, USA","44.04843,-121.3248899","I make stupid jokes, talk about tech security, https://DecentSecurity.com  + http://GotPhish.com , write Sci-fi, sysadmin, and use Oxford commas. Tay/they/them."
news,1:24 PM - 8 Jul 2013,HourlyApple,,409,25,,,"Instant Apple Inc News & Rumors. Stay in the fresh on Apple's latest developments, and I mean all of them. :D"
journalist,4:45 AM - 18 Jun 2009,GrahamWAFB,http://wafb.com,1039,367,"Baton Rouge, LA","30.45074,-91.1545499",Morning anchor & Healthline reporter @WAFB. First-generation Southerner. @LSU alum. Food & travel junkie. Be nice or leave.
journalist,12:36 PM - 17 Mar 2017,DaveJTheTrib,http://www.wellandtribune.ca,268,505,"St. Catharines, Ontario","43.16541,-79.2391699","Multimedia journalist with The Tribune, which covers south Niagara communities of Port Colborne, Welland, Wainfleet and Pelham"
journalist,2:40 PM - 23 Mar 2009,_Rickii_,http://bookstore.authorhouse.com/Products/SKU-000929662/All-In-Love-Is-Fair.aspx,2740,426,In a Soca section,,Nobody's darling. Author of All In Love Is Fair
news,6:02 AM - 28 Sep 2012,EducationAtWeb,http://www.educationatweb.org,1611,1386,London,"51.50732,-0.1276399",We republish education news and we elaborate and undertake scientific research projects.
news,7:47 PM - 7 Oct 2009,TimesDaily,http://TimesDaily.com,9752,47,"The Shoals, Alabama","34.74517,-87.6686699","We are the leading source for news and information in The Shoals, Alabama."
journalist,6:52 AM - 11 May 2008,haaziq_mz,,5800,809,Malaysia,"2.39237,112.84719",Disclaimer: Opinions expressed are solely my own and do not express the views or opinions of my employer. Instagram: haaziq_mz
news,1:18 PM - 22 Jun 2010,TeaneckPatch,,2721,1090,"Teaneck, NJ","40.89759,-74.0159699",Teaneck Patch is your source for local news.
wx,8:58 AM - 7 Jan 2009,WPLGLocal10,http://www.local10.com,146151,867,"Miami, FL","25.77426,-80.1936499","South Florida News, Weather, Entertainment, Sports from WPLG Local 10 Follow us on Instagram: http://instagram.com/local10news"
news,3:35 PM - 31 Mar 2011,BradleeDean1,http://sonsoflibertyradio.com,34674,38138,Minnesota,"45.98965,-94.6113199",http://www.sonsoflibertyradio.com  GCN's #1 Radio show Nationwide Bradlee Dean http://gcnlive.com/JW1D/index.php/onair?show=39&type=onDem … Biblical and Constitutional! Get empowered 6 day's a week!
police/traffic,10:48 AM - 18 Feb 2014,MobileALPolice,http://MobilePD.org,6621,257,"Mobile, Alabama","30.69435,-88.0430499","The official Twitter account of the Mobile, Alabama Police Department. Making Mobile the safest city in America."
police/traffic,10:18 AM - 30 May 2016,AlertDCio,http://www.alertdc.io,851,7,"District of Columbia, USA","38.89495,-77.0366399",Unofficial feed of DC Alert system. The full text of each alert appears exactly as it does on the official source. No affiliation with DC government or police.
fire/emt,9:11 PM - 28 Jan 2010,LakewoodPDCO,http://www.JoinLakewoodBlue.com,10509,239,"Lakewood, Colorado","39.631105,-105.1100550868","Twitter not monitored 24/7. For emergencies call 911 or LPD at 303-987-7111. We protect and serve with Integrity, Intelligence and Initiative."
fire/emt,2:04 PM - 14 Jan 2010,EntergyArk,http://entergyarkansas.com,17722,208,Little Rock,"34.74648,-92.2895899","The official Entergy Arkansas, Inc., Twitter account. For customer service & emergencies, please call 1-800-368-3749. To report power outages, 1-800-968-8243."
wx,1:43 PM - 11 Jun 2009,BrianWilkes59wx,http://www.fox59.com,12891,191,Indianapolis Indiana,"39.76833,-86.1583499",Chief Meteorologist FOX 59 Indianapolis
fire/emt,9:52 AM - 1 Jan 2009,Fireground,,6461,2021,"Southwest, US","37.18503,-100.8928399",A mostly automated Twitter feed about the Wildland Fire and Aviation beloning to @EricNeitzel
journalist,11:35 PM - 7 Aug 2012,AmichaiStein1,http://kan.org.il,14035,1253,ישראל,,"Tech correspondent at @kann, Israel Public Cooperation amichais@kan.org.il"
journalist,9:25 AM - 1 May 2009,jaclynFOX5ATL,http://www.myfoxatlanta.com,5126,747,Atlanta,"33.74909,-84.3901799","News Reporter/MMJ for Fox 5 in Atlanta. Curious Cat, News Junkie, ATL Foodie, Animal Lover, World Traveler and Bargain Hunter."
fire/emt,1:53 PM - 5 Mar 2014,ECSOIncidents,http://www.ecso911.com,505,0,"Jackson County, Oregon","42.39801,-122.7540899",Official ECSO Fire Incident Feed. We do not monitor this website. Please dial 911 for emergencies.
news,7:09 PM - 13 Jun 2008,USCG,http://www.uscg.mil,266187,180,"Washington, D.C.","36.29885,-82.3591834","Official Twitter account for the U.S. Coast Guard. If in distress, use VHF channel 16 or dial 911. (RT, follows ≠ endorsements)"
wx,6:45 AM - 21 Jul 2009,WBKOWeather,http://www.wbko.com/weather,16923,58,"Bowling Green, KY","36.99031,-86.4435999","The official WBKO Weather twitter page. Get the latest weather updates, podcasts and advisories for South Central Kentucky right here!"
wx,9:31 PM - 3 Dec 2010,Local24Chase,http://localmemphis.com,1335,970,"Memphis, Tennessee","35.14902,-90.0516199",Weekend Meteorologist: @LocalMemphis. Indiana native. @ValpoU grad. NWA Certified! Forecasts/opinions are my own. RTs ≠ endorsements.
news,4:00 PM - 3 Mar 2009,AustinKellerman,http://austinkellerman.com,17665,859,"Little Rock, AR","34.74648,-92.2895899","Husband. Dad. News Director at @kark4news @fox16news in Little Rock, Arkansas akellerman@nexstar.tv #Team20 #ARNews #ARDeclareVictory"
journalist,6:15 AM - 15 Jul 2009,UmaruFofana,http://www.politicosl.com,40074,697,"Freetown, Sierra Leone","8.479,-13.2680099","News. News. News: I like it, I love it, I live it. Sierra Leone. @BBCAfrica. @ReutersAfrica. @PoliticoSalone. Advocate. Luv Africa. Treasure SL. All Views mine."
news,9:10 AM - 6 Nov 2008,ChristianPost,http://www.christianpost.com,156302,10161,"Washington, D.C.","36.29885,-82.3591834","The Christian Post is the most comprehensive source of news for Christians around the world, with coverage of events that are relevant to the body of Christ."
journalist,2:35 PM - 15 Jun 2009,jesseberney,http://www.thetrumpscorecard.org,26793,521,DC,"38.89366,-76.9878772593398","Host of THE TRUMP SCORECARD podcast and opinion writer for @RollingStone, @Cosmopolitan and other fine publications. Opinions are mine. Married to @MrsBerney."
news,8:21 PM - 9 Sep 2008,abcnewsCanberra,http://www.abc.net.au/news,40754,675,"Canberra, ACT, Australia","-35.2819299,149.12889",ABC News from Canberra. This account is staffed 6am-9:30pm Mon-Fri & 8am-3:30pm Sat-Sun. This is an official @ABCaustralia account.
news,9:37 AM - 12 Dec 2012,sarcastard1,https://www.youtube.com/channel/UC_Wni7B8mevDUt8iFyYMvLw,654,4999,,,https://www.youtube.com/channel/UC_Wni7B8mevDUt8iFyYMvLw … #Movies #Entertainment #TV #Reviews #Gossip #News #LEtsplay #Netflix #gameplay #PS4
journalist,9:39 AM - 1 Dec 2012,SaTonyaFord,http://www.boardwalktalk.net,139,284,"Little Rock, Arkansas","34.74648,-92.2895899","Writer, Director, Producer of the movie titled Pregnant by the Pastor"
news,1:34 PM - 14 Jul 2008,mcall,http://www.themorningcall.com,70344,4877,"Allentown, PA","40.6022,-75.4712699",We are a newspaper serving the greater Lehigh Valley area in eastern PA. (This account is updated by online producers inside our newsroom) RTs not endorsements
news,8:45 AM - 19 Aug 2010,Hayley_Barlow,http://www.Golfmadchick.com,14095,1574,,,Head of Communications for Channel 4 News. Usually found on a golf course.
journalist,4:44 PM - 6 Apr 2011,hansinclair9,http://9news.com.au,1116,383,"Perth, Western Australia","-31.9527099,115.86047",Reporter for @9NewsPerth
journalist,10:38 PM - 16 Dec 2008,MelissaJPeltier,http://www.MelissaJoPeltier.com,20223,7266,New York,"40.73059,-73.9865799","#Emmy Winning Film & TV Writer/Prod/Dir/NYT Bestseller, Pilgrim descendant. Pro-Animal. Anti-Hate. Grateful 4 COTUS, #FreeSpeech & dedicated 2 their defense."
police/traffic,9:28 AM - 24 Dec 2010,DEStatePolice,http://dsp.delaware.gov/newsroom.shtml,9281,153,"Dover, DE","39.15816,-75.5243599","DSP Public Information Office supplying the media and public with timely, accurate and informative information on the day to day operations of the Division"
news,6:46 AM - 28 Aug 2010,me_sourish,http://www.facebook.com/mesourish,7624,670,"Kolkata, West Bengal","22.56874,88.34629",media in charge VHP Bengal
journalist,10:01 AM - 10 Dec 2008,michaeldweiss,http://www.cnn.com,89637,2582,New York,"40.73059,-73.9865799","CNN Investigative Reporter for International Affairs, Co-author of NYT Bestseller ISIS: Inside the Army of Terror: http://goo.gl/Jb6uEA"
news,3:36 PM - 8 Oct 2008,Legal_Alerts,http://www.jdsupra.com/,27085,2016,JDSupra.com,,"News & timely insights for anyone following legal/regulatory developments in business, finance, IP, HR, media, tech, healthcare, other fields. A @JDSupra feed."
journalist,11:29 PM - 21 Apr 2009,news24tvchannel,http://hindi.news24online.com,76629,259,Noida,"28.57264,77.35476",This is the official twitter handle of News24. Personal views are not endorsed by the channel.
journalist,10:46 AM - 17 Dec 2008,will_potter,http://willpotter.com,13152,619,,,Investigative journalist covering civil liberties. @TEDtalks Senior Fellow. @umich professor. @CityLightsBooks author. Knight-Wallace Fellow. Still punk.
news,10:23 AM - 16 Sep 2008,CBSDenver,http://cbsdenver.com,167209,15413,"Denver, Colorado","39.73915,-104.9846999","Tweeting and talking with you about #Denver area news, #BreakingNews, #Colorado, #cowx & more. Be sure to also check us out on Facebook: https://www.facebook.com/CBSDenver"
govt,11:02 AM - 7 Aug 2010,LisaMadigan,http://www.lisamadigan.org,8868,667,Illinois,"40.07963,-89.4339799",Attorney General Lisa Madigan's official campaign Twitter account run by Citizens for Lisa Madigan staff. Tweets from AG Madigan are signed -LM.
journalist,6:30 PM - 6 Apr 2009,MaggieWade,,7930,985,"Jackson, MS","32.410435,-90.1620574","TV News Anchor, Reporter"
journalist,2:24 PM - 29 Jan 2010,abc7melissa,http://abc7.com,4236,149,Los Angeles,"34.05439,-118.2439399",@abc7 Eyewitness News Reporter
news,8:57 AM - 17 Mar 2010,SEQUESTQLD,http://www.sequest.org.au,6358,113,"Po Box 49, Goodna Queensland",,Volunteers radio operator’s who provide a public safety watch on the CB & Marine radio networks. Callsign: SEQUEST RADIO. Phone 07 3129 6402
police/traffic,12:32 PM - 14 May 2013,ChicagoCAPS10,http://ChicagoPolice.org,2923,2460,3315 West Ogden ave,"41.86395,-87.6884999",Commander James R. Sanchez (312)747-7511 -Official account of the Chicago Police Dept. #10thDistrict #10thDistrictExplorers #MakingChicagoSafer
journalist,6:45 PM - 12 Feb 2009,TimOBrien,https://www.amazon.com/dp/044669617X/ref=cm_sw_r_sms_api_wzHxxbMFHJMFZ,52298,998,New York,"40.73059,-73.9865799","Executive Editor: Bloomberg View (@BV) and Gadfly (@Gadfly). Prior: New York Times, Wall Street Journal, HP. Author: TRUMPNATION: THE ART OF BEING THE DONALD."
news,12:41 PM - 6 Feb 2009,TribLIVE,http://TribLIVE.com,62478,187,"Pittsburgh, Pa.","40.44169,-79.9900799","http://TribLIVE.com  covers Pittsburgh and Western Pennsylvania news, sports, politics, entertainment and more. Facebook: http://www.facebook.com/triblive"
news,3:01 PM - 9 Jun 2008,PCMag,http://www.pcmag.com,357265,1484,"New York, NY","40.73059,-73.9865799",Redefining technology news and reviews since 1982.
news,7:34 AM - 5 Aug 2007,courierjournal,http://www.courier-journal.com,67699,685,"Louisville, Ky","38.25423,-85.7593999","Louisville, Ky: News and information from the Courier-Journal. Tweets from CJ digital staff. Subscribe: http://cjky.it/1vjfJwL"
news,4:14 AM - 15 Jun 2014,Seattle_Post,,18584,10301,"Seattle, WA","47.60383,-122.3300599","Be the first to know Seattle's local news. Politics, sport, entertainment, business, features and more that you need to know and share"
news,3:01 PM - 4 Feb 2009,TimesCall,http://www.timescall.com,17384,1368,"Longmont, Colorado","40.16721,-105.1019199",The Longmont Times-Call is a daily newspaper serving Longmont and Northern Colorado communities.
wx,5:34 PM - 9 Aug 2010,rexroth7wxyz,http://wxyz.com,16530,8218,"Southfield (Detroit), MI","42.37919,-83.2167999","Meteorologist at WXYZ Channel 7 in Detroit, MI"
journalist,4:12 PM - 17 May 2009,PalosVerdesPost,http://PalosVerdesPost.com,1466,859,"Palos Verdes, California","33.74833,-118.3707599",The latest News & Views from Palos Verdes. Powered by http://RDAHealthcare.com
journalist,11:03 AM - 16 Dec 2009,MatinaStevis,https://www.facebook.com/matina.stevis,56224,1227,"Nairobi, or thereabouts",,"Africa correspondent @WSJ. @TheEconomist @LSEGovernment @UniofOxford Alum. @EYL40. Greek immigrant, migration geek matina.stevis@wsj.com"
news,6:46 AM - 9 Apr 2009,MVielhaber,http://News5Cleveland.com,3008,1134,"Akron, Ohio","41.08306,-81.5184799",Overnight news photographer @WEWS. Fan of all forms of racing & Cleveland sports. Instagram: MVielhaber
disaster/accident,7:34 AM - 13 Jan 2015,S_T_O_P_TERROR,,15051,2837,Worldwide,,Info 4 Terrorism Tyranny Freedom Democracy Liberty Freespeech Corruption to STOP funding & arming TERROR Boko Haram ISIS Hamas Al Qaeda Turkey Iran Kurds
news,3:48 PM - 21 May 2014,HAGOODMANAUTHOR,https://hagoodman.com/,24042,4735,https://counterpropa.com/,,Watch: https://www.youtube.com/channel/UCDB5XReUyyqt-FTNdkzFN-A … Support H. A. YouTube: https://www.patreon.com/user?u=5764561  https://counterpropa.com/
news,10:55 PM - 21 Apr 2009,NITV,http://www.nitv.org.au,23478,5266,Australia,"-24.7760999,134.755","All the latest news and stories from NITV, including news, sport, programs and features. RTs not endorsements. Ch34"
journalist,4:29 PM - 1 Sep 2014,JasonAlt_dj,http://www.thedailyjournal.com,1084,1549,"Vineland, NJ","39.47315,-75.002025484507","Editor of @thedailyjournal and @cpsj, husband, father, First Amendment fan, Mike Trout fan #NewGannett #OneNetwork"
news,2:30 PM - 17 Mar 2009,bakersfieldnow,http://www.bakersfieldnow.com/,13640,415,"Bakersfield, California","35.37387,-119.0194599","Welcome to the official Twitter page for Eyewitness News KBAK-CBS and Fox 58 in Bakersfield, California."
wx,12:04 PM - 17 Jan 2008,NBC2,http://www.nbc-2.com,70777,349,Southwest Florida,"27.75676,-81.4639799",#1 News and weather site in Southwest Florida
news,8:04 AM - 11 Nov 2015,hashlucknow,http://edufive.com/services,1148,570,"Lucknow , UP","26.834505,80.9080152894179",Finding latest news about #Lucknow & RT them.What's happening in #लखनऊ ?Part of the #NetworK (@hashNetworK) & Managed by @edufive.com team
news,4:34 PM - 8 Jul 2009,HalifaxNSNews,,15586,4382,"Halifax, NS","44.64842,-63.5749699","News from Halifax, NS. This news feed is aggregated using Google News. Photo credit http://bit.ly/1GTDNtw  http://bit.ly/19XDXmG  CC Updated every 30 mins."
journalist,11:19 PM - 8 Aug 2007,alibomaye,http://about.me/alilat,14125,1094,Kabul,"34.5197,69.16243","Journalist | Born in Kabul. Raised in Little Kabul. Found freedom in DC. back in Kabul. Views are my own [but if you like 'em, بفرمایید]."
police/traffic,8:22 PM - 15 Jan 2015,MalurusSally,,1731,2696,Dubbo NSW,"-32.2478899,148.60265","Convenor GasFieldFreeDubboRegion, Knitting Nannas Against Gas Dubbo, support public libraries, public health, public education and public transport"
wx,7:15 AM - 25 Oct 2010,WhistlePig11,http://www.jessehays.smugmug.com,9392,6405,"Russellville, AR","35.27841,-93.1337799","Arkansas bred wearing Razorback red. Severe weather paparazzi, semi-pro potato connoisseur, and prone to unsolicited hog calls. Grizzly Alan's kid. #RDP"
news,11:41 AM - 28 Jul 2011,CapturedNewsGuy,http://CapturedNews.com,903,696,Chicago,"41.87555,-87.6244199",I shoot video/ stills of just about anything. From breaking news and more.
news,7:28 AM - 12 Jan 2014,EuromaidanPR,http://empr.media/,44670,3523,Ukraine,"49.48719,31.27183",#1 Independent citizen media about Ukraine | #Breaking #news #Ukraine twitter | Bitcoin - 1AsnurUq7os8mL7fcR5QSz9vurY4YDdY81
govt,6:16 PM - 5 Jul 2009,risetoflyy,,38219,14169,United States,"39.78373,-100.4458799","Truther. We live in the matrix! It's all a masquerade Wake Up! It's imperative that you SEE! Not republican, not liberal! Against Luciferian government!"
news,12:36 AM - 16 Jan 2011,HubNews1,,506,62,,,News Junkie
wx,3:02 PM - 18 Dec 2008,KOINNews,http://koin.com,90158,988,"Portland, Oregon","45.52024,-122.6741899",Portland's CBS Affiliate | Breaking News | In-depth Investigations | WX | Traffic
police/traffic,1:52 PM - 17 Nov 2010,GettrafficVIC,http://www.gettraffic.com.au,13081,98,Melbourne,"-37.8142099,144.96316","Traffic from The Australian Traffic Network. Heard on Mix, Fox, Gold, MMM, 3AW, Magic, RSN, ABC, SEN, 91.5, MyMP, Today, Sunrise & Ch 10!"
fire/emt,1:27 PM - 17 Feb 2012,BurbankPD,http://www.BurbankPD.org,11036,542,"200 N. Third St., Burbank, CA",,"This site is not monitored 24-7, Call 911 for all emergencies. Burbank Police Department, Los Angeles County, California"
news,7:49 AM - 19 Jan 2015,GlobalsNewsroom,http://www.globalsnewsroom.com,3130,131,UK,"54.70235,-3.2765699",Breaking news and the biggest stories from Global’s newsrooms around the UK
police/traffic,11:44 PM - 3 Jun 2010,LiveTrafficNSW,http://www.livetraffic.com,40349,24,Regional NSW,"-31.0927199,150.93119",This feed is for information only. For more traffic information visit http://www.livetraffic.com  or call 132 701. For Sydney follow @LiveTrafficSyd
journalist,10:20 PM - 8 Jan 2011,EKohsar,http://www.kohsaar.mihanblog.com,14202,715,Kabul,"34.5197,69.16243","Managing Director @Pressistan , Journalist, Media activist, Media Monitoring and columnist. Get your updates on Afghanistan and the region here."
fire/emt,10:38 PM - 19 Jun 2016,NEO_Scan,http://www.broadcastify.com/listen/feed/23058,4338,312,"Cleveland, OH","41.50516,-81.6934399",Police and fire updates from the Greater Cleveland area. Information obtained from the scanners is not absolute and is subject to change. Use it accordingly.
journalist,4:03 AM - 1 Oct 2009,tes,http://www.tes.com/news,208167,947,UK,"54.70235,-3.2765699","Exclusive news and views on schools, pedagogy and education policy from Tes."
journalist,11:13 AM - 16 Oct 2013,WLKYLaurenAdams,http://wlky.com,1459,333,Louisville,"38.25423,-85.7593999",WLKY Reporter | laurenadams@hearst.com
news,7:16 AM - 15 Jan 2013,GuardianAus,http://www.theguardian.com/au,160118,111,Australia,"-24.7760999,134.755",Latest news from Guardian Australia
journalist,2:01 PM - 3 May 2009,RaniaKhalek,http://raniakhalek.com/,113362,2014,,,Journalist with opinions. Co-host of @UnauthorizedDis.
news,2:45 AM - 8 Dec 2011,yuichi65en,https://soundsofjapanese.wordpress.com/,1202,1621,"Kyoto, Japan","35.01858,135.76383",I automatically tweet some news from FT and The Ecnomist. I am interested in Japanese and English pronunciation.
news,6:46 AM - 26 Oct 2009,TheNationNews,http://www.thenationonlineng.net,462270,653,"Lagos, Nigeria","6.45505,3.39417","Nigeria's Widest Circulating Newspaper.For accurate News, Sport and Entertainment. Need to reach us? ination@thenationonlineng.net IG:thenationnewspaper"
news,1:58 AM - 12 Jun 2009,AlgoaFMNews,http://www.algoafm.co.za,17336,2361,"Port Elizabeth, South Africa","-33.9434499,25.53274","The latest local, national and international news direct from the Algoa FM News team."
disaster/accident,2:19 PM - 8 Aug 2011,FBICharlotte,http://www.fbi.gov/charlotte/,9200,108,"Charlotte, NC","35.22708,-80.8431199","Welcome to the official FBI Charlotte Twitter. To submit a tip on terrorism or a federal crime, please go to https://tips.fbi.gov ."
news,9:21 AM - 5 Aug 2009,mtlgazette,http://www.montrealgazette.com,201485,339,"Montreal, QC","45.50879,-73.5539799","Follow for features, news and to-the-minute updates on developing stories. Join the conversation."
news,11:40 PM - 25 Apr 2010,CollegeFix,http://thecollegefix.com,9467,815,"Washington, D.C.","36.29885,-82.3591834","The College Fix is a higher education news and commentary site, powered by student reporting with the help, guidance and contributions of veteran editors."
news,6:06 PM - 9 Feb 2009,cyclingweekly,http://www.cyclingweekly.co.uk,208068,937,Farnborough,"51.29186,-0.7539799","Official feed of Cycling Weekly magazine and website. News, racing, interviews, fitness, reviews, sportives...we do it all. Subscribe: http://po.st/6zAGiX"
news,8:19 PM - 28 Sep 2015,3NovicesEU,http://www.3noviceseurope.wordpress.com,356,636,Europe,"51,9.99999","The First Online Media Updater Founded by Meghashyam, Vaishnavi, Bharath"
police/traffic,6:50 PM - 22 May 2011,Police_TactGear,,2411,118,Southern California,"34.021965,-118.285864851123",Your source for all Police and Tactical gear news and reviews.
news,12:55 PM - 21 Apr 2014,FederalGovNews,,815,15,"Washington, DC","38.89495,-77.0366399","A collection of news from 100+ US gov RSS feeds, updating in real-time thanks to @ifttt. Not USG affiliated. By @tdlowden"
news,5:40 AM - 4 Sep 2011,ynetnews,http://www.ynetnews.com,36581,426,"Rishon Lezion, Israel","31.96357,34.81011","Ynetnews: Breaking news updates from Israel, the Middle East and the Jewish World - the official Twitter page"
news,3:52 AM - 26 Jan 2012,RadioHumberside,http://bbc.in/humberside,38165,572,95.9FM | 1485AM | Digital,,Tweets from the team running the BBC radio station for Northern Lincolnshire and East Yorkshire. Broadcasting from the home of the U.K. City of Culture 2017.
news,4:53 PM - 4 Sep 2016,sitibedotcom,https://sitibe.com,6577,1,"Lagos, Nigeria","6.45505,3.39417","News reports and headlines from Nigeria and world sources, updated with latest news."
journalist,8:03 PM - 14 Feb 2011,MujMash,http://www.nytimes.com/by/mujib-mashal,70497,2362,,,"New York Times senior correspondent, Afghanistan. Instagram: https://www.instagram.com/mujmash/"
journalist,4:39 PM - 23 Nov 2011,aldoceccarelli,https://richtopia.com/inspirational-people/top-100-chief-information-technology-officers,13626,13573,"ITalia, imus inter pares",,"Top 100 Inspirahional CIOs, ICT specialist editor @datamanager_it, digital optimist: respect as best choice"
journalist,6:46 PM - 13 Nov 2015,realDennisLynch,http://DennisMichaelLynch.com,37477,106,,,"Host of DML DAILY REPORT webcast, Editor at http://DennisMichaelLynch.com , Producer THEY COME TO AMERICA films. Trump Supporter. http://Facebook.com/DMLdaily"
news,6:44 PM - 12 Oct 2009,berkeleyside,http://www.berkeleyside.com,47602,2397,"Berkeley, CA","37.87083,-122.2728599","Award-winning independent news site in Berkeley, CA, founded and run by veteran journalists. Breaking news, building community. RTs ≠ endorsements."
journalist,4:28 PM - 18 Jan 2012,10NewsChen,https://www.facebook.com/MichaelChen10News,31692,24636,San Diego,"32.71742,-117.1627699","#Reporter @10news in #SanDiego, hailing from #Wisconsin and #Minnesota. #Northwestern alum. Instagram - mchen10news"
journalist,9:51 AM - 12 Mar 2011,shomaristone,https://m.facebook.com/ShomariStoneNBC/,70174,50086,"Washington, DC","38.89495,-77.0366399","NBC DC Reporter. M-F 11pm. Husband, Dad, @UMICH Alum, Politics Junkie, @NABJ Member Most Romantic Man in USA: @iamsteveharvey. RT no endorsement Trolls"
police/traffic,11:45 AM - 11 Jun 2014,DivaofTraffic,,452,617,"Phoenix, AZ","33.44858,-112.0773399","I am the Diva of Traffic, keeping you safe on the streets. Traffic Anchor at I HEART MEDIA covering Phoenix, Las Vegas, Tucson and ALB New Mexico roadways"
journalist,6:53 PM - 26 May 2009,sbpdl,http://www.sbpdl.com/,11173,265,SBPDL.com,,Creator of SBPDL. Author of Escape From Detroit: The Collapse of America's Black Metropolis and 'Whitey on the Moon' http://amzn.to/2aLIDRb
news,4:00 AM - 13 Sep 2016,USADailyInfo,http://dailyinfo.co,9560,2637,"New York, USA","40.73059,-73.9865799",http://DailyInfo.co  is your top source to get informed and stay up to date with what happens in USA and worldwide. We cover the latest politics news.
news,8:34 AM - 13 Aug 2008,NewsTimes,http://newstimes.com/,28083,1218,"Danbury, CT","41.39481,-73.4540099",News for the greater Danbury area.
journalist,7:39 PM - 25 Aug 2010,DerekStaahl,http://www.azfamily.com,1685,1332,"Phoenix, AZ","33.44858,-112.0773399",Derek is a reporter and fill-in anchor for 3TV (@AZFamily) and CBS 5 News (@CBS5AZ). He is a @USCAnnenberg alum.
journalist,8:04 PM - 9 Apr 2008,Heminator,http://www.weeklystandard.com/,27185,4757,,,Journalism Dies In Self-Aggrandizement. Senior writer at @WeeklyStandard. Husband of @MZHemingway. Oregonian in exile.
journalist,3:35 PM - 3 Mar 2009,newsgirl123456,http://MaggieInk.Org,2584,4999,,,"Maggie Kaigler- Mother of three, 2BF, parent of 3 small dogs, 3 cats, 1 goat: 1 kid; TV/Radio/Film/Reporter/Producer: RT's don't imply agreement: I'm a critic."
govt,7:27 AM - 17 Nov 2009,GregAbbott_TX,http://www.GregAbbott.com,159972,2967,"Austin, TX","30.27112,-97.7436899",Texas Governor Greg Abbott's Personal Twitter Feed
journalist,6:11 PM - 15 Jan 2009,mikefreemanNFL,https://www.amazon.com/Snake-Legendary-Life-Ken-Stabler-ebook/dp/B01C2NNWVQ/ref=tmm_kin_swatch_0?_en,82459,16934,new jersey,"40.07573,-74.4041599","NFL Columnist, B/R. Author. Goucher MFA. Hardcore Trekker. Instrument rated private pilot. Political junkie. Your a hack."
wx,5:35 PM - 28 Apr 2009,ScottFisherFOX7,http://www.facebook.com/ScottFisherFOX7,12009,2512,"Austin, Texas","30.27112,-97.7436899","Weatherdude! FOX 7 Television, Chief Meteorologist. (KTBC-TV) Austin, Texas. Hook 'Emmmmmmmmmmm Horns!!!!"
news,10:07 AM - 17 Mar 2010,Sunnyvale_News,http://tbnn.it/sunnyvale,897,333,Sunnyvale CA,"37.36883,-122.0363399","Curating the best media feeds in Sunnyvale. Part of the 400-city The Breaking News Network, the largest community news network supporting the social good"
journalist,11:15 AM - 11 Aug 2009,WESH2SummerK,http://wesh.com,3003,1223,"Orlando, FL","28.54211,-81.3790399","WESH2 Anchor/Reporter, Child of God;Lover of Life&Laughter;Military Brat;Journalist;Wannabe Boxer&Singer/karaoke genius :-) RetweetsAreNOTendorsements!"
disaster/accident,9:14 AM - 27 Oct 2009,Prison_Health,http://hiv-insight.blogspot.com/,13462,482,"Honolulu, Hawaii","21.30454,-157.8556699","Jail, Prison, Criminology, Corrections, et al Also @Hlth_Literacy @HIV_Insight, @Sex_Worker_Hlth"
news,6:51 AM - 1 Mar 2011,LjDolbear,http://bit.ly/NewsdeskDorset,2146,637,"Weymouth, England","50.61911,-2.4562399",News breaker and ball breaker @dorsetnewsdesk http://seedisclaimer.com  @SouthamptonFC fan @OfficialCSA WILL WIN #ChampionsTrophy2017
news,9:55 AM - 26 Feb 2010,WSWS_Updates,http://www.wsws.org,25822,18776,,,The World Socialist Web Site is a daily source of news and analysis published by the International Committee of the Fourth International.
journalist,11:49 AM - 6 May 2011,ChrisNguyenTV,http://facebook.com/chrisnguyentv,2834,1524,"San Francisco, CA","37.77928,-122.4192299",#ABC7Now News Anchor + Reporter | chris.nguyen@abc.com | RT/MT ≠ endorsements | Fun tweets at @ChrisTheNewsGuy
news,7:59 AM - 24 Dec 2009,KALBtv5,http://www.kalb.com,11144,445,"Alexandria, LA","31.199,29.89437","We provide local news, along with NBC & CBS Network programming to Central Louisiana and portions of Southwestern Mississippi."
wx,1:25 PM - 3 Apr 2008,wkyc,http://www.wkyc.com/,160567,19591,"Cleveland, OH","41.50516,-81.6934399","Visit http://www.wkyc.com  for news, weather, sports and information for the #NortheastOhio #NBC affiliate. #SeeThePossible"
news,8:22 PM - 8 May 2012,CanadaLaws,http://www.jdsupra.com/topics/canada/,555,7,JDSupra.com,,"Daily news, advisories, and commentary on regulatory/legal matters across all industries, of import to anyone doing business in Canada, eh. A @JDSupra feed."
police/traffic,6:22 AM - 5 Apr 2011,HeroesInLife,http://CeremonyOfRemembrance.ca,2523,1288,"Toronto, Ontario","43.65292,-79.3848999","#HeroesInLife, Not Death ~ Charitable Foundation honouring Ontario police officers killed in line of duty ~ Ceremony of Remembrance 1st Sunday of May annually"
wx,1:52 AM - 10 Mar 2014,BlueLAskies,,986,816,"Los Angeles, CA","34.05439,-118.2439399","SKYWARN Storm Spotter, Self taught weather enthusiast watching over Southern California skies. Spotter Network trained."
wx,2:14 PM - 23 May 2011,NWSHonolulu,http://www.prh.noaa.gov/pr/hnl/,10907,65,"Honolulu, HI","21.30454,-157.8556699","Providing weather, hydrologic, and climate forecasts and warnings for the protection of life and property and the enhancement of the U.S. economy."
news,9:57 AM - 22 Oct 2007,KPBSnews,http://www.kpbs.org,63110,3973,"San Diego, California","32.71742,-117.1627699","We cover politics, education, health, environment, the border and more on radio (89.5FM), TV and online. http://instagram.com/kpbsofficial"
news,1:41 PM - 27 Jul 2009,StLouisNewsHeds,http://www.NewsByState.com/stlouismo.htm,2329,0,USA,"39.78373,-100.4458799",Latest news headlines about St. Louis Missouri.
news,12:39 PM - 30 Jun 2009,ConroeCourier,http://www.yourconroenews.com,3094,74,"Conroe, TX","30.39322,-95.6401633439252",Montgomery County community news from The Courier. #hounews
journalist,1:52 PM - 22 Mar 2009,FarrellPF,http://www.theguardian.com/profile/paul-farrell,10697,4278,Sydney,"-33.8548099,151.21645","Guardian reporter | national security, policing, immigration, lead reporter on #Naurufiles | Contact me on Signal +61457262172 | Paul.farrell@theguardian.com"
journalist,9:39 AM - 11 Jun 2009,SuryahSG,http://www.suryah.in,20580,684,Coimbatore-Chennai,"10.99429,76.9593","Vice President, BJP Youth Wing, TN - @TNBJYM | Author - Man of the Millennium http://www.amazon.in/dp/9352548809  | Attorney | M - 9894447177 & mail@suryah.in |"
journalist,4:33 PM - 1 Aug 2009,WFXTMalini,http://FOX25Boston.com,4513,1755,"Boston, MA","42.36048,-71.0595599","Reporter at FOX Boston;Queens,NY native:St.John's University graduate.Proud sister of an Orthopedic Surgeon.Worked in Houston, CT, R.I., Syracuse & Plattsburgh."
wx,10:13 PM - 14 Mar 2009,fox11news,http://www.fox11online.com,35319,543,"Green Bay, Wisconsin","44.52994,-88.0248299","The OFFICIAL account of WLUK-TV, Your Source for Balanced News and Severe Weather Coverage"
journalist,8:47 AM - 5 Jul 2009,TomWAVYTV,http://alturl.com/qpjg7,4686,745,RT's are not endorsements,,"Emmy award winning journalist and anchor at WAVY-TV, FOX43. Long-suffering fan of the Pittsburgh Pirates."
news,5:41 PM - 26 Oct 2014,KyleMason365,http://crew-sapc.weebly.com,5957,6552,"Temecula, CA","33.49463,-117.1473599","24, Taken: @remikataylor Tweet News @Breaking911 & YT Videos, PSN: SAPC_OWNER & @CrewSAPC check out my YTChannel http://YouTube.com/MidNiteCenaRKO"
disaster/accident,9:45 AM - 27 Dec 2016,TheHawkAWP,,311,1202,,,Hindu Nationalist. Bharat Mata Ki Jai. Vande Mataram. Support Modi/Yogi/Trump/Putin. Fighting Global Jihad and Islamic Terrorism. #MakeIndiaGreatAgain.
news,5:56 AM - 20 Apr 2009,weartv,http://www.weartv.com,59961,710,Pensacola/Fort Walton Beach,,Northwest Florida's #1 News Station. RTs are not endorsements.
news,4:25 AM - 21 Jun 2009,AfghanNews24,http://www.afghannews.net,14083,0,The Netherlands,"52.237985,5.53460236308316",News about Afghanistan and Afghan matters
fire/emt,11:49 AM - 28 Jun 2015,LACoScan,http://www.LACoScan.net,8302,69,Greater Los Angeles Area,,"LACERSN Provides Rapid & Accurate Updates of Fire, Police, and Aviation Incidents In & Around the Greater Los Angeles Area & Surrounding Counties"
journalist,6:48 AM - 3 Apr 2009,JulieDiCaro,https://www.facebook.com/JulieDiCaro,33121,3261,"Chicago, IL","41.87555,-87.6244199","Update Anchor/ Host @670TheScore. Sportswriter. Hoosiers. CFC. Recovering lawyer. Lover of life, hater of red peppers. https://tinyletter.com/JulieDiCaro"
news,3:56 PM - 1 Oct 2015,polifocus1,http://www.dammygtnet.com,430,261,|UAE |Nigeria |Africa |Global,,The omphalus for Political Updates & Preposterous Analysis of political events in Nigeria & beyond +All Round News | +971562334778 |dammygtnet@gmail.com
journalist,12:39 PM - 14 Jun 2009,Benhartman,http://www.benjaminhartman.com/,14816,3136,"Tel-Aviv, Israel - Austin, TX",,"Journalist, formerly at @Jerusalem_Post, Bylines also in: @TheDailyBeast @HIGH_TIMES_Mag @Tabletmag, @TheAtlantic, @TexasObserver more @Instagram: @Benlhartman"
journalist,4:14 PM - 22 Sep 2010,TenikkaANjax,http://www.actionnewsjax.com,7881,7664,"Jacksonville, FL","30.33218,-81.6556499",@ActionNewsJax @COXMG CBS47/FOX30 Anchor. Wife. Daughter. Sister. Auntie. Friend. Foodie. @BenedictEDU @MerrillCollege @UofMaryland NC native enjoying FL sun!
govt,2:10 PM - 31 Jan 2009,NYCMayor,http://on.nyc.gov/social_policies,965189,1257,"New York, NY","40.73059,-73.9865799",Fighting every day to make our city better and fairer. Official account of the 109th Mayor of NYC.
news,9:46 AM - 4 May 2011,TheJayCalledLee,http://moderntokyotimes.com,1702,502,Tokyo,"34.225575,139.294773938122","Modern Tokyo Times owner & articles on Serbianna, Global Security News, Seoul Times, AINA, Euro News, Pakistan Christian Post .... https://twitter.com/mtt_news"
journalist,5:31 PM - 3 May 2010,mazdaki,http://www.huffingtonpost.com/author/mohammad-taqi,57371,904,Gainesville & Peshawar,"29.6519,-82.3247899","Views @TheWorldPost @thewire_in Former columnist Daily Times, Pakistan. Faculty College of Medicine, University of Florida. Views personal; disclaimers apply"
journalist,11:23 PM - 6 Sep 2010,KellyFedor,,5852,1504,Sydney,"-33.8548099,151.21645",Court reporter for @9NewsSyd
disaster/accident,2:36 PM - 8 Aug 2011,FBIBoston,http://www.fbi.gov/boston/,29407,142,"Boston, MA","42.36048,-71.0595599","Welcome to the official FBI Boston Twitter; we cover MA, ME, NH, and RI. To submit a tip on terrorism or a federal crime, please go to https://tips.fbi.gov ."
journalist,8:18 PM - 14 Oct 2008,shailjapatel,http://www.shailja.com,11377,1837,Kenya,"1.44196,38.43139",Author of MIGRITUDE ~ @AJEnglish @BBCWorld @NPR @internazionale @LMDiplo @poetrymagazine ~ Always-already dismantling Empire ~ Guest of @Jozibookfair #JBF2017
fire/emt,11:37 AM - 23 Nov 2010,OrlandoPolice,http://www.cityoforlando.net/police,81952,1025,"Orlando, Florida","28.54211,-81.3790399","Official Twitter account of the Orlando Police Department. For emergencies, call 911. http://www.facebook.com/orlandopolicedepartment …"
police/traffic,9:39 PM - 12 Jul 2011,QLDTrafficFNNQ,http://qldtraffic.qld.gov.au/,1767,6,"Queensland, Australia","-21.9182799,144.45888",Traffic and Travel Information for Far North and Northern regions of Queensland. Please visit https://qldtraffic.qld.gov.au/  for further information.
news,6:29 AM - 3 Apr 2011,StuartMedia,http://www.stuartmediaservices.com,6715,6639,Queensland,"-21.9182799,144.45888","Stuart Media Features Freelance Australian photographic and visual artist Blair Stuart whose imagery covers landscapes, seascapes, abstracts and digital art."
news,9:47 AM - 24 May 2013,Hromadske,http://en.hromadske.ua,12313,51,Ukraine,"49.48719,31.27183","Hromadske International. The largest new media platform for Eastern Europe. In Russian: @hromadskeru, in Ukrainian: @hromadskeua"
journalist,12:46 AM - 20 Nov 2010,MairavZ,http://972mag.com/author/mairavz/,7309,2012,Israel,"30.87602,35.00151",journalist. translator. mother. Based in Israel. much ado about occupation. Blog @972mag.com Bylines inc @guardian @nytimes
news,2:24 AM - 18 Apr 2016,4n0nc47,http://twilog.org/4n0nc47,7884,4017,Our mission is global peace.,,#AntiFa @rul3r @5lyc47 #SLYSec @AnonymousVideo #BREAKING & #CYBERSECURITY NEWS #FreeAnons #Direniş #RedHack #TeamVene10 #IntelGroup #AntiSec #400lbCr3w
news,9:54 PM - 24 Jul 2015,awesummly,http://www.awesummly.com,507,330,"Bengaluru, India","12.97911,77.59129","Read Top,Technology,Politics,Sports, Science,Bollywood and many more News of your interest in just 30 sec...https://bit.ly/awsmlyapp  #AurKoiNayiKhabar"
news,5:08 AM - 1 Feb 2011,TodayFMNews,http://www.todayfm.com/news,21931,1451,"Dublin, Ireland","53.34976,-6.2602699","Across the nation, around the world, with your news on the hour on @todayfm. Email: news@todayfm.com"
news,1:39 PM - 16 Oct 2014,24IrishNews,,242,0,,,Just a news feed robot
journalist,4:18 PM - 1 Apr 2010,szendehnam,,1104,400,,,Reporter - FOX40 - Walnut Creek - Santa Barbara - Boston - Los Angeles - Grand Junction - Sacramento
journalist,2:37 AM - 24 Nov 2012,AnamjemWAK,,1455,5003,Dubai,"25.26835,55.29619","Faculty from California...A writer & Poet, Willing to publish book, A member of The Film Writer Association of India, Mumbai..Based in Dubai & New Jersey, US."
fire/emt,8:54 AM - 28 Feb 2012,MPSHillingdon,http://content.met.police.uk/Borough/Hillingdon,9539,831,"Hillingdon, London","51.53256,-0.4532499",Updates from Hillingdon Borough Police. Do not report crime on Twitter. Call 101 or 999 in emergency. This site is not staffed 24 hours a day
news,6:20 AM - 24 Mar 2011,HuffPostUK,http://huffingtonpost.co.uk,187059,2192,,,"The destination for U.K. news, blogs and coverage of politics, entertainment, lifestyle, world news, technology and comedy... Snapchat: huffpostuk"
fire/emt,2:07 PM - 28 Jan 2010,sffdpio,http://sf-fire.org,7867,509,"San Francisco, California","37.77928,-122.4192299",This is the official Twitter account for the SFFD PIO. For emergencies call 911. For Non- life threatening hazards call 311. Not monitored 24/7
news,8:46 PM - 29 Apr 2012,SyriaSketch,http://streamsketch.appspot.com/dashboard/syria/,933,1920,,,Helping you track the Syrian news getting the most attention on twitter.
journalist,2:40 PM - 23 Jun 2011,ALeighMP,http://www.andrewleigh.com,28488,569,"Canberra, Australia","-35.2819299,149.12889","ALP MP in Australian Parlt. Dad of 3. Economist. Author of 'Luck of Politics', 'Economics of Just About Everything', 'Battlers & Billionaires'. RT≠Endorsement."
police/traffic,4:03 AM - 12 Oct 2009,aaroadwatch,http://theAA.ie/Roadwatch,156424,451,Ireland,"52.86519,-7.9794499","Ireland's leading traffic and travel provider, broadcasting live seven days a week."
police/traffic,6:23 AM - 6 Oct 2015,POLICEMNDF,,1660,141,Maldives,"4.22184,73.48679",Withholding information is the essence of tyranny. Control of the flow of information is the tool of the dictatorship #ImpeachYameen
news,5:57 AM - 7 Apr 2010,The7Original,http://Www.thatshitishotsunlive.com,4501,1049,NYC,"40.73059,-73.9865799","Original Allah, Media Specialist"
news,2:04 AM - 19 Apr 2012,VirginiaBeach36,,2708,2992,,,All the latest breaking news about Virginia Beach
news,6:04 AM - 6 Jul 2009,kssn96,http://www.kssn.com,7055,145,"Little Rock, AR","34.74648,-92.2895899",An iHeart Country station that loves Arkansas as much as you do! http://www.kssn.com/listen
news,7:11 PM - 28 Aug 2015,FullIrishNews,,278,574,"Dublin City, Ireland","53.35457,-6.28105297692307","Purely Irish Sport, Business, Music, and Breaking News."
news,12:00 PM - 18 Oct 2010,BeverlyNBCLA,http://www.nbcla.com,4444,305,"Los Angeles, CA","34.05439,-118.2439399",Truth seeker & storyteller. News is my Reality TV. Fairness is my North Star. Let us not walk in fear of one another. Retweets aren't endorsements.
journalist,2:46 AM - 14 Feb 2012,BenLowry2,http://www.newsletter.co.uk,2255,971,Belfast,"54.59698,-5.9300899","Deputy Editor of the News Letter, the world's oldest continuously published daily English language newspaper. All views expressed are my own"
fire/emt,1:43 AM - 3 Sep 2009,cheshirepolice,http://www.cheshire.police.uk,144805,778,"Cheshire, United Kingdom","51.51743,-0.1295499",The official Twitter page for Cheshire Police. This account is not monitored 24/7. For Non-Emergency Dial 101. In an Emergency Dial 999. #HereForYou
disaster/accident,12:19 AM - 13 Nov 2014,Mumbaikhabar9,,8958,418,"Mumbai, Maharashtra, India","18.95238,72.83271","LATEST BREAKING NEWS, as it happens. #social #political #economic #educational #cultural events #bollywood #crime #local train #markets in #Mumbai #Maharashtra"
journalist,10:33 AM - 1 Jul 2012,ammarmasood3,http://www.facebook.com/ammar.masood.31,30848,3206,Islamabad,"33.69457,73.06437","Host . Raatgaye http://Ptv.Media  Consultant FMR Dir 92 News FMR Dir PD Dunya Tv FMR. Dir marketing PTV, Columnist jang, Short Story writer http://www.aaap.com.pk"
journalist,6:04 AM - 12 Jun 2010,rahulpandita,http://rahulpandita.com/,41014,1278,"New Delhi, India","28.61389,77.21595","Journalist. Author of Our Moon Has Blood Clots and Hello, Bastar: The Untold Story of India's Maoist Movement. Yale World Fellow, 2015"
news,6:41 AM - 16 Oct 2007,planetrans,http://planettransgender.com,9742,10073,Earth,"34.23313,-102.4107399","Global Trans news, music, movies and commentary. Trans contributors, tips and feedback always welcome. Editors @kellibusey Eduarda Alice Santos @Transfofa"
journalist,4:50 AM - 21 Jun 2011,MikeGibson90,http://www.foodism.co.uk/author/mike-gibson/,2024,854,"London, England","51.50732,-0.1276399","Deputy editor @FoodismUK, contributing ed. @EscapismMag and @squaremile_com. Season ticketer @SpursOfficial. Cat person. Anti-prohibitionist. Views my own."
journalist,1:30 PM - 21 Feb 2012,Martin1Williams,http://www.heraldscotland.com/author/profile/73200.Martin_Williams/,47237,10715,"Scotland, United Kingdom","56.78611,-4.1140499",Journalist at Scotland's The Herald/Sunday Herald with bohemian take on news & sport. 'More influential than Ewan McGregor':#Peerindex 2014. It's me & only me.
journalist,2:52 AM - 21 Jun 2012,Loukas_RS,http://www.radiosweden.org,3580,2024,"Stockholm, Sweden","59.32511,18.07109","Public radio reporter, Swedish news, mostly in English, @radiosweden and @sr_ekot."
disaster/accident,5:33 AM - 22 Nov 2013,CyberSecInt,http://www.cybersecurityintelligence.com,2942,2346,Oxford,"51.75201,-1.2578399",Cyber Security Intelligence: Captured Organised & Accessible. News Website and Cyber Service Provider Directory. Also @CSI_Newsletter and LinkedIn
wx,11:42 PM - 16 Jun 2011,SimpleWeatherTX,http://www.simpleweatheralert.com,1111,431,Texas,"31.81603,-99.5120899",Provide a valuable service. Get more page views. Attract Twitter followers. Add weather alerts to your social media. See our home page for our risk-free offer.
news,12:23 AM - 15 Apr 2016,Newsbitsdotin,http://www.newsbits.in,2395,1359,India,"22.35111,78.66774","NewsBits is the leading news website from Central India: Madhya Pradesh, Chhattisgarh & Vidarbha. http://www.newsbits.in  App http://app.appsgeyser.com/NewsBits"
news,4:48 PM - 17 Aug 2010,Sarah__Reynolds,http://www.messagestomillennials.com,26671,18068,"St. Paul, Minnesota","44.9504,-93.1014999",Your favorite Progressive Patriot. Will always love Bernie. Now aboard the Trump Train. Blog Talk Radio: http://www.blogtalkradio.com/theprogressivepatriot …
journalist,5:40 AM - 11 Mar 2013,RankinNick,,298,380,,,"Writer/broadcaster; author 4 Faber books: Ian Fleming’s Commandos, Churchill’s Wizards, Telegram from Guernica, Dead Man’s Chest; Maggie's husband, Rosa's dad."
news,6:12 AM - 11 Apr 2014,altrinchamtoday,http://altrincham.today,9271,4643,Altrincham,"53.38396,-2.3525399","A #hyperlocal news website for Altrincham, read by over 133,000 unique visitors a month. @Altichamber startup of the year 2015. Stories: david@altrincham.today."
journalist,9:22 PM - 1 Nov 2008,nickmonacelli,http://www.clickondetroit.com,2939,580,"Detroit, MI","42.34866,-83.0567299","Reporter at Local 4. Spent 6 years in Grand Rapids and another 6 in Sacramento. Comments are own opinion, not that of WDIV. Links & RT's are not endorsements."
news,8:45 PM - 6 Nov 2011,TenNewsADEL,http://tenplay.com.au/news/adelaide,24940,1871,"Adelaide, South Australia","-34.9274199,138.59989",The official Twitter page for Ten Eyewitness News Adelaide. News tips: eyewitnessadelaide@ten.com.au Facebook: http://facebook.com/tenadelaide
journalist,11:54 AM - 30 May 2010,Dana_Regev,http://www.dw.com,2966,1053,"Cologne, Germany.","50.93836,6.95997","Israeli born journalist @dwnews || Autumn, brown, grey, dough, geeks || Views = own || dana.regev@dw.com"
govt,5:48 AM - 10 Jun 2011,CllrBSilvester,,13428,9712,Cheshire East,"53.16735,-2.29287717272727","UKIP influencer to follow Rope Cllr Former D.Ldr Cheshire E, Fr Ldr,Mayor CreweNantwich #Trump http://www.facebook.com/CllrBrianSilvester …"
wx,2:53 PM - 17 Jan 2012,Maldon_,https://twitter.com/maldon_,5012,1855,"Maldon, Essex","51.73119,0.67918","News, Sport, Weather, Tide Times, and more updates from the #Maldon area of Essex, UK (Burnham, Latchingdon, Purleigh, Dengie, Southminster, Mayland, Heybridge)"
journalist,8:30 AM - 14 Jun 2011,journostacey,http://clippings.me/journostacey,3190,1687,Glasgow,"36.99588,-85.9119199",Journalist for Evening Times. Will tweet about: NewsFootballMusicGlasgowTV Got a story?
journalist,7:49 PM - 29 Nov 2009,GabriellaDeLuca,,2483,1020,"Pittsburgh, PA","40.44169,-79.9900799","Reporter, WPXI"
journalist,8:51 AM - 27 Nov 2008,bruceecurb,,2776,2270,"Brasília, Brasil","-14.6636999,-52.3441699","Bloomberg News Editor in Brasilia. Kentish Man. If you meet the Buddha on the road to enlightenment, kill him."
wx,9:09 AM - 18 Jan 2011,ShiriSpear,,24840,3824,"Boston, Mass","42.36048,-71.0595599","Fox 25 Morning Meteorologist, Mom & Multitasker! Eater of anything chocolate."
journalist,9:10 AM - 10 Jan 2012,KaitlynANjax,http://www.actionnewsjax.com/,2000,1095,Altamonte Springs,"28.6649,-81.3762654726872","24/7 news junkie: Reporter on a mission! Philanthropist, Writer, Host and Speaker on eating disorders. Always following my heart."
wx,4:43 PM - 19 Apr 2015,WeatherOntario,http://bit.ly/1Ly2LC6,25574,560,"Ontario, Canada","50,-85.9999999","Weather& News for #Ontario. Traffic alerts at @TrafficOntario. Storms, power #outages, news and more all over #Ontario **NOT MONITORED 24/7**"
news,9:12 PM - 3 May 2013,Baghdadblogger,http://bhive.ca/network,783,530,"Baghdad, Iraq","33.30242,44.37879",Sharing the latest news in #Baghdad for our tweeps. Here is a short clip about us @bhivec2: http://bhive.ca/7ways . #bhive #savethebees #marketing
news,6:27 AM - 6 Feb 2015,vwpress_en,https://www.volkswagen-media-services.com/en/,145044,336,"Wolfsburg, Germany","52.42055,10.78616","Official account of Volkswagen (brand) delivering news for press, media and influencers. (Deutsch: @vwpress_de) Imprint: http://vwpress.de/e1Hc308ySit"
wx,4:41 AM - 22 Mar 2011,captain_kirk_wx,http://BAMwx.com,2572,891,"Indianapolis, Indiana","39.76833,-86.1583499","@BAMwxcom Meteorologist, Family man, Sports, Music & Fitness Junkie | God is so good #AGwx #Plant17 Email: Kirk@BAMwx.com"
disaster/accident,2:09 AM - 31 Aug 2010,RfonteinHerald,http://www.randfonteinherald.co.za,2106,316,"Randfontein, Johannesburg",,"Randfontein is focused on local news, events, entertainment, crime, schools and municipal issues in the Randfontein area"
journalist,10:37 AM - 4 Aug 2011,FOX19Jordan,,3779,1238,"Cincinnati, OH","39.10145,-84.5124599",Morning reporter at FOX19 in my amazing hometown city of Cincinnati
journalist,1:36 AM - 2 Feb 2009,DVATW,http://gab.ai/DavidVance,42385,909,UK,"54.70235,-3.2765699",A man on a mission in two or three editions. Pro civilisation. Editor of A Tangled Web & Biased BBC. All views my own!
disaster/accident,1:08 PM - 17 Jan 2015,GIRD_S,http://www.girds.org,1447,143,Berlin,"52.51703,13.38885",German Institute on Radicalization and De-radicalization Studies. Tweeting about terrorism and CVE in Germany and beyond.
news,2:02 AM - 18 Apr 2009,BalkanInsight,http://www.balkaninsight.com,26849,661,The Balkans,"41.14716,24.2449367738971","News, Reports, Analysis and Opinion about trending issues in the Balkans. Retweets are not endorsements"
news,11:17 AM - 15 May 2012,Mwebantu,http://Facebook.com/Mwebantu,19961,1778,"Lusaka,Zambia","-15.4166899,28.28138","Welcome to Mwebantu on Twitter, for instant breaking news alerts and happenings in Zambia. Find us on Facebook at: http://Facebook.com/Mwebantu"
journalist,2:57 AM - 3 Dec 2009,MandaKhoza,,4000,822,"Johannesburg, South Africa","-26.2049999,28.04972","Journalist at News24, storyteller, Pirates fan by default, loving girlfriend, a complete mess of gorgeous chaos. Tweets are my own."
news,8:33 AM - 15 Mar 2014,Herts247,,233,54,,,Latest news in Hertfordshire - updated 24/7. Part of the Herts Businesses network.
news,6:08 AM - 27 Mar 2009,VOCMNEWS,http://www.vocm.com,74561,687,,,Newfoundland and Labrador's local news leader.
news,7:34 PM - 28 Jul 2013,9jadailies,http://www.naijadailies.com,4625,1385,,,We keep you up-to-date by providing you real-time Nigerian news.
journalist,5:21 AM - 28 Dec 2011,Kokid8,,973,485,South Africa,"-28.8166199,24.99163",Work smart . We live and learn . Views are my own. Romans 8v28. @eNCA Field Producer
disaster/accident,8:47 PM - 13 Feb 2012,cosmoCTV,http://montreal.ctvnews.ca/,8795,229,"Montreal, Quebec, Canada","45.50879,-73.5539799","I'm a cameraman and I'm armed with a camcorder, I shoot accidents and crimes for CTV News Montreal"
police/traffic,9:59 PM - 18 Dec 2012,QAD_North,,2234,2824,Islamabad,"33.69457,73.06437","Local and current news , mostly as it happens from Politics , security to law & order,traffic updates, Political news views and lot more"
news,5:01 AM - 30 Dec 2009,WiltsAndGlosStd,http://www.wiltsglosstandard.co.uk/,6697,829,Cirencester,"51.71701,-1.9685199",Official twitter account for the Wilts and Gloucestershire Standard newspaper.
news,4:57 AM - 4 Feb 2009,MyNews24,http://www.news24.com,109968,11667,South Africa,"-28.8166199,24.99163",News alerts and more from the team at http://News24.com
news,7:53 AM - 28 Apr 2009,WGEM,http://www.wgem.com,9362,190,"Quincy, Illinois","39.9356,-91.4098699","The Tri-States News Leader - WGEM-NBC, WGEM-FOX, The Tri-States' CW, WGEM News/Talk 105 FM and ESPN 1440 AM/FM 98.9."
news,9:51 PM - 7 Oct 2015,Velox_News,http://www.veloxnews.com,522,916,Nigeria,"9.60003,7.99997",Nigeria Breaking News on the Go!
news,10:21 AM - 18 Jun 2009,stockportnews,http://www.stockportexpress.co.uk,16372,732,Stockport,"53.4079,-2.1602399",Latest and breaking Stockport news from the Stockport Express newspaper and website. Part of Trinity Mirror and MEN Media. http://facebook.com/StockportExpress …
journalist,12:19 PM - 17 Apr 2012,CT_operative,https://aldinabazovic.wordpress.com/,13688,1586,Worldwide,,"Analyst /Researcher. Military, counter-terrorism, intelligence & politics related topics, views are my own. Focus on Balkans, Eastern Europe and MENA regions."
news,2:49 AM - 4 Aug 2009,filterednews,,3196,304,United States,"39.78373,-100.4458799","US News, World News, and Conservative Commentary"
journalist,8:54 AM - 5 Jun 2013,NC5_AKoehn,http://www.newschannel5.com,2172,1231,"Nashville, TN","36.16222,-86.7743499",Reporter at WTVF. Multimedia Journalist. Live Drive Operator. University of Georgia graduate. Nashville native. alexandra.koehn@newschannel5.com
wx,7:13 AM - 22 May 2009,KSLAWeather,http://www.ksla.com/weather,6923,24,"Shreveport, LA","32.482845,-93.8284804445831",We Track Storms! This is the official weather page for the KSLA StormTracker 12 Weather Team.
wx,6:05 AM - 30 Jun 2012,NWS_MountHolly,http://weather.gov/phi,30183,45,"Mount Holly, NJ","39.99288,-74.7876599",Official Twitter Account for National Weather Service Philadelphia/Mount Holly Details: http://weather.gov/twitter
police/traffic,8:31 AM - 12 Dec 2013,MobileALTraffic,http://www.mobilealtraffic.com,8044,38,"Mobile, AL","30.69435,-88.0430499",Reporting traffic delays and accidents for Mobile and Baldwin Counties in Southwest Alabama. Also supporting all first responders!
disaster/accident,10:32 AM - 23 Jan 2016,Syria_Hezb_Iran,https://www.youtube.com/channel/UC065bR3k13w48QATvu-dilQ,3323,186,Middle East,"32.18623,34.97714","Resistance Platform Alternative Media Reality as it is Military Maps, Analysis & History Pan-Arabism"
news,2:51 AM - 29 Feb 2016,Trump_Donald_J_,,201,29,"Wisconsin, USA","44.43089,-89.6884599",Image of what Trump campaign should do otherwise the world will be ruled via media manipulation of the corrupt elite aided by worldwide misinformation/stupidity
police/traffic,6:19 AM - 31 Jul 2009,TrafficTeam9,http://www.wsoctv.com/s/traffic/,8837,227,Charlotte NC,"35.22708,-80.8431199",Traffic Team 9 has constant updates throughout the morning on Charlotte's traffic accidents and detours by WSOC-TV's traffic reporter Mark Taylor.
news,4:12 AM - 6 Dec 2015,newspakistantv,http://www.newspakistan.tv,1067,1282,Pakistan,"30.33084,71.24749","This is http://urdu.newspakistan.tv  (Urdu) official Twitter feeds, keeping you updates on latest news, analysis and features from Pakistan, South Asia and the world"
news,8:48 AM - 27 Aug 2009,ChiTribCloutSt,http://chicagotribune.com/clout,10734,2327,Chicago,"41.87555,-87.6244199","Coverage of Mayor Rahm Emanuel, Gov. Bruce Rauner, President Toni Preckwinkle, Illinois politics. From the Chicago Tribune's politics and government team."
news,4:53 AM - 18 Aug 2010,kenyanewsalerts,,4800,117,Kenya.,"1.44196,38.43139",Kenya news alerts from various online news sites. I am an individual NOT a media house.
journalist,5:33 PM - 30 Aug 2009,KatieCollettTV,http://wavy.com/2014/01/30/katie-collett/,6206,2668,"Hampton Roads, VA","36.97514,-76.3496599","WAVY-TV/FOX43 Morning& Midday Anchor -- Instagram: http://www.instagram.com/katiecolletttv/  Facebook: https://www.facebook.com/katie.collettwavy … @WAVY_News, #MSWarrior"
news,8:41 PM - 24 Mar 2015,BahrainmirrorEN,http://www.bahrainmirror.com/en,4527,166,editor@bahrainmirror.com,,Independent Bahraini Online Newspaper
police/traffic,1:57 PM - 17 Jul 2012,TD_TomSmith,http://TimesDaily.com,2218,2296,Florence,"43.76987,11.25557",TimesDaily Senior Staff Writer covering police in Northwest Alabama and southern Tennessee as well as governments in Lauderdale County.
journalist,3:42 AM - 18 Jun 2012,Bonn1eGreer,,51423,16678,London UK and beyond.,"51.50217,-0.1874899","playwright;author; critic; commentator; writer for The New European newspaper. 100% Southside of Chicago+NYC, too. Londoner half my life Europhile & Never Trump"
wx,12:20 PM - 20 Apr 2009,chesterlampkin,,8185,1744,"St Louis, MO","38.62727,-90.1978799","Meteorologist @ksdknews. IMPORTANT: http://SeeDisclaimer.com  Love family/friends, weather, geography, Cardinals, SLU, & Mizzou. I lived in New Zealand, from STL"
police/traffic,2:21 PM - 1 Jun 2009,AlexisABC7,http://www.abc7news.com,9853,2232,"San Francisco, CA","37.77928,-122.4192299","Traffic Anchor/Reporter for ABC7 News. Radio veteran, runner, coffee drinker, newlywed, and proud Michigan Wolverine. Go Blue!"
journalist,1:35 PM - 10 Jun 2013,PeteApps,http://www.insidehousing.co.uk,2384,776,London,"51.50732,-0.1276399","News editor at Inside Housing, other bits and pieces of journalism elsewhere. Blog (personal views) here https://medium.com/@PeteApps  #ukhousing"
journalist,8:48 AM - 10 Dec 2015,MCorreaKHOU,http://www.khou.com,1478,208,"Houston, TX","29.75893,-95.3676899",MMJ Reporter for KHOU11. Rio Grande Valley native. UH Alum. I think I'm hilarious.
news,9:58 AM - 1 Apr 2010,WestportDV,http://westport.dailyvoice.com,3253,239,"Westport, CT","41.14148,-73.3578899","The Westport Daily Voice is a local news organization. Our town-based reporters cover the most important news, sports and information in our community."
fire/emt,8:22 AM - 1 Nov 2013,LynnLocal739,,2079,561,,,"Lynn Firefighters represents the members of IAFF, Lynn Local 739; Does not represent the views or opinions of the Lynn Fire Department or the City of Lynn."
wx,1:06 PM - 1 Jun 2012,NWSNashville,http://weather.gov/Nashville,25275,84,"Nashville, Tennessee","36.16222,-86.7743499",Official Twitter account for the National Weather Service Nashville. Details: http://weather.gov/twitter
disaster/accident,3:56 AM - 29 Mar 2012,DuffelBlog,http://www.duffelblog.com,24307,1,Deployed Worldwide,,The American military's most-trusted news source. http://www.instagram.com/duffelblog
journalist,11:52 AM - 4 Sep 2013,SMillsWAFF48,https://www.facebook.com/StephanieMillsWAFF48/,907,855,"Huntsville, AL","34.746775,-86.7086188994222",First Alert Center Anchor/Reporter for @waff48 @nbcnews Instagram is @smillswaff48
journalist,2:55 AM - 28 Nov 2011,Prabhati_Mishra,,1006,176,Delhi,"28.65171,77.22193",Well I am a journalist working as Managing Editor with LiveLaw.in. My tweets here are personal in nature having nothing to do with the organisation
journalist,6:46 PM - 17 Apr 2009,MichaelHenrich,http://www.facebook.com/HenrichNews,5037,4219,"Boston, MA","42.36048,-71.0595599","Husband, dad & TV news reporter/fill-in anchor at @boston25. NY-born. Found Massachusetts by way of DC, VT, OK, OH and IN. Loving life. RTs not endorsements."
