news,5:47 AM - 5 Oct 2010,AdvocateDaily,http://advocatedaily.com/,2155,1307,"Toronto, Ontario, Canada","43.65292,-79.3848999",The PR firm that features legal professionals as news sources. Media releases and contact to the sources are posted to http://AdvocateDaily.com
wx,6:54 PM - 10 Jun 2008,WCCBCharlotte,http://www.wccbcharlotte.com/,74132,1318,"Charlotte, NC","35.22708,-80.8431199","WCCB, Charlotte's CW is your source for news, sports, weather & entertainment. *If you mention us you consent to WCCB using your content."
journalist,8:03 AM - 18 Nov 2011,CBCMeaghanK,http://www.cbc.ca/manitoba,2662,1271,"Winnipeg, MB","49.88333,-97.1666699","Reporter with CBC Winnipeg, chasing breaking news early in the AM."
journalist,10:02 AM - 29 May 2012,marikaCBC,http://www.cbc.ca/montreal,976,597,"Quebec, QC","46.82573,-71.2349099",CBC Quebec's Travelling Journalist based in Quebec City. RT's are not endorsements.
journalist,6:32 AM - 12 Aug 2010,SteveDeaceShow,http://www.stevedeace.com,42350,317,On the right side of history.,,"CRTV host and Conservative Review columnist. Author of A Nefarious Plot, the best book you've probably never read."
police/traffic,5:17 AM - 17 Mar 2014,uksocialtraffic,,1321,393,United Kingdom,"54.70235,-3.2765699",Retweeting your twitter traffic updates from the UK motorways. UK Social Traffic cannot verify the accuracy of tweets. Use at your own risk.
police/traffic,5:08 AM - 30 Apr 2009,423JCPD,http://jcpd.blogspot.com/,4716,123,"Johnson city, Tennessee 37601","36.31343,-82.3534699",Communicate with the Johnson City Tennessee POLICE Department. Real-Time News releases and Live Traffic Crashes posted here.
fire/emt,12:47 PM - 6 Feb 2014,LakelandFD,http://www.lakelandgov.net/lfd,2238,142,"Lakeland, FL","28.03946,-81.9497999","The Lakeland Fire Department is made up of 7 stations serving 100,000 + people in its 84 square mile service area. Emergency? Dial 9-1-1"
wx,2:29 PM - 22 Sep 2012,JournAB,,317,204,"Portland, Maine","43.66102,-70.2548499","Mom, News Director @WMTWTV Maine's Total Weather & News, @EmersonCollege alum Links & retweets are not endorsements, opinions are my own."
wx,8:36 AM - 26 Dec 2011,MelanieHunterTV,http://facebook.com/MelanieHunterTV,2492,1344,"Tucson, AZ","32.22174,-110.9264699","Tucson Traffic, Weather, and News Anchor. Mississippi State Meteorology Student. Special Olympics Volunteer. Junior League of Tucson. UofA Alum."
disaster/accident,2:14 AM - 31 Jan 2016,GlennFranco68,,6735,5862,,,News Government & Politics#pro military#God fearing #pro YISRAEL #'We The People'American#President Trump supporter #country music k-frog #Steelers fan
news,6:15 PM - 17 Jan 2012,WKNYRadio,http://www.1490wkny.com,136,53,"Kingston, NY","41.92878,-74.0023699",1490 AM The Kingston Station
disaster/accident,2:16 PM - 21 May 2014,SpeakNoEvilDC,,572,481,,,Probation&Parole Officer. Criminologist. Union Activist. Opinions expressed are my own (not my employers). Often sarcastic/unfiltered. RT may not mean agreement
news,9:02 PM - 12 Jun 2014,ElonMuskNewsOrg,http://elonmusknews.org/,36131,21978,,,This Twitter feed features quotes & news from Elon Musk. Get our curated newsletter at http://elonmusknews.org/ .
news,6:49 AM - 23 Jan 2013,CBCKW891,,29358,950,,,CBC Radio and Digital Service for Kitchener-Waterloo.
police/traffic,3:37 PM - 6 Nov 2012,TotalTrafficGRR,http://totaltraffic.com/LocalTraffic/Grand%20Rapids/,491,12,"Grand Rapids, MI","42.96324,-85.6678599","Grand Rapids Traffic, powered by Total Traffic Network."
news,1:19 PM - 23 Jul 2009,lanewsnow,,11904,311,"Los Angeles, California","34.05439,-118.2439399",Los Angeles News Now 9000 Sunset Blvd #LosAngeles California 90069 #cityofangels #hollywood #lalaland #hellay @lanow #lanews #LA
news,4:02 AM - 11 Mar 2017,Brexitnews1,http://www.brexit-news.de,143,470,"London, England","51.50732,-0.1276399","News about Brexit, UK, EU and the World"
news,8:57 AM - 24 Oct 2008,WGNOtv,http://www.wgno.com,30803,611,"New Orleans, LA","29.94993,-90.0701099",This is the official Twitter account for WGNO News (ABC26) in New Orleans. Tag photos and videos #WGNO for permission to share on air and online.
fire/emt,11:17 AM - 16 Sep 2014,lexkypolice,http://www.lexingtonky.gov/police,8001,128,"Lexington, Kentucky","38.0464,-84.4970299","Official Twitter of the Lexington, Ky Police Department. In an emergency, call 9-1-1."
news,1:57 AM - 8 Sep 2008,timescolonist,http://www.timescolonist.com,65552,591,"Victoria, B.C., Canada",,News and information from Vancouver Island
fire/emt,9:37 AM - 29 Dec 2012,HillsFireRescue,http://HCFLGov.net/Fire,8715,169,"Hillsborough County, Fl","27.91845,-82.3487999","This is the official Twitter feed for Hillsborough County Fire Rescue. Call 911 for all emergencies, 813-272-5665 for non-emergency."
journalist,2:01 AM - 9 Apr 2011,AsaadHannaa,http://www.al-monitor.com/pulse/ru/contents/authors/asaad-hanna.html,9002,295,"Istanbul, Turkey","41.00963,28.96516","Former Political officer at FSA. freelance journalist @Almonitor Global Voices @GVinArabic Human rights defender , @GulfCentre4HR Instagram: @asaadhanna"
police/traffic,1:11 AM - 27 Jan 2012,i_trafficKZN,https://www.i-traffic.co.za/,129265,11,Pietermaritzburg,"-29.5999999,30.37888",Realtime CCTV traffic monitoring and reporting on National roads in eThekwini and parts of Msunduzi
news,9:06 PM - 6 Feb 2009,georgebkk,http://thaivisa.com,26249,361,Thailand,"14.89719,100.83273","Latest news, info and other bits from the most visited English language website in Thailand"
journalist,6:34 AM - 15 May 2009,cwaggonerfox4,,10908,174,Dallas/Ft. Worth,"32.73579,-97.2299499",Anchor/Reporter Fox4 in D-FW. Airborne reporter 12 years before moving into the studio in mid-'08. Love the area and the people! TCA & TCU Alum. Emmy winner.
journalist,11:02 AM - 27 Feb 2009,nicholadrummond,,1174,327,London,"51.50732,-0.1276399","Defence Industry commentator, consultant and writer. Former British Army officer. Committed to UK Armed Forces with a passion for all things military."
journalist,2:38 PM - 2 Feb 2009,ZivaBranstetter,https://www.revealnews.org/author/ziva-branstetter,5362,2526,"San Francisco, CA","37.77928,-122.4192299","@Reveal senior editor, IRE VP, Pulitzer finalist, @readfrontier founder. Tips: zbranstetter@revealnews.org Leaks: http://leak.revealnews.org"
journalist,9:47 AM - 23 Oct 2008,edatpost,http://fb.me/edatpost,53353,16097,"Washington, D.C.","36.29885,-82.3591834",@washingtonpost congressional reporter. @cbsnews contributor. @AmericanU alum. @NAHJ member. ed.okeefe@washpost.com. Personal: @ed_okeefe
disaster/accident,10:17 AM - 24 Jan 2012,Jamesaboutdrugs,,1584,3019,Hackney,"40.03173,-80.2178299",Senior lecturer of Criminology @LondonMetUni mainly tweet on drug and crime issues
govt,3:52 AM - 13 Dec 2012,EamonMelia,,1524,1893,,,"Opinions my own and tough if u don't like them , I hate what this govt has done to ordinary people , hate how they make the poor pay for the sins of the rich ."
journalist,3:09 PM - 13 Oct 2009,largesteven,,3296,278,sacramento,"38.58157,-121.4943899",cbs13 reporter
news,7:27 PM - 8 Jul 2009,lynlinking,,15020,15002,Australia,"-24.7760999,134.755","Addicted to Politics, Avid Reader, Twitter is my hobby. My goal is to share as much important information as possible, Blog articles, Newspaper Articles etc."
journalist,12:03 PM - 7 Oct 2009,mbk_center,http://www.khodorkovsky.com,15950,4416,,,"News and views from the official support team behind Mikhail Khodorkovsky, founder of Open Russia."
wx,1:37 PM - 9 Feb 2010,tristatewx1,http://www.tristatewx.com,6127,3276,"Newburgh, Indiana","37.94568,-87.4046499","Covering weather for Southwestern Indiana, Southeastern Illinois, and Western Kentucky. This includes the Evansville and Owensboro Metro area."
journalist,3:34 AM - 28 Apr 2011,umasudhir,,17665,484,"Hyderabad, India","17.36162,78.47473","Resident Editor, NDTV / Documentary filmmaker / Blogger"
news,7:54 PM - 28 Mar 2012,FeedDallas,,370,0,"Dallas, TX","32.77627,-96.7968499","Breaking local news in Dallas, Texas"
news,6:00 AM - 5 Sep 2012,BNCommodities,http://www.bloomberg.com,13707,223,,,"Bloomberg Commodities News from Asia, EMEA and the Americas."
wx,7:09 AM - 15 Jul 2009,Ken_Brewer,http://www.wishtv.com,9149,8205,"Indianapolis, IN","39.76833,-86.1583499","Meteorologist / Weather Executive Producer at @WISH_TV, Indianapolis. Husband, Father of 2, @floridastate Alum"
police/traffic,12:29 PM - 16 Jun 2016,JacksonMSPolice,,4098,174,"Jackson, MS","32.410435,-90.1620574","This is the official page of the Jackson, Mississippi Police Department."
wx,7:15 PM - 13 Dec 2011,DanielleDozier,http://fox59.com,12650,477,"Indianapolis, IN","39.76833,-86.1583499",Emmy-nominated Certified Broadcast Meteorologist (CBM). American Meteorological Society member. Storm chaser. Weather geek. Opinions are my own.
news,4:26 PM - 16 Dec 2009,cannabist,http://thecannabist.co,59494,10145,"Denver, Colorado","39.73915,-104.9846999","Cannabis news, culture and #AllThingsWeed. Tweets by @PollyWashburn and @AletaLabak. Site fronted by @DenverPost."
journalist,11:10 AM - 16 Mar 2009,made4tv,http://www.patrickspencer.tv,1007,1276,Oklahoma City,"35.47298,-97.5170499","Emmy Award Winning Journalist at KFOR-TV. OKC 40 Under 40 winner in 2012. Oklahoma Born, Midwest City Bomber raised. My tweets are my own."
journalist,9:06 PM - 24 Mar 2009,DeaClark,,410,385,Brisbane,"-27.4689599,153.02349",Snr Reporter/TVNews Producer ABC. Views are my own.
news,1:36 PM - 18 Mar 2017,BNews247_,,11,4,"Atlanta, GA","33.74909,-84.3901799",Your twitter Breaking News Place!
journalist,5:43 AM - 22 Aug 2007,LindseyMastis,,68932,18815,"Washington, DC","38.89495,-77.0366399","Emmy-nominated Journalist . News Anchor for @NewsChannel8 and @ABC7News in Washington, DC . Writes Music . Learning #Espanol"
news,6:57 AM - 1 Oct 2008,journalsentinel,http://jsonline.com,55121,2701,Milwaukee,"43.03499,-87.9224899","Breaking news, enterprise, investigative and feature reporting on the Milwaukee area and Wisconsin from the Milwaukee Journal Sentinel."
news,6:57 PM - 25 Mar 2008,phillydotcom,http://www.philly.com,305503,1504,"Philadelphia, PA","39.95239,-75.1635799",Follow for news and conversation about our daily content—including articles from @PhillyInquirer and @PhillyDailyNews—and RTs of our journalists.
news,1:38 AM - 22 Oct 2015,blackmattersus,http://blackmattersus.com,18284,14118,,,"Fast-growing black community. Latest news and everyday updates, opinions on today’s racial justice issues.#BlackMattersUS #BLM"
news,8:55 AM - 12 Aug 2014,BrasilWire,http://brasilwire.com,4619,1005,,,"News, culture, documentary & analysis on Brasil in English."
news,9:36 AM - 11 Feb 2009,WGME,http://www.WGME.com,62437,7726,"Portland, Maine","43.66102,-70.2548499",CBS 13 News is On Your Side.
fire/emt,4:30 PM - 4 Feb 2015,ImmFire_PIO,http://www.immfire.com/,517,92,"Immokalee & Ave Maria, FL","26.41868,-81.4172899",Official Twitter of the Immokalee Fire Control District
journalist,12:10 PM - 28 Oct 2009,CTVNorma,http://bc.ctvnews.ca,6418,1248,"Vancouver, B.C.",,Journalist. Millennial.#ShoeSelfie CTV Breaking News & 11:30pm Anchor. RT's don't = endorsement.
wx,12:09 AM - 24 Mar 2009,JeffBaskinFOX16,http://fox16.com,6986,1036,Little Rock,"34.74648,-92.2895899",FOX16 KLRT Chief Meteorologist
fire/emt,10:46 PM - 17 Oct 2012,MEDEST118,http://medest118.com,860,359,Italy,"42.63842,12.67429","Emergency Medicine Blog for emergency doctors and professionals. Litterature reviews, international guidelines, video and a lot of more #FOAMed fan"
fire/emt,9:22 AM - 27 Mar 2012,Local753,http://fresnofirefighters.net,3735,272,"710 R. Street, Fresno Ca 93721","36.73971,-119.7819599",Local 753 represents the 310 firefighters of the Fresno Fire Department. This Twitter page will be used to keep you informed of events that we are involved with
journalist,4:25 PM - 9 Aug 2010,DMN_George,https://vsporto.com/show/candidly-cowboys/,19126,888,"Arlington, TX","32.73558,-97.1071099",Dallas Cowboys beat writer for The Dallas Morning News. Co-host of @CandidlyCowboys Podcast. Christian. Husband. Father. From oldest town in Texas: Nacogdoches.
wx,5:07 AM - 24 Mar 2009,PaulFox13,http://www.facebook.com/paul.dellegattofox,31159,861,,,Chief meteorologist at FOX13 in Tampa. Random musings on the weather and what not. Fluent in sarcasm.
wx,11:39 AM - 24 Jun 2009,WxAuthority,http://www.tristatehomepage.com,5612,7,"Evansville, IN","37.97476,-87.5558399",Weather Alerts for the Evansville Tri-State Area
journalist,7:10 AM - 29 Jun 2009,NewsGuyGreg,http://www.cbs12.com,3033,2192,"West Palm Beach, Florida","26.71534,-80.0533699",TV Reporter for WPEC @CBS12 | Tucker's Dad | @CMUniversity Grad | Disney Expert | Aviation Nerd | Random Tweeter & Traveler | Story idea? gsangel@cbs12.com
fire/emt,7:11 AM - 6 Jul 2010,iAlertcom,http://iAlert.com,961,1968,WE FOLLOW BACK!!,,All U.S. Severe Weather & Emergency Alerts at http://iAlert.com . We tweet tornado warnings in real-time
wx,7:58 AM - 21 May 2008,WDBJ7,http://www.wdbj7.com,113770,1044,"Roanoke, Virginia","37.27097,-79.9414299","Your Hometown Station for News, Sports, Weather and Entertainment in southwest and central Virginia."
police/traffic,7:53 AM - 19 Nov 2009,WorcesterPD,http://www.worcesterma.gov/police,39078,0,"9-11 Lincoln Sq. Worcester, MA","42.27127,-71.7992299",Welcome to the Worcester Police Department’s Twitter page; our ongoing attempt to ensure a timely and interactive release of information to all.
news,12:51 PM - 9 Dec 2009,AdviseShowMedia,https://youtube.com/TheAdviseShowTV,10183,1104,"Houston,Tx","29.75893,-95.3676899",Giving You Media With A Common Sense Approach. We are Multi-Media Journalists & Social Justice Commentators. #EndBlackphobia Visit - @TheAdviseShow
news,12:36 PM - 21 Feb 2009,dpakman,http://www.davidpakman.com,51226,13166,"Boston, MA","42.36048,-71.0595599",National talk radio & TV host of @davidpakmanshow. Retweets & follows are not endorsements. Instagram: http://www.instagram.com/david.pakman
journalist,9:34 AM - 8 Apr 2009,ChrisJoseWSB,http://wsbtv.com,3668,615,"Atlanta, GA","33.74909,-84.3901799","Dad to K9 & twins. Husband. @wsbtv journalist. @wsupullman alumnus. RTs not endorsements. Opinions my own. Atlanta. Dallas. Denver. Seattle via Palm City, FL."
wx,7:17 PM - 30 Dec 2008,ksprweather,http://www.kspr.com/weather/blog,2909,72,"Springfield, MO","37.21533,-93.2982499",Ozarks Weather from the KSPR HD Weather Center
journalist,1:20 PM - 8 Jan 2010,KristineCayne,http://www.kristinecayne.com,22244,13036,"Seattle, WA","47.60383,-122.3300599","As a writer of romance, I'm fascinated by the mysteries of human psychology—twisted secrets, deep-seated beliefs, out-of-control desires. Let's chat!"
wx,1:37 PM - 4 Sep 2011,WBRZweather,http://www.wbrz.com/weather,7285,14,"Baton Rouge, LA","30.45074,-91.1545499","@WBRZweather has detailed local forecasts, radar updates and the latest weather alerts in the #BatonRouge area!"
disaster/accident,12:07 PM - 11 Jul 2014,CrimeWatchDaily,http://crimewatchdaily.com/,11492,887,,,Primetime crime has come to daytime. #WeAreWatching
wx,9:06 AM - 3 Jun 2012,NWSBoulder,http://www.weather.gov/bou,27654,114,Boulder Colorado,"40.01498,-105.2705399",Official Twitter account for the National Weather Service Denver/Boulder forecast office. Details: http://weather.gov/twitter
journalist,2:34 PM - 4 Oct 2010,NSwabyKing5,http://www.king5.com,4711,1718,"Seattle, Washington","47.60383,-122.3300599","King 5 News Reporter - NBC affiliate in Seattle, WA - Please send me your story ideas/news tips - nswaby@king5.com"
journalist,7:03 PM - 29 Jan 2014,KrisPLettuce,https://www.youtube.com/c/ArmstrongAlley,890,400,"Richmond, VA","37.5385,-77.4342799",One of the few on wrestling twitter that can be trusted in post #GoldenBomb era. Pulitzer prize winning journalist who exposes global conspiracies with gifs
disaster/accident,9:16 AM - 29 Jan 2011,Watcherone,,14843,3500,I go where the trail leads...,,Iris E. Brown - Founder: Collaborative company JTTF NE 10+ years. OSINT. Terrorism risk advisory. Researcher of online extremism. Global jihad monitor.
wx,4:53 PM - 1 Mar 2012,JamieWarrinerWX,,990,431,KOLR/KOZL,,Chief Meteorologist at KOLR/KOZL
wx,6:42 AM - 13 Jun 2016,NWSFlashFlood,http://www.weather.gov/twitter,1280,0,,,Official Twitter National Weather Service account used to distribute experimental flash flood impact graphics. Read more at: http://goo.gl/cCCw1s
wx,3:48 PM - 15 Apr 2011,EwatchALERTS,http://www.Evansville.Watch,1803,438,"Evansville, Indiana","37.97476,-87.5558399",From EvansvilleWatch! EW ALERTS: posting only breaking/urgent metro-area incidents & traffic alerts. Featuring instant weather alerts from ReadyWarn.
journalist,8:59 AM - 3 Mar 2012,Writing_Phoenix,http://bit.ly/otTvOS,2283,2324,Imagination on fire...,,Author of CITY OF MAGICK series. Writing is what the voices say they want me to do...for now. Come for the magic. Stay for the more.
disaster/accident,2:31 PM - 5 Aug 2011,FBIJacksonville,http://www.fbi.gov/jacksonville/,9053,52,"Jacksonville, FL","30.33218,-81.6556499","Welcome to the official FBI Jacksonville Twitter. To submit a tip on terrorism or a federal crime, please go to https://tips.fbi.gov ."
govt,12:14 PM - 5 May 2016,svetlanagpiano,,1025,803,"Thousand Oaks, CA","34.17056,-118.8375899","Common sense conservative,grew up in Moscow-former Soviet Union;know what means 2live under government dictatorship in socialistic country!Prof concert pianist"
disaster/accident,9:00 AM - 26 Nov 2013,MarshallProj,http://www.themarshallproject.org,46236,444,"New York, NY","40.73059,-73.9865799","The Marshall Project is a nonprofit, nonpartisan newsroom covering America's criminal justice system. Tweets usually from @tatianacraine."
journalist,1:48 PM - 4 Aug 2009,PrepCalTrack,http://prepcaltrack.com,4247,777,"Arcadia, CA","34.1362,-118.0401399",http://PrepCalTrack.com  (California HS XC and Track & Field website) editor. Arcadia Invitational Meet Director. Arcadia Multis Meet Director.
wx,10:53 AM - 10 Mar 2009,WLWTWeather,http://www.wlwt.com/,631,6,"Cincinnati, Ohio","39.10145,-84.5124599",
police/traffic,12:44 AM - 30 Jan 2009,DenverPolice,http://www.denvergov.org/Police,184100,647,"Denver, Colorado","39.73915,-104.9846999","Mission: To operate a police agency with a focus on preventing crime in a respectful manner, demonstrating that everyone matters. *Not monitored 24/7"
wx,6:55 AM - 12 Mar 2009,SteveTempleton,http://www.kmov.com/on-tv/bios/64777127.html,6709,959,"St. Louis, MO","38.62727,-90.1978799","Chief Meteorologist #KMOV #STL. Love active wx, it's when my job is most important. Love food & most of all family. Two kids keep me smiling & tired #StormMode"
police/traffic,3:07 PM - 26 Jan 2010,PCALive,https://www.facebook.com/PCAL.Twitter,17976,112,"USA, Canada, and Australia",,"Get real time police chase notifications. We only alert you if the police chase is streaming online. We cover the US, Canada, & Australia! By @UnAmericanOtaku!"
journalist,11:54 AM - 25 Sep 2009,rakeshgoswamiHT,http://hindustantimes.com/columns/rakesh-goswami,1357,424,"Jaipur, Rajasthan, India","26.91612,75.8204",Journalist | Writer | Dreamer | Chief of Bureau @HT_Rajasthan @htTweets |rakesh.goswami@htlive.com | http://facebook.com/rakeshgosswami  | Views ALWAYS personal
news,8:34 AM - 2 Oct 2009,pdxnewsnow,,6713,499,Portland Oregon 97204,"45.52024,-122.6741899",#Portlandia News Now . 900 SW Fifth Ave . #PDX . #Oregon . #CityOfRoses . @inDowntownPDX . #KeepPortlandWeird @travelportland . @trailblazers . @Portland_State
journalist,8:27 AM - 8 Jun 2011,ShujaRabbani,https://itunes.apple.com/us/artist/shuja-rabbani/id958915005,245452,1644,"Dubai, United Arab Emirates","25.26835,55.29619","Electronic Dance Music (EDM) producer, unapologetic blogger & writer from Afghanistan. Follow hashtag #EDMA on social media."
journalist,2:44 PM - 8 Jan 2017,fabio_vanorio,http://linkedin.com/in/fabiovanorio,1324,1408,"Manhattan, New York, NY, USA","40.79027,-73.9597199","Tweets about State Capitalism, Sovereign Wealth Funds and Sovereign Debt. Cool stuff and contrarian views about NWO 2.0 facts, global economics and politics"
police/traffic,1:16 AM - 10 Aug 2014,inssntosh,https://uppolice.gov.in/,1061,150,lucknow,"26.834505,80.9080152894179","Police officer, up police, India...................................My tweets are my personal view."
disaster/accident,1:27 AM - 8 Dec 2012,ATMwithDick,http://vinayak.wordpress.com,472,41,,,"Father of a lovely daughter, criminal in the eyes of a wife, son of an elderly mother, old timer who hasn't given up, Male, activist"
news,10:47 PM - 18 Nov 2014,mail_today,http://www.mailtoday.in,9770,139,,,"India's leading compact newspaper. Joint venture of India Today group with Daily Mail, UK, & other partners. Find exciting special stories & investigations here"
wx,10:35 PM - 16 Jun 2011,SimpleWeatherKY,http://www.simpleweatheralert.com,194,137,Kentucky,"37.5726,-85.1551399",Provide a valuable service. Get more page views. Attract Twitter followers. Add weather alerts to your social media. See our home page for our risk-free offer.
journalist,12:09 AM - 18 Jun 2013,shreyadhoundial,http://www.news18.com,6793,157,New Delhi,"28.61389,77.21595",Journalist / Anchor Epicentre@7 on @CNNnews18/ Senior Editor (Special Projects)
journalist,3:20 PM - 1 May 2012,waqasahmi,http://www.waqasmirza.com,1432,856,,,Writer . CVE Watch @MuckRock . Editor @TMIMagazine.
news,9:33 PM - 11 Dec 2009,THEWILLNG,http://www.thewillnigeria.com,3540,245,SAN FRANCISCO,"37.77928,-122.4192299","THE WILL will stimulate and expand the national conversation, reporting the news as it breaks...."
journalist,3:00 AM - 18 Aug 2009,davidicke,http://www.davidicke.com,173978,452,"Isle of Wight, England","50.67104,-1.3327052","Official Twitter of ground breaking Author & Public Speaker, David Icke. For Bookshop & Weekly Videocasts - http://www.davidicke.com/headlines/  #DavidIcke"
fire/emt,6:30 AM - 11 Jan 2011,WarksFireRescue,http://www.warwickshire.gov.uk/fireandrescue,13300,810,Warwickshire,"52.33333,-1.5833299","The official Twitter site for Warwickshire Fire and Rescue Service. This site is not monitored 24/7. In an emergency, please dial 999."
wx,4:16 PM - 25 Jul 2012,MCOhioWeather,http://www.facebook.com/mc911,9,0,Troy Ohio,"40.03949,-84.2032699",Weather Alerts from http://www.mcow.us  and http://alerts.mcow.us  Miami County Ohio Weather http://www.facebook.com/mc911
news,3:32 PM - 25 Feb 2009,cyclingtips,http://www.cyclingtips.com,51487,3066,Australia,"-24.7760999,134.755","The Beauty of Cycling. Racing, escapism, news, tech and more. Subscribe to our podcast: http://bit.ly/cyclingtipspodcast …. @ellacyclingtips for our sister site."
news,8:23 AM - 21 Nov 2013,ZeeKalinga_News,http://www.zeekalinga.com,15538,29,Bhubneshwar,,Zee Kalinga News is 24x7 Odia news channel in Odisha which delivers update news bulletins and different current affairs programmes for its viewers.
wx,7:57 PM - 9 Nov 2010,Sacramento_NC,http://www.SacramentoNewsChannel.com,300,42,"Sacramento, CA","38.58157,-121.4943899","Updated Sacramento news,sports, weather,entertainment,politics and business information."
police/traffic,7:23 AM - 12 Nov 2014,Traffic_News_AU,http://www.newslocker.com/en-au/news/traffic/,121,291,,,Find your latest Traffic news with just one click. Don't miss out on anything happening!
news,4:40 AM - 30 May 2012,newsoncool,http://www.coolfm.co.uk/news,7058,331,Northern Ireland,"54.656875,-6.56342025520468",Bringing you all of the top local news and sport stories from our NI and UK award-winning journalists
journalist,6:55 AM - 11 Sep 2012,danielrmilligan,http://www.chroniclelive.co.uk,7457,2442,Newcastle Upon Tyne,"54.97709,-1.6141999","Journalist. Head of Audience Engagement at ncjMedia, publishers of @ChronicleLive,The Chronicle, The Journal and The Sunday Sun. Views my own."
journalist,12:59 AM - 25 May 2009,sturdyAlex,https://www.theguardian.com/profile/alex-andreou,40858,1441,"London, UK and Mykonos, Greece",,"I write, act, sing and cook. Occasionally, even for money. Literary agents: rachel@furnisslawton.co.uk. Acting representation: john.grantham@talk21.com."
news,1:09 PM - 12 Feb 2012,BorderRegionTV,http://borderregion.tv,1992,4135,Co Monaghan Ireland,"54.161065,-6.9463635875","BorderRegionTV is an online on-demand video service which will cover News & events from around the border region (Monaghan,Armagh,Louth,Down,Cavan, Fermanagh,"
fire/emt,8:57 AM - 26 Sep 2013,rcmpmb,http://www.rcmp-grc.gc.ca/mb/index-eng.htm,33358,37,Canada,"61.06669,-107.9916999",This account is not monitored 24/7. Call your local Detachment to report a crime or 911 in an emergency. @GRCManitoba - Terms of use: http://rcmp.gc.ca/sm-ms/
fire/emt,10:09 AM - 7 Nov 2011,MPSHaringey,https://beta.met.police.uk/,8013,1000,"Haringey, North London","51.587925,-0.105406076470588","Haringey Police tweets Not 24/7 To report crime Tweet @MetCC , Call 101 or in an emergency call 999. Online reports via website"
journalist,9:55 AM - 15 Apr 2010,russwebt,http://www.russellwebster.com/,6737,1446,"Hornchurch, Essex. UK","51.60538,0.5466","Researcher, evaluator, writer, trainer in drugs, alcohol & crime. Blogger. Expert in payment by results, strategic use of social media. Unaccomplished saxman."
news,2:59 PM - 27 Apr 2016,wethepplsdnews,http://www.wethepeopleamericannews.com,2558,4804,,,American news media. http://wethepeopleamericannews.com
news,12:12 PM - 21 Jan 2014,trumpathon,http://trumpathon.com,362,246,,,news and information on http://www.trumpathon.com
police/traffic,9:13 AM - 9 Jun 2013,CommunitySpeedw,http://www.communityspeedwatch.org,2466,1145,United Kingdom,"54.70235,-3.2765699",CSW Online - Professional organisation of Speedwatch groups and Police integration - efficient and effective.
journalist,5:39 AM - 8 Feb 2011,OxfordWords,http://www.oxforddictionaries.com,251837,1577,"Oxford, UK","51.75201,-1.2578399","Oxford University Press, publisher of Oxford Dictionaries, brings you news and insights from today’s world of words."
news,4:38 AM - 19 Apr 2009,lankawire,http://www.okkoma.com,5278,105,Sri Lanka,"7.23714,80.82092",Sri Lanka latest news on Twitter. #srilanka #lka
news,11:45 PM - 3 Aug 2014,EntDC,http://www.deccanchronicle.com/entertainment,21132,316,"Mumbai, India","18.95238,72.83271","The Deccan Chronicle's Entertainment section is your source for top celebrity gossip, celeb news, and entertainment news."
disaster/accident,8:56 AM - 24 Jun 2015,islamicworldupd,https://islamicworldupdate.wordpress.com/,5108,43,In the dunes of the MiddleEast,,"MA student, Polit. Sci.-Strategy, Intelligence & National Security. BA holder in Criminal-Justice & Middle-East politics. Speaks:Hebrew, English, Russian&Arabic"
news,7:36 AM - 8 Jun 2009,HuffPostGreen,http://huffingtonpost.com/green,435879,1142,"New York, NY","40.73059,-73.9865799","Latest news on energy, environment, animals and more."
news,1:34 AM - 1 Dec 2016,Adelaide_Now,,36,4,"Adelaide, South Australia","-34.9274199,138.59989",The latest news and information from Adelaide
police/traffic,7:13 AM - 3 Jun 2010,RoamingRoyston,http://www.martismedia.co.uk,8315,6480,London,"51.50732,-0.1276399","#MartisMedia founder. Social Media, Words/Pictures, PR, Videos, Campaigns, Columnist, Consultant. Former Dep Ed of Police Review. Now a Royston of all trades"
news,2:49 PM - 11 Dec 2009,radiogarowe,http://www.garoweonline.com,17219,485,"Puntland, Somalia",,"Garowe Online, is an independently-operated news agency that specializes in publishing Somali news from sources inside Somalia in both Somali and English."
news,8:46 AM - 18 Feb 2009,metrohalifax,http://www.metronews.ca,95093,2036,"Halifax, Nova Scotia","44.64842,-63.5749699",Download our news app for iOS: http://apple.co/2gzvN7u  & Android: http://bit.ly/2gzvObP
journalist,4:00 PM - 11 May 2011,anneapplebaum,http://www.washingtonpost.com/people/anne-applebaum,147658,327,"Warsaw, London, Washington",,"author of GULAG and IRON CURTAIN, among others. Washington Post columnist. Visiting Professor, LSE Institute of Global Affairs, director of ARENA."
wx,9:42 AM - 22 Apr 2009,alancrone,,12787,13143,,,Morning Wx Guy-KOTV- fan of baseball and positive vorticity advection. Heartland Emmy Award winning composer. Member-Seal Holder- AMS. Member NWA.
journalist,5:08 AM - 17 Aug 2012,MensaMax2,,19896,18890,,,"Follower of Plato who described the Ideal State as a Republic, not a Democracy. Writer - Lover of Knowledge (On & Off Planet) - Seeker of Wisdom -"
wx,11:12 AM - 1 Jun 2012,NWSIWX,http://weather.gov/iwx,15990,185,"Syracuse, Indiana","41.42782,-85.7524799",Official Twitter account for the National Weather Service Northern Indiana. Details: http://weather.gov/twitter
journalist,2:48 PM - 11 Dec 2015,MarlaABC13,http://www.abc13.com,1730,658,"Houston, TX","29.75893,-95.3676899",Reporter for @abc13houston. Love Houston! Please send me your story ideas at marla.e.carter@abc.com
news,2:21 AM - 31 Jul 2015,UKagainstDaesh,https://www.gov.uk/government/topical-events/isil-uk-government-response--3/about,23309,391,,,News & updates on UK Govt & Global Coalition efforts to defeat Daesh & help Syrians & Iraqis. Use #DefeatingDaesh to join the conversation
news,7:33 AM - 1 Aug 2008,springfieldnews,http://www.springfieldnewssun.com/,2928,51,"Springfield, Ohio","39.92422,-83.8088099",News and updates from the Springfield News-Sun
journalist,10:59 AM - 16 May 2012,TriciaHarteTV,http://fox59.com/author/triciahartenews/,2527,577,"Indianapolis, IN","39.76833,-86.1583499",Morning reporter for @FOX59 @CBS4 Indy. NJ--Notre Dame--South Bend --Indy Retweets are not endorsements. (ig: triciahartenews)
disaster/accident,10:50 AM - 27 Sep 2016,KingsmanLaw,http://www.kingsmansolicitors.com,4662,38,West Yorkshire,"53.74152,-1.72024132857142",Serious Fraud & Complex Crime Lawyers
disaster/accident,6:47 AM - 28 Feb 2009,lisatozzi,http://buzzfeed.com,20880,1876,"New York, USA","40.73059,-73.9865799","Global News Director, BuzzFeed. NYTimes alumna. Master of Disaster. I'm buying all the hotdogs and I'm giving them to the good people. lisa.tozzi@buzzfeed.com"
news,10:04 AM - 30 Nov 2010,ACollinsPhoto,http://youtube.com/ACollinsPhoto,6488,781,"Toronto, Ontario","43.65292,-79.3848999","Breaking The News, Before The News. Award Winning Photojournalist In The GTA, Hamilton, Halton & Niagara. Tweet me @ACollinsPhoto"
police/traffic,7:17 PM - 8 Nov 2014,RealAlexRubi,http://RT.com,6232,732,"Washington, DC","38.89495,-77.0366399","NYC/DC based journalist. Web stuff w/ RT America. Tweets about police, prisons and protests. Views mine."
disaster/accident,8:24 AM - 29 Jun 2008,barbarindian,https://sites.google.com/site/barbarindians/,47906,1090,Secularistan,,unapologetic hindu-far/extreme right winger-patriot-capitalist-conspicuous consumer-global warming denier * MEDIA is a crime scene - ALWAYS take screenshots *
news,10:54 PM - 21 Sep 2011,GlobalRevLive,http://GlobalRevolution.tv,60058,8801,"Tahrir, Sol, Liberty Square",,Global independent media collective supporting revolution and resistance through technology and collaboration. @prisonplanet cucks to us!
fire/emt,2:59 PM - 27 Aug 2009,BwtrPolice,http://www.bridgewaterpolice.org,16662,1,Bridgewater Massachusetts,"41.99037,-70.9750399","This Twitter feed are excerpts taken from the Bridgewater Police log. In case of emergency call 911, page not monitored 24/7. Business line (508) 697-6118"
quake,12:43 AM - 4 Nov 2013,stef92320,https://sites.google.com/site/baizestephane/home,896,322,Planet Earth,"12.8831,77.75016","Earthquake geologist, cycling and running MAMIL. Working at @IRSNFrance, but opinions here are my own. Blog: http://stephaneonblogger.blogspot.fr/"
wx,9:19 AM - 12 Dec 2008,marcusbailey,,4482,2388,"Indianapolis, IN","39.76833,-86.1583499","@WISH_TV @StormTrack8 Meteorologist. #Indy. Hoosier born & raised. Husband to Mrs. B. Daddy to Viana & Colt -  user, Colts/Pacers fan. @BallState Alum."
news,3:35 PM - 1 Apr 2014,usanews2017,http://www.onlinebreakingnews.info,481,1668,United States of America,"39.78373,-100.4458799",News from USA
news,2:44 PM - 14 Jan 2009,CBCNL,http://www.cbc.ca/nl/,91598,6763,"St. John's, N.L.",,"CBC Newfoundland and Labrador. Breaking news, updates, programming highlights and much more. Snapchat: CBCNL."
journalist,2:08 PM - 22 Feb 2011,gimleteyemiami,http://eyeonmiami.blogspot.com,352,293,"Miami, FL US","25.77426,-80.1936499",Writer
news,9:27 AM - 17 Aug 2015,smasood802,https://masoodkhanptivf.blogspot.com,20009,1729,"Karachi, Pakistan","24.86677,67.03112",Sσcial Media Activist! Extяeme Insafiaη! Anti Status Quσ.Tweets Aяe my persσηal σpiniση. яts are ησt endσrsemeηts.Fσunder/Head σf Team PTI Vσlunteer Fσяce
wx,1:47 AM - 26 Aug 2008,NEWSTALK1010,http://www.newstalk1010.com,38982,832,Toronto,"43.65292,-79.3848999","THE OFFICIAL ACCOUNT OF NEWSTALK 1010. TORONTO'S BREAKING NEWS, TRAFFIC AND WEATHER"
fire/emt,6:51 AM - 18 Jul 2016,PCDanTaylor,http://www.norfolk.police.uk/your-area/norwich-west/officers-norwich-west,1423,450,"Norwich, England","52.6286,1.29227","Beat Manager for Norwich West @NorwichPoliceUK. Tutor for new officers, been with @NorfolkPolice 11 yrs. 101 - non-emergency enquiries, 999 in an emergency"
news,5:45 AM - 18 Sep 2010,The_Global_Kmr,http://www.globalkashmir.net,7040,3,Jammu & Kashmir,"32.728055,74.9488425638526","The Official Twitter Account of The Global Kashmir, English Daily of J&K, With Daily News, Updates & headlines [Head Office 79 Badshah Flats Srinagar #Kashmir]"
news,7:27 AM - 21 Jan 2009,GovAbbott,http://bit.ly/1RQpY3j,109045,4613,"The Texas Capitol, Austin, TX","30.27468,-97.7403951380952",Official news from the Office of Texas Governor Greg Abbott. You can follow the governor's personal feed @GregAbbott_TX
fire/emt,1:05 PM - 20 Jun 2008,stlredcross,http://www.redcross.org/emo,7476,1470,"St. Louis, MO","38.62727,-90.1978799",Our mission is to prevent & alleviate human suffering in the face of emergencies. A proud member agency of United Way.
journalist,2:31 AM - 29 Jan 2010,EdinReporter,http://about.me/Phyllis_Stephen,50834,6308,Edinburgh,"55.94956,-3.1914899",The local news website for Edinburgh. http://www.theedinburghreporter.co.uk  editor@theedinburghreporter.co.uk T 07791406498
news,6:44 AM - 26 Nov 2007,qctimes,http://www.qctimes.com,38598,2399,"Davenport, IA","41.52364,-90.5776299","The top stories and more from the Quad-City Times. News from Iowa, Illinois and the Quad-Cities. Retweets are not endorsements."
police/traffic,1:56 PM - 7 Jan 2009,NJSP,http://www.facebook.com/newjerseystatepolice,254180,219,"West Trenton, NJ","40.26399,-74.8184899","NJ State Police Public Information Bureau further info on any updates, call 609-882-2000 X6516 or after hours and weekends, X7833"
news,8:45 AM - 22 May 2009,kfxkfox51,http://EastTexasMatters.com,4250,664,"Tyler, TX","32.35126,-95.3010599",FOX51 East Texas News & Entertainment
fire/emt,12:31 PM - 8 Aug 2012,SeattlePDD2,http://spdblotter.seattle.gov,366,2,"Seattle, WA","47.60383,-122.3300599","News/events from Seattle Police. This site is not monitored. Call 911 for emergencies. Comments, list of followers subject to public disclosure (RCW 42.56)."
journalist,12:49 PM - 28 Nov 2014,debraj112,,1803,2547,"Austin, TX","30.27112,-97.7436899","YA, paranormal & SciFi writer; reader; human rights advocate; lover of things spooky, supernatural, & scientific. Proud descendant of slaves. Support #ownvoice"
news,7:06 PM - 20 May 2010,SydneyAffairs,http://www.sydneyaffairs.com,3374,4661,Sydney Australia,"-33.8548099,151.21645","I twit about Sydney travel, places, attractions including ticket deals, hotel deals, and news about Sydney and Australia."
journalist,10:10 AM - 29 May 2013,GraceKXLY,http://www.kxly.com,1395,938,"Spokane, WA","47.65886,-117.4247099","Reporter for @kxly4news. #Gonzaga Grad. #Seattle native. #GoZags! graced@kxly.com No one is silent, but many people are left unheard. Work to change this."
wx,8:19 AM - 11 Sep 2008,14News,http://14news.com,68012,1581,"Evansville, Indiana","37.97476,-87.5558399",The official account of the Tri-State's News and Weather Leader
journalist,5:59 PM - 26 Feb 2012,KNXCooper,http://cbsla.com/,2395,2334,"Los Angeles, CA","34.05439,-118.2439399",Reporter at @KNX1070 in Los Angeles. Southern California native. Storyteller by nature and trade.
wx,1:34 PM - 16 Jul 2012,NWSPortland,http://weather.gov/portland,28056,331,"Portland, OR","45.52024,-122.6741899",Official Twitter account for the National Weather Service Portland. Details: http://weather.gov/twitter
news,9:34 AM - 25 Jan 2010,KNWAnews,http://www.nwahomepage.com,40865,1022,Northwest Arkansas,"33.22524,-92.6492699",Your source for local news in Northwest Arkansas. Have a story? Email us: news@knwa.com #NWAnews Snapchat:knwanews
wx,10:17 PM - 15 May 2009,mark_tarello,http://www.facebook.com/mark.tarello,12489,75,"Mankato, Minnesota.","44.16346,-93.9993499",Chief Meteorologist at KEYC News 12 - A CBS & FOX affiliate. Bringing 20 years of TV weather experience to southern Minnesota & keeping you informed 24/7.
fire/emt,1:05 PM - 12 May 2011,BCFRpio,http://www.brevardfire.us,3699,134,Brevard County,"28.24466,-80.7286199",Welcome to Brevard County Fire Rescue's Official Twitter page. For official information about Brevard County visit http://www.brevardcounty.us . 321-633-2056
news,6:17 AM - 10 Feb 2011,ChopperNews,http://www.flight.org,4602,20,Global,,Helicopter news sourced from around the globe. Website: @flightorg. Podcast: @FlightPodcast. Account from the #helicopter fanatics at @BeliefMedia.
journalist,8:45 AM - 14 Jul 2016,hannahdinhd,,1674,745,"Dallas, TX","32.77627,-96.7968499",not all heroes wear capes Multimedia journalist WFAA Channel 8
journalist,11:50 AM - 28 Mar 2009,JeromeTaylor,http://www.afp.com,18706,3707,Bangkok,"13.585915,100.41608339172","Text & photo journalist. SE Asia correspondent in Bangkok for AFP. Previously HK, London & India. Tweets my own: http://SeeDisclaimer.com"
quake,7:59 AM - 5 Dec 2008,timblor,,567,152,Location: Bagdad by the Bay,,"Earthquake Geologist, Oregon Duck, World Traveler. Mostly tweets about earthquake geology and a cat...mostly. Views are my own...blah blah blah.."
journalist,1:12 PM - 15 Jul 2016,RealTrishDish,,2586,521,,,Writer & Speaker of Truth; Fighter of MSM #FakeNews; Founder of @USNewsCorps1
journalist,8:07 PM - 25 Dec 2011,SuDharmapala,http://www.sudharmapala.com,2312,1540,Melbourne,"-37.8142099,144.96316",Writer. Feminist. Mum.
journalist,8:09 PM - 9 Apr 2009,gfrancofox5news,,3742,431,"atlanta, ga","33.74909,-84.3901799",Reporter at Fox Five News Atlanta #bilingualreporter #breakingnewsreporter
journalist,11:50 AM - 15 Jun 2009,ARobertsWPSD,https://www.facebook.com/amandarobertswpsdlocal6,709,333,"Paducah, KY","37.08338,-88.6000399",WPSD reporter for the 5 & 6pm newscasts. Coffee-loving runner and family girl.
news,8:33 PM - 14 Feb 2009,LaMiradaBlog,http://www.lamiradablog.com,4978,208,"La Mirada, CA. USA","33.90609,-118.0106999","La Mirada's trusted news source/community curator since 2003, monitored & maintained by @AielloTony & the LMB news team. No fake news."
police/traffic,10:56 PM - 11 Mar 2013,SEBLASD,http://www.SEB.lasd.org,8356,503,California,"36.70146,-118.7559899",Special Enforcement Bureau - Los Angeles County Sheriff's Department. Home of the High-Risk Tactical / Rescue Teams of the LASD @LASDHQ #LASD
journalist,9:47 AM - 1 Jul 2009,gitzelpuenteTV,https://www.facebook.com/GitzelPuenteKJRH,1715,2239,"Tulsa, OK","36.15568,-95.9929099","Emmy-nominated reporter. Currently @KJRH2HD Previously @KMIRnews, @nbcsandiego, @arizonaPBS, @Cronkite_ASU alum. Speak Spanish & French! Views are my own."
disaster/accident,3:04 PM - 5 Mar 2014,TaskandPurpose,http://www.taskandpurpose.com,14138,1387,United States,"39.78373,-100.4458799","A news and culture publication covering news, culture, and entertainment for the military and veterans community."
wx,5:21 PM - 21 Aug 2011,KellyDobeckWRDW,http://www.wrdw.com,1145,952,"Augusta, GA","33.47097,-81.9748399","Meteorologist & super nerd @WRDW_WAGT in Augusta, GA. UNCA Alumni and hopeful Cleveland sports fan. Opinions are my own. http://Instagram.com/kellydweather"
wx,1:52 PM - 23 May 2011,NWSKansasCity,http://www.weather.gov/kc,39458,402,"Kansas City/Pleasant Hill, MO","38.81032,-94.2635999","This is the official twitter account for the National Weather Service in Kansas City/Pleasant Hill, MO. Details: http://weather.gov/twitter"
journalist,11:25 AM - 22 Apr 2009,marvisirmed,http://www.marvisirmed.com,218925,1409,"Islamabad, Pakistan","33.69457,73.06437","Special Correspondent Daily Times, Islamabad - Pakistan"
wx,12:32 PM - 16 Jun 2013,GosportINWX,http://www.gosportwx.com,269,311,"Gosport, IN, USA","42.97759,-70.6147699","Gosport, IN's ONLY live weather reported by a personal weather station. Providing WXAlerts, HDSkyCam, and other useful weather information!"
news,5:24 PM - 17 Sep 2009,GlobalSaskatoon,http://globalnews.ca/saskatoon,29213,284,"Saskatoon, SK","52.13037,-106.6605099","Serving Saskatoon and area, Global Saskatoon is your choice for local news."
wx,8:42 AM - 20 Jan 2009,AngWxGrl,http://www.facebook.com/#!/pages/Angela-Hutti/248291486491,9236,1536,"St. Louis, Missouri","38.62727,-90.1978799","@fox2now meteorologist. Love baseball, hockey, theatre, & my dog. Proud @wiualumni. One time Alaskan (@ktva). #STL"
journalist,9:12 AM - 21 Mar 2011,BerghahnAnthro,http://www.berghahnbooks.com/,12332,1350,New York and Oxford,"42.44201,-75.5976799",An independent scholarly publisher with a variety of anthropology books & journals.
news,7:44 AM - 20 Feb 2015,1_NewYorkCity,http://1newyorkcity.net,3576,308,New York City,"40.73059,-73.9865799",1 New York City NYC Search News Reviews
news,5:29 PM - 17 Aug 2010,TheDailyEdge,https://www.facebook.com/thedailyedge,156991,106123,Also on Facebook.,,"Political news, commentary & liberal humor. All tweets hand-crafted."
wx,12:57 PM - 8 Aug 2008,WFTV,http://www.wftv.com,162112,2287,Orlando,"28.54211,-81.3790399","Central Florida's @ABC news affiliate. Coverage you can count on for the latest news, weather, traffic and more. Tweeting us? You may be on air!"
police/traffic,3:35 PM - 28 Jan 2011,TotalTrafficAUS,http://totaltraffic.com/LocalTraffic/Austin/,4711,202,"Austin, TX","30.27112,-97.7436899",Your up to the minute #traffic updates! Stuck in Traffic? Tell us all about it! Tweet us or call the Total Traffic Tipline 684-7389 #Austin #KeepAustinWeird
news,1:11 AM - 24 Feb 2014,News_NH_USA,http://www.newslocker.com/en-us/region/new-hampshire/,768,649,,,Find your latest news about New Hampshire with just one click. Don't miss out on anything happening in your region!
wx,9:24 AM - 2 Mar 2014,Media4God,http://www.media4god.org,48,60,Cambria Illinois,"37.78143,-89.1192399",Ministry Account of Richard N. Piper IV Personal Account @RichardPiperIV Weather/Ham Account @KC0RNP
news,12:14 AM - 26 Mar 2007,passantino,http://www.buzzfeed.com/news,185691,1826,Los Angeles,"34.05439,-118.2439399","Deputy news director @BuzzFeedNews, reporting the @BuzzFeedStorm. Ex @AOL, @FoxNews. Made in California. jonp@buzzfeed dot com"
news,2:58 PM - 7 Aug 2008,GreeleyTribune,http://www.greeleytribune.com,8339,637,"Greeley, CO","40.42331,-104.7091299","Northern Colorado's best resource for news. Follow us on http://www.facebook.com/greeleytribune . For sports coverage, follow us @GTribSports"
news,1:07 AM - 9 Feb 2011,venezuela_star,http://www.venezuelastar.com,67,2,"Caracas, Venezuela","8.63146,-70.2141499","Venezuela Star provides the people of Venezuela with a one-stop online newspaper that features national and international news, plus much more."
news,10:46 PM - 26 Jun 2014,NH_India,https://www.nationalheraldindia.com/,24422,160,"New Delhi, India","28.61389,77.21595","National Herald—a modern avatar of the newspaper founded in 1938 by Jawaharlal Nehru—is a news website with a focus on people, governance and current affairs"
journalist,3:00 AM - 21 Feb 2009,AlbertSamaha,http://www.albertsamaha.com/stories/,4549,871,"Flatbush, Brooklyn","40.65204,-73.9590199","national reporter covering criminal justice, @BuzzFeedNews / albert.samaha@buzzfeed.com / previously: @VillageVoice @SFWeekly @RiverfrontTimes"
fire/emt,3:27 AM - 22 Sep 2009,HantsPolice,http://www.hampshire.police.uk,163267,680,Hampshire & Isle of Wight,"51.08333,-1.1666599","Policing #Hampshire & #IsleofWight. Don't report crime here. Call 101, or 999 in an emergency."
news,6:26 AM - 24 Sep 2012,SocialInTulsa,http://socialintulsa.com/,14615,13788,Tulsa,"36.15568,-95.9929099","News, Musics, Events, Entertainments, Announcements in Tulsa. Join The Fun! (Want to Intern and Learn Social Media from the Best? Contact info@socialin.biz )"
news,3:38 AM - 3 Dec 2014,Reno_News_,http://www.newslocker.com/en-us/region/reno/,433,507,,,Find your latest news about Reno with just one click. Don't miss out on anything happening in your region!
govt,7:00 AM - 5 May 2009,Hephaestus7,http://mikesivier.wordpress.com//?s=samuel+miller&search=Go,10740,11490,Canada,"61.06669,-107.9916999","Samuel Miller, 60, a DS specialist, is accusing the British government of employing draconian austerity measures to murder its sick and disabled citizens."
news,6:30 PM - 10 May 2012,925mlbfan,,319,702,California,"36.70146,-118.7559899",Oakland Athletics. Breaking news. Bay Area Scanner. Memes. #Celiac
news,4:27 AM - 13 Mar 2008,TelegraphNews,http://www.telegraph.co.uk,756691,689,"London, UK","51.50732,-0.1276399",The latest national and international news from the http://telegraph.co.uk  team.
news,4:24 PM - 10 Jul 2014,elcajonnews,,343,517,"El Cajon, CA","32.79477,-116.9625199",The latest news and events from El Cajon.
journalist,10:38 PM - 21 May 2009,fajardonews,http://www.cbsla.com,1961,458,Los Angeles,"34.05439,-118.2439399","Emmy-award winning journalist at KCBS/KCAL, world traveler, mommy, news junkie, foodie, art lover.Send newstips 2 cfajardo@cbs.com RT are not endorsements."
news,2:04 PM - 15 Jul 2014,AlamoCityHoops1,http://www.AlamoCityHoops.com,4227,2665,"San Antonio, Texas","29.4246,-98.4951399","SA's media outlet for Boys/Girls HS Hoops, AAU tourneys, recruiting & more. Watching CenTX/SoTX/WestTX & the State of TX. **A Certified NCAA Scouting Service**"
news,2:18 PM - 19 Feb 2011,KATVNICK,,2824,850,"Benton, ar","36.34561,-94.2670399",KATV News Director
journalist,11:42 AM - 16 Apr 2009,hiltzikm,http://www.michaelhiltzik.com,13595,1504,Los Angeles,"34.05439,-118.2439399",Pulitzer Prize-winning columnist and author. Read my new book Big Science and my blog at http://latimes.com/hiltzik  mhiltzik@latimes.com
news,8:20 PM - 4 Sep 2009,karachiinformer,http://karachiinformer.com,2790,784,Karachi,"24.86677,67.03112",Karachi News - that's what you get from us. From A - Z
journalist,10:51 AM - 11 Jun 2011,Eugene_Scott,http://www.cnn.com/profiles/eugene-scott#about,16234,1887,DC / NYC,,"@CNNPolitics Reporter . Capitol Hill, national politics & identity politics . RTs ≠ endorsements . http://Instagram.com/eugene_scott"
fire/emt,8:26 AM - 4 Aug 2014,VictorvillePD,http://cms.sbcounty.gov/sheriff/PatrolStations/Victorville.aspx,744,96,"Victorville, CA","34.5361,-117.2911499","Official Twitter of the San Bernardino County Sheriff, Victorville Police Department. This site is not monitored 24/7, call 911 in case of an emergency."
news,3:22 AM - 23 Dec 2014,ooyuzautos,http://www.ooyuz.com/newsarticles?term=automotive,3931,2829,,,Automobile news tweets from News Analysis & Monitoring tool @OOYUZ
news,2:10 AM - 21 Feb 2017,aumuslimsnews,https://www.facebook.com/Australian-News-About-Muslims-501326850455/,20,0,,,Australian News About Muslims
news,7:37 AM - 17 Mar 2007,zennie62,http://www.zennie62blog.com/,169455,53806,"Oakland, CA | SD, Vlogger",,#NFLDraft Media Influencer #NFL Oscars #Socialmedia Oakland #SDCC #ComicCon Socialmedia #oakland #oakmtg #tech #Startup #GDC2017 #CES2017 #Vegas #YouTube #Vlog
news,10:26 AM - 16 Nov 2013,MRBLD_,http://Instagram.com/mrbld,20304,151,,,"➜ Daily Supreme & Streetwear News, Info, Leaks, Droplists and other related Tweets. Contact: mrbldswitzerland@gmail.com"
fire/emt,6:59 PM - 3 Apr 2010,AmerHeroesRadio,http://www.americanheroesradio.com,27010,26036,"San Dimas, CA","34.10667,-117.8067199","Broadcasting the stories of Military, Police and Fire service personnel."
news,10:57 PM - 18 Apr 2012,dailybatonrouge,http://tbnn.it/batonrouge,1643,372,"Baton Rouge, LA","30.45074,-91.1545499","Curating the best media feeds in Baton Rouge. Part of the 400-city The Breaking News Network, the largest community news network supporting the social good"
news,10:53 AM - 29 Jan 2012,GistNaija,,3230,1,Nigeria,"9.60003,7.99997",We break the news.
police/traffic,2:49 PM - 18 May 2012,PaDriverWatch,http://padriverwatch.blogspot.com/,881,501,Chester Co. Pa,"39.98293,-75.7652399","Founded: June 2012 part of @PaAlertNetwork. Traffic reports: Montgomery, Bucks, Chester, Delaware Counties... Veteran Owned / Operated"
fire/emt,12:16 AM - 4 Feb 2010,ER24EMS,http://www.er24.co.za,87897,1425,South Africa,"-28.8166199,24.99163","ER24 is an Emergency Medical Service providing efficient, effective emergency response and pre-hospital care. 100% subsidiary of Mediclinic Int plc."
news,10:09 PM - 11 Dec 2008,MarkSimoneNY,http://www.marksimone.com,46740,1663,New York,"40.73059,-73.9865799","MARK SIMONE'S OFFICIAL TWITTER PAGE. Radio/TV: Heard on 710 WOR Radio Monday thru Friday 10am-Noon. Nationally on iHeart Radio. Seen on NY1 TV, PBS, FOX, MSNBC"
journalist,5:50 AM - 25 May 2011,ProfDavidWilson,http://www.professorwilson.co.uk,19063,89,Birmingham,"52.47768,-1.8948499",Professor Emeritus of Criminology Birmingham City University; Chair Friends of Grendon; Vice President New Bridge. Author and TV presenter.
news,12:45 AM - 21 Sep 2014,TrezzyHelm,https://www.trezzyhelm.com,1627,2477,Lagos,"6.45505,3.39417","For Latest Celebrity,Politics,Sports And Fashion News"
news,8:23 AM - 21 Jan 2012,TheDailyPioneer,http://www.dailypioneer.com,11431,86,,,Twitter account of India's leading independent right-thinking newspaper.
wx,8:31 AM - 4 Sep 2013,WX4PDE,http://www.facebook.com/WX4PDE,652,526,"Fork, SC","34.28821,-79.2753199",WRN Ambassador. 146.745- PL 82.5. Covering ILM NWS Coverage Area. Please Retweet Our Tweets as They are Important.
news,7:55 AM - 20 Jul 2009,repnews,http://republican-news.org,8847,3795,Ireland,"52.86519,-7.9794499","The official IRN Twitter account. Uncensored news on the struggle for a just, peaceful, united Ireland. RTs not endorsement. Have a story? Let us know, DMs open"
fire/emt,8:07 AM - 27 Dec 2008,tofireS,http://twitter411.ca,4837,8,"Toronto, Ontario, Canada","43.65292,-79.3848999",Toronto Fire South Command Active Incidents. Not affiliated with Toronto Fire Department or the City of Toronto.
journalist,9:06 AM - 22 Mar 2011,RegaJha,http://buzzfeed.com/regajha,98369,2128,Mumbai,"18.95238,72.83271","Editor, @BuzzFeedIndia. Send hearts and howlers to Rega.Jha@BuzzFeed.com"
news,1:46 AM - 4 Aug 2010,DailyESSEX,http://facebook.com/essexpage,22311,3936,"Essex, UK","51.796705,0.579334404388714","The ORIGINAL (& still the best) #Essex news account on Twitter. Follow for all of the latest News, Sport & Events right here and now. This is a TOWIE-free zone"
govt,4:40 AM - 25 Aug 2014,Manekagandhibjp,,206891,205,"New Delhi, India","28.61389,77.21595","Union Minister for Women and Child Development, Govt. of India. Retweets are not endorsement. Follow me on Facebook: http://www.facebook.com/ManekaGandhiOfficial …"
wx,1:45 AM - 22 Nov 2010,BBCWiltshire,http://www.bbc.co.uk/wiltshire,47358,912,Wiltshire,"51.25,-1.9166599","News, sport, travel and weather across the county. Tune in 103-105 FM"
police/traffic,7:00 AM - 29 Sep 2009,PoliceServiceNI,http://www.psni.police.uk,145188,274,Northern Ireland,"54.656875,-6.56342025520468",Official PSNI account. You cannot report crime via Twitter. This account is not monitored 24/7. PSNI are not responsible for comments made by the public #PSNI
news,1:15 PM - 22 Apr 2013,NorthBayToday,http://baytoday.ca/,2868,515,"North Bay, Ontario","46.32001,-79.4579399",Your first stop for news and information in North Bay
news,10:16 PM - 5 Mar 2010,greeknewsfirst,,1765,12,"Sparti, Greece","37.07643,22.4293339188301","News from Greece, first."
news,5:54 AM - 7 Mar 2012,IrishSunOnline,http://www.thesun.ie,10627,290,"Dublin, Ireland","53.34976,-6.2602699","Exclusives, news, sport, entertainment and fantastic competitions! Like us on Facebook too: https://www.facebook.com/theirishsun/"
journalist,7:56 AM - 4 Aug 2014,MichelEuesden,http://www.euroweeklynews.com,1273,2290,Spain,"40.0028,-4.0030999",Managing Director of Euro Weekly News Media Group - Publisher of Spain´s leading English language newspaper
news,6:20 AM - 27 May 2011,BBCWalesNews,http://bbc.co.uk/walesnews,66410,262,Wales,"52.29281,-3.7389299","Breaking news, features & analysis from the @BBCWales newsroom. Instagram: http://bbc.in/inwales  . Politics: @WalesPolitics . Sport: @BBCWalesSport"
journalist,5:17 AM - 3 Feb 2015,OxMailHannahS,http://www.oxfordmail.co.uk,829,503,Oxford,"51.75201,-1.2578399","Reporter for the Oxford Mail and Oxford Times, covering Blackbird Leys and Greater Leys. Got a story? Call 01865 425271 or email hsomerville@nqo.com"
journalist,12:58 PM - 22 Dec 2011,MemphoNewsLady,,15942,12481,Memphis,"35.14902,-90.0516199",A 2nd gen TV journo delivering news to the Mid-South for more than 20 years. Proud to call the 901 home!
news,5:24 PM - 14 Mar 2012,QudsNen,http://www.facebook.com/QudsN.EN,8673,3,Palestine,"31.64974,35.16207",A Palestinian youth initiative aiming at providing the full picture of occupied #Palestine objectively through social media.
news,12:18 PM - 4 Jun 2008,NBC29,http://www.nbc29.com,59196,4567,"Charlottesville, Va","38.0293,-78.4766699",Breaking news and top stories from the NBC29 Newsroom throughout the day.
news,4:50 AM - 10 Oct 2013,DailyGleaner,http://telegraphjournal.com/daily-gleaner,10727,2301,"Fredericton, NB","45.96464,-66.6437499",The #1 news source in Greater Fredericton for over 100 years.
news,9:34 AM - 4 Apr 2009,JoshHawkins41,http://www.wdrb.com/,1561,658,Louisville,"38.25423,-85.7593999",TV promotions for @wdrbnews & @wbkicw. Radio board op for @espn680 & @939theville.
police/traffic,7:46 AM - 20 Jul 2008,Manzoor,http://www.dawn.com/authors/4534/manzoor-ali,1397,180,Peshawar,"34.01238,71.57874","Staff reporter at @dawn_com. Previously @etribune. Governance, economy & police."
quake,6:41 PM - 10 Mar 2012,epicenterx,,703,10,,,Real-time earthquake events
journalist,6:38 AM - 17 May 2013,JamieLBullen,http://www.mirror.co.uk/,1336,1392,"London, England","51.50732,-0.1276399",Mirror Online Reporter. If you've got a story email jamie.bullen@trinitymirror.com
news,11:11 AM - 9 Mar 2011,NTANewsNow,http://www.nta.ng,438333,58,"Abuja, Nigeria","9.06433,7.48929",Official Twitter Account of the Nigerian Television Authority (NTA) - Africa's Largest TV Network.
police/traffic,6:52 AM - 13 Feb 2016,GlosPolFed,http://glospolfed.org.uk/,655,817,Gloucestershire,"51.83333,-2.1666599","News and views from Gloucestershire Police Federation, representing the rank & file. Retweets are not endorsements. Account not monitored 24/7."
govt,11:38 AM - 29 Jul 2008,TravelGov,http://travel.state.gov,554083,510,"Washington, DC, USA","38.89495,-77.0366399",Official Twitter for U.S. Department of State Bureau of Consular Affairs.
wx,6:58 PM - 23 Jan 2011,LocalToronto,http://localto.ca,4745,3818,Toronto,"43.65292,-79.3848999","Toronto's source for local news, weather, sports and business, instantly updated from all Canadian news sources. http://www.facebook.com/localto.ca"
police/traffic,1:04 AM - 9 Sep 2014,Lahorepoliceops,,7063,165,,,
journalist,12:31 AM - 8 Jan 2011,SpheDludla,,2514,1855,Johannesburg,"-26.2049999,28.04972",Journalist
journalist,5:39 AM - 29 Sep 2010,MhmtSlmz,http://www.dailysabah.com,26062,1185,Brussels - Istanbul,"50.83159,4.35604",Brussels Correspondent for @DailySabah @Sabah @tvahaber
news,10:51 AM - 21 Oct 2013,DeepDotWeb,http://www.deepdotweb.com,7446,109,USA,"39.78373,-100.4458799",Surfacing the News of the Deep Web Jabber: deepdotweb@jabbim.com
journalist,10:10 AM - 20 Aug 2009,dremmelqueen,,11547,11322,"rural zionsville, indiana",,"Writer, gram, 2 goldens, 1 Havi, ret teacher, Dem, Pro-civil/human/animal rights, Anti-corps/GMO/fossil fuels/guns/$inPolitics. #StillStrongerTogether #Resist"
journalist,12:00 AM - 12 Mar 2012,Adil_Lateef,,1420,180,Indian administered Kashmir.,,"Journalist. News and sometimes views, too. Can be reached here: adil.lateef0077@gmail.com"
fire/emt,8:20 AM - 17 Nov 2010,BramptonFireES,http://www.facebook.com/Bramptonfire,9715,155,Brampton Ontario,"43.71457,-79.7523799","The official twitter feed of the Brampton Fire department. This account is not monitored, if you have an emergency dial 911."
journalist,3:39 PM - 6 May 2014,AMShahidLatif,https://www.facebook.com/ShahidLatifOfficial/,26294,23,"Rawalpindi, Pakistan","33.59914,73.0641",Official Twitter Account of Air Marshall Shahid Latif (Retd). Maintained by Official Social Media Team | Security and Defense Analyst on TV | Views are personal
news,11:33 AM - 9 Dec 2015,ReaganBattalion,http://www.TheReaganBattalion.com,38711,1328,,,"Your source for news, information and commentary from a conservative perspective."
news,4:08 AM - 21 May 2012,RayIeigh,https://twitter.com/RayIeigh,5119,1161,"Rayleigh, UK","51.59414,0.609085748407643","All of the latest news, sport, and local updates from the town of #Rayleigh in #Essex"
journalist,7:37 AM - 10 Feb 2010,speechboy71,,47730,2264,Brooklyn NY,"40.6501,-73.9495799","Columnist, Boston Globe. Author: American Maelstrom: http://www.amazon.com/American-Maelstrom-Election-Politics-Division/dp/019977756X …"
fire/emt,6:49 PM - 13 Apr 2009,APDInfo,http://www.muni.org/police,24445,89,"Anchorage, Alaska","61.21631,-149.8948499",Welcome to the Anchorage Police Department's Twitter. This feed is not meant for reporting crime. Please call 911 for an emergency or 786-8900 for non-emergency
news,9:04 AM - 11 Dec 2013,AlmanarEnglish,http://www.almanar.com.lb,4590,5004,"Beirut, Lebanon","33.89592,35.47843","It is a News Website which also displays the programs of Al-Manar TV, the channel of the Lebanese resistance to the Israeli occupation."
news,8:41 PM - 24 Dec 2010,AccessNorthGa,http://www.accessnorthga.com,9053,222,North Georgia,"41.723855,44.7898129868421","This site provides links to http://accessnorthga.com  articles, but does not reflect the opinions of the Jacobs Media Corporation."
journalist,1:15 AM - 29 Jun 2011,Khadimhussain4,http://hussainkhadim79.blogspot.com,16283,1674,Islamabad/Peshawar Pakistan,"33.79396,72.65854","Author of 'The Militant Discourse', 'Re-thinking Education:Critical Discourse'& Urdu novel 'Pagdandi'"
wx,5:20 PM - 6 Jun 2008,MichaelHaynes,,2123,2551,"Jackson, MS","32.410435,-90.1620574","Storm Chaser & Meteorologist, WLBT (NBC)"
news,7:47 AM - 3 Mar 2010,NewsAlerting,,2049,402,Nigeria/Kano,"11.99186,8.53036",Broadcasting Of Naija News
news,10:48 AM - 29 Aug 2008,macleans,http://www.macleans.ca,417385,2988,Canada,"61.06669,-107.9916999",Canada's national current affairs and news magazine since 1905. Follow our journalists: https://twitter.com/Macleans/lists/maclean-s-journalists/members …
wx,11:39 AM - 1 Apr 2015,carl_arredondo,http://www.wwltv.com/story/about-us/team-bios/2014/09/04/arredondo-wwl-wwltv-meteorologist/15095675/,3409,535,"New Orleans, LA","29.94993,-90.0701099","@WWLTV Chief Meteorologist. Bachelor's Degree in Meteorology from the University of St. Thomas in Houston, TX. Father of one, loves movies, & Crossfit."
news,6:17 PM - 30 Sep 2008,WCSH6,http://www.wcsh6.com,97991,3678,"Portland, ME","43.66102,-70.2548499","Headlines and breaking news from NBC affiliate WCSH in Portland, Maine. Start your tweet with @WCSH6 to say hi! #NEWSCENTERmaine"
wx,6:53 PM - 1 Aug 2009,IndianapolisCP,http://toplocalnow.com/us/indianapolis,1989,3,"Indianapolis, IN","39.76833,-86.1583499",Breaking news and weather updates from Indianapolis.
news,10:48 AM - 19 Sep 2016,english_post,http://theenglishpost.com,41,97,India,"22.35111,78.66774",The English Post is an independent news portal covering news from varied fields to serve you the best
journalist,6:39 AM - 1 May 2013,McgrawCory,,3107,863,"Halifax, NS","44.64842,-63.5749699",Videographer/Editor @globalhalifax cory.mcgraw@globalnews.ca -- http://globalnews.ca/halifax
news,12:36 PM - 23 May 2012,CoIchester,https://twitter.com/coIchester,5998,1675,"Colchester, Essex, UK","51.89313,0.90462","Latest up-to-date news, sport, and business from #Colchester in #Essex, UK - For the proud Colcestrians on Twitter"
news,4:39 PM - 16 Jun 2013,MadaMasr,http://www.madamasr.com,57142,76,Egypt,"26.25404,29.26754","صحافة مستقلة وحرة. تغطية إخبارية عميقة من داخل مصر. نصل بك إلى أبعد مدى Independent, free and critical news coverage of Egypt. The full scope."
journalist,4:20 PM - 7 Sep 2011,OmarJimenezWBAL,http://wbaltv.com,2492,985,"Baltimore, MD","39.29086,-76.6107999",Reporter at @WBALTV11. ATL native. @MedillSchool Mafia. Links & RTs aren't endorsements. Opinions are my own. Atlanta blew a 28-3 lead. Instagram: OmarWBAL
journalist,1:19 PM - 22 Nov 2009,MichaelRosenYes,http://www.michaelrosen.co.uk,97615,1131,"London, UK","51.50732,-0.1276399","Writer,poet,performer,broadcaster and Professor of Children's Literature at Goldsmiths,University of http://London.Next  book:Uncle Gobb and the Green Heads"
news,10:13 PM - 6 Jun 2009,ergoinfo,,1856,112,"New York City, NY USA","40.73059,-73.9865799","Business news, research, and commentary. #marketdata #ag #bonds #energy #etf #forex #gold #oil #reit. Please review our Lists for newsfeed options."
news,10:37 AM - 8 Mar 2010,itvmeridian,http://www.itv.com/news/meridian,45415,1411,ITV Meridian,"50.87624,-1.2469199","Award-winning news on ITV 6pm email: itvnewsmeridian@itv.com or call 08448812000. For the Thames Valley, South & South-East with Fred Dinenage & Sangeeta Bhabra"
wx,3:36 PM - 25 Feb 2009,BarbieBassettTV,http://www.barbiebassett.com,15987,237,"Jackson, MS","32.410435,-90.1620574","Official Twitter for Barbie Bassett, Meteorologist WLBT Jackson, MS, Million Dollar Momprenuer, homeschool mom of 3, speaker, author, natl. radio meteorologist."
wx,12:35 PM - 10 Oct 2012,acranfordwwl,http://wwltv.com/weather,3812,208,"New Orleans, Louisiana","29.94993,-90.0701099","Meteorologist @WWLTV in New Orleans. Master's degree in meteorology from MS State. Also a book lover, dessert enthusiast & almost cat lady."
wx,12:26 PM - 25 Feb 2016,now_springs,http://toplocalnow.com/us/colorado-springs,215,5,"Colorado Springs, CO","38.83395,-104.8253399",Breaking news and weather updates from Colorado Springs.
wx,7:21 PM - 7 Jan 2016,SevereWeatherMS,https://severeweatherms.wixsite.com/severeweatherms,855,132,"Mississippi, USA","32.97156,-89.7348399","Severe weather updates for the state of Mississippi. While we focus on tornado events, we cover every form of extreme weather; from hurricanes to winter storms."
news,1:23 PM - 29 Jul 2008,creepingsharia,http://creepingsharia.wordpress.com,67868,42765,,,"Documenting news on the threat of Islamic sharia law and jihad to freedoms in the U.S., and beyond."
journalist,9:23 AM - 3 Feb 2009,jihadwatchRS,http://www.jihadwatch.org/,72553,104,,,"Director of Jihad Watch, bestselling author of 16 books, including The Politically Incorrect Guide to Islam (and the Crusades) and The Truth About Muhammad."
journalist,12:48 PM - 3 May 2011,RectorSun,http://www.baltimoresun.com,13438,2484,"Baltimore, MD","39.29086,-76.6107999","City cops and crime reporter @baltimoresun. Help me tell a story that needs telling. Tips to krector@baltsun.com, DM or snail mail."
disaster/accident,5:03 PM - 25 Jul 2009,JensWeinreich,https://www.jensweinreich.de/vita,14283,2668,Berlin,"52.51703,13.38885","Investigations: olympic crime & politics, IOC, FIFA & other RICOs, mega-events, corruption, doping. Recherche finanzieren: https://www.jensweinreich.de/shop"
news,7:56 AM - 13 Jan 2015,IndyUSA,http://Independent.co.uk/us,39359,166,"New York, NY","40.73059,-73.9865799","News, comment, and features from The @Independent's US team."
disaster/accident,10:38 AM - 8 Apr 2009,Hatewatch,https://www.splcenter.org/hatewatch,50868,995,"Montgomery, AL","32.36696,-86.3006399",Exposing hate groups and other extremists throughout the United States since 1981. Managed by the staff of the Intelligence Project @splcenter
journalist,11:52 PM - 2 Mar 2012,brighterkashmir,http://www.brighterkashmir.com,972,99,Kashmir,"35.24449,58.46424","Farooq Wani,voracious reader, Editor Daily Brighter Kashmir"
journalist,3:33 PM - 12 Mar 2007,tomwatson,http://causewired.com,17896,1804,New York,"40.73059,-73.9865799","CauseWired founder | Chronicle of Philanthropy columnist | Columbia lecturer | Journalist, author, consultant, Mets fan, guitar player, liberal. #Resist"
news,9:54 AM - 9 Aug 2012,UncensoredRprt,http://www.TheUncensoredReport.com,913,346,"Sarasota, FL","27.33643,-82.5306499","Covering local (Sarasota County), National, and International news via major media and issues major media avoids."
journalist,2:48 AM - 8 Feb 2010,NicholasPegg,,16708,1059,The Villa of Ormen,,"Actor, writer, director, shipping forecaster. Author of 'The Complete David Bowie'. Probably the only Equity member to have played Hamlet, a Dalek and an otter."
news,1:28 PM - 12 Mar 2015,LosAngelesBests,,299,47,"Los Angeles, CA","34.05439,-118.2439399",Delivering the News of THE City!
journalist,7:52 PM - 15 Sep 2010,RobbieGramer,http://www.foreignpolicy.com,6850,2335,"DC via Oregon, Idaho",,"Staff Writer @ForeignPolicy | Retweets not endorsements, etc. etc. | send tips to robbie.gramer[at]http://foreignpolicy.com"
news,11:19 PM - 25 Oct 2009,DoingItLocalcom,,9254,768,Connecticut,"41.65002,-72.7342099","From the Hood to the Burbs, Breaking News While It Is Still Breaking!"
journalist,5:43 PM - 15 Feb 2013,anawalINQ,https://www.facebook.com/allannawal0831,134,108,,,"writer, editor, musician, human rights advocate"
news,4:00 PM - 19 Apr 2014,lindawill_iam,,22926,25668,"Wisconsin, USA","44.43089,-89.6884599",Incurable thinker. Friendly music geek. Typical social media enthusiast. Explorer. Devoted pop culture lover. Extreme twitter advocate. Evil organizer.
journalist,1:16 PM - 10 Jun 2015,KimRingTG,,1057,821,,,Reporter. Telling you stories since 1986.
police/traffic,4:17 PM - 1 Feb 2017,GordyMorris,,1811,1454,"Cheshire, England","51.51743,-0.1295499","Police Officer who loves fast cars, food & wine & real ale. All views are mine & not of any organisation #CheshireCrimeCar #Interceptor #Team999"
news,11:03 AM - 15 Nov 2015,APWestRegion,http://www.ap.org,7647,314,,,"News by @AP's journalists in the Western U.S., including 13 states from the Rockies to Hawaii. Photo: Rainbow near Seattle's downtown/Elaine Thompson."
news,2:30 PM - 7 May 2013,Syriasonline,https://www.facebook.com/Syriaonline.sy,4031,890,,,Syrian News in English
fire/emt,7:43 AM - 23 May 2013,CMPG,http://www.west-midlands.police.uk/cmpg/,26939,931,Central Motorway Police Group,"52.534455,-1.90217724375",Central Motorway Police Group covers @WMPolice @StaffsPolice @WMerciaPolice areas. DO NOT text or tweet when driving. Report crime via 101 or 999 in emergency.
wx,9:35 AM - 28 Apr 2010,ctvregina,http://www.regina.ctvnews.ca,29986,209,"Regina, SK","50.44809,-104.6158099",Breaking news headlines & weather updates from southern Saskatchewan's most comprehensive local news and information source on-air and online.
