news,7:56 AM - 17 Apr 2011,AllRealNews,https://fictionews.com,231,225,Worldwide,,#BreakingNews The top news stories from around the world designed for quick easy reading and fast page loading with limited ads and NO POPUPS EVER!
fire/emt,9:44 AM - 22 Jul 2010,CALFIRERRU,http://www.rvcfire.org,18931,365,Riverside County California,"33.72199,-116.0372399",Official Incident and Safety Message Site for CAL FIRE and Riverside County Fire Department.
news,10:50 AM - 20 Jun 2015,nascar_news1,,2122,1869,,,Daily News and Updates on NASCAR curated via OOYUZ a News search and analysis Application.#NASCAR #racing #carracing
news,7:45 AM - 14 Oct 2008,willdrusk,http://AccuWeather.com,375,659,"Park Forest Village, PA","40.80431,-77.9118399","My PERSONAL tweets. A programmer at @AccuWeather. Webmaster, Social Media, PSU sports fan (softball, w soccer, m ice hockey,...)"
wx,12:10 AM - 29 Oct 2008,JuanitaNg,http://www.JuanitaNg.com,3991,545,"Vancouver, B.C.",,"Social media editor @VancouverSun, mom, fair weather runner, ebook hoarder. I'm probably planning my next trip right now."
fire/emt,9:13 PM - 2 May 2011,TasmaniaPolice,http://www.police.tas.gov.au,10119,22,Tasmania,"-42.0350599,146.63668","Official Twitter account for Tasmania Police. Do not report crime here, call 131 444 for non-emergencies or 000 for life threatening emergencies."
news,12:36 PM - 7 Sep 2008,PhillyLunaC,,416,65,Philly,"36.0684,-80.0088499","Gossip, Technology, & Philly News! All Philly Everything!"
fire/emt,9:38 AM - 3 Dec 2012,FresnoFire,https://www.instagram.com/fresnofiredepartment/,4452,149,"911 H. St. Fresno, Ca. 93721","36.74425,-119.8056399","Est. in 1877, FFD is one of the oldest fire departments in the U.S. We provide service to over 520,000 residents and cover 336 square miles."
journalist,9:45 PM - 6 Sep 2010,Robert4787,http://amazon.com/Penumbra-Database-Pearson-spymaster-Caribbean-ebook/dp/B06X1BQ65K/ref=sr_1_1?ie=UTF8&qid=,21611,20492,,,Adjunct Professor. Member Association Of Former Intelligence Officers (AFIO). Author of Corey Pearson-CIA Spymaster in the Caribbean/Florida Keys spy series:
journalist,3:22 PM - 27 Aug 2012,KeithHBurgess,http://woodsrunnersdiary.blogspot.com.au/,109,93,Armidale NSW Australia.,"-30.5133599,151.6666","Husband,Father,Grandfather,Uncle,writer,book author,Blog author,forum manager,18th century Living Historian,woodsman,primitive skills instructor,land owner."
news,9:33 PM - 16 May 2014,LastWave2014,https://www.facebook.com/TheAngryAmericans,5507,4198,USA,"39.78373,-100.4458799",If you arent questioning the Mainstream Media.. then you haven't been paying attention #Propaganda #Lies #Deceit #NWO Investigate the media #FollowTheMoney
journalist,7:50 AM - 12 Dec 2011,RobertBurnsTV,http://www.fox5sandiego.com,614,141,"San Diego, CA","32.71742,-117.1627699",Emmy nominated reporter Host of 'The Burns Report' on @Mighty1090 Graduated from @LynnUniversity
journalist,8:26 AM - 25 Mar 2013,Ibne_Sena,,6272,379,Sara Jahan Hamara,,"Writer, Traveller, Blogger. Proud Indian, Proud Kashmiri, Proud Muslim, Proud Humanist & Liberal - Never been member of any political party."
news,6:00 PM - 18 Jun 2015,Anarchyball,http://facebook.com/anarchyball,12479,10671,,,#Anarchyball http://Anarchyball.com  #SelfOwnership and #Anarchy. Instagram: @RealAnarchyball YouTube: https://www.youtube.com/channel/UCsY89OX0Kv6FQR77t56wqPA …
disaster/accident,7:42 AM - 5 Aug 2016,ChristianCowart,http://Instagram.com/ceezus_5,7459,7745,"Dallas, TX","32.77627,-96.7968499","Law Grad from Baylor Law School with Interests in Civil Liberties, Criminal Procedure, and Cybersecurity. Baylor Law Review. #ACLU Member. #BetoForTexas."
news,8:15 AM - 8 Nov 2013,LiveNews24x7,http://www.facebook.com/LiveNewz24X7,1947,28,India,"22.35111,78.66774",Bringing you live news update across news channels. Stay tuned.
news,7:49 AM - 22 Jan 2012,LivePulwama,,2921,326,Kashmir,"35.24449,58.46424",Live Coverage' And 24x7 Updates From Pulwama J&K
news,4:43 PM - 28 Jun 2011,Yahoo7,http://au.yahoo.com,10819,1279,Australia,"-24.7760999,134.755",#Yahoo7 is your site for the latest news & videos worth sharing.
police/traffic,10:09 PM - 16 Apr 2017,M25livetraffic,https://www.livemotorway.co.uk,61,0,"England, United Kingdom","52.795475,-0.540240094230767",Live traffic information for England's M25 motorway. Updated every 5 minutes.
news,2:10 AM - 13 May 2014,apnnewsindia,http://www.apnlive.com,9093,74,"A-009, SEC-68 , NOIDA",,"APN NEWS: खबर है तो दिखेगी… Follow us for breaking news from political, sports, business and entertainment arena. http://facebook.com/apnnewsindia"
news,12:34 AM - 26 Feb 2012,LailasBlog,http://www.lailasblog.com,11257,147,Nigeria,"9.60003,7.99997","http://LailasBlog.com  is known for Breaking the Most Controversial Celebrity, Entertaining News, Videos & Photos from Nigeria! CEO- @LailaIjeoma; Follow us"
fire/emt,10:17 AM - 7 Nov 2013,MasonCoSheriff,,4982,102,,,"The Official Mason County Sheriff's Office, Washington State, Twitter Page - NOT MONITORED 24 HOURS A DAY - Call 911 For Emergencies"
journalist,2:06 PM - 22 Jan 2017,atradpol,https://youtu.be/gj7J_8ZfyzE,1279,2343,,,Katie. Host of The New Radicals. Co-host of The Dead Red Patriots. Political commentator. News Reporter for@ Headlines Mag. Contributer for HNN
news,6:49 AM - 2 Apr 2015,Tuko_co_ke,https://www.tuko.co.ke/,45779,1179,"Nairobi, Kenya","-1.2832499,36.81724","We exist to deliver accurate, up-to-date, dependable news to millions of Kenyans in and outside of Kenya. Contacts: (+254) 715 738 048 Email: news@tuko.co.ke"
journalist,7:45 AM - 24 May 2008,AkiAnastasiou,http://www.702.co.za/presenters/20/aki-anastasiou,178557,932,"Johannesburg, South Africa","-26.2049999,28.04972",@EWNTraffic reporter @Radio702 & presenter of Technobyte. Host @TechBustersSA @CNBCAfrica Technology Speaker & MC #AllThingsTech #Disruption aki@702.co.za
news,11:33 PM - 17 Nov 2014,Taza_NewsPk,https://twitter.com/STD_Alerts,1259,4,,,Best News Service
journalist,2:03 AM - 2 Apr 2009,jessicadorsey,http://nl.linkedin.com/in/jessicadorsey,1224,1156,"Utrecht, The Netherlands","52.080945,5.1276779","Program Officer @PAXforpeace; Coordinator, European Forum on Armed Drones; Assoc. Fellow @ICCT_TheHague; Asst. Editor @OpinioJuris; CT, IHL, IHRL, @TRWNetwork"
news,7:56 AM - 7 Aug 2008,USATODAYmoney,http://www.usatoday.com/money,447651,1456,USA TODAY,"43.02695,-70.8927199","Latest news about financial markets, the economy, business, corporations, and personal finance, from USA TODAY."
journalist,7:33 AM - 10 Feb 2009,samthomson_,,1111,2145,"Newcastle Upon Tyne, England","54.97709,-1.6141999","West Country boy turned newsreader & Senior Broadcast Journalist for Capital, Heart & Smooth in the North East"
journalist,3:12 PM - 30 May 2013,PenofUmar,http://Patreon.com/UmarLee,8929,1601,St Louis,"38.62727,-90.1978799","The STL Stranger, the Prince of Provel, Writer, Podcaster, Father, Combat Sports, driver, soda and donut connoisseur. Probably at QT. #STLCards"
news,5:48 AM - 6 Mar 2016,RusNewspapers,http://the-newspapers.com,434,559,,,"Gathering and spreading news from various #Russian #Newspapers #news, #runews, #rusnews"
journalist,11:28 AM - 3 May 2015,RazdanNidhi,http://ndtv.com,26523,646,"New Delhi, Delhi","28.61389,77.21595","Journalist, Executive Editor at NDTV. Reports on foreign affairs, anchor of 'Left, Right and Centre', Mon to Thurs 8pm, 9 o clock news on Sun.Tweets personal"
news,6:33 PM - 31 May 2009,KontanNews,https://www.kontan.co.id,275618,413,"Jakarta, Indonesia","-6.1753899,106.82718","Media ekonomi Kompas Gramedia Group. Berita, data, dan panduan praktis. WA 085 95 91 000 95 | Email: promo@kontan.co.id - http://www.kontan.co.id"
news,4:50 PM - 27 Mar 2007,SBS,http://sbs.com.au,194505,6773,Australia,"-24.7760999,134.755","The best of SBS entertainment, sport, drama, news, documentaries & more. Celebrating the world's diverse stories."
journalist,4:36 AM - 27 Jul 2014,palestininianpr,,14054,14182,UK/US,"54.70235,-3.2765699",Freelance journalist/researcher. Antidote to Israeli propaganda. Passionate about politics. Addicted to TRUTH!. BSc. M.A. PhD. University of London
news,10:53 AM - 20 Jan 2017,trend_live,http://bit.ly/2jIjJ9q,40,24,"Los Angeles, CA","34.05439,-118.2439399",Youtube Channel's Trending News & Topics around the world.
news,1:15 AM - 9 Jun 2016,dw_politics,http://dw.com,4101,470,"Berlin, Deutschland","52.51703,13.38885","Official account of Deutsche Welle's political team based in Berlin. Political news, campaign stories and German politics | Instagram: @dw_politics"
disaster/accident,3:36 AM - 4 Aug 2015,CdaSolicitors,,60,81,Lincolnshire,"53.16666,-0.2499999",Specialist criminal law solicitors in Lincolnshire 01205 364777 #YourBestDefence
news,7:53 PM - 31 Jul 2008,dailyxtra,http://www.dailyxtra.com,15703,1109,Canada,"61.06669,-107.9916999",Xtra | Canada’s queer news source
journalist,4:05 PM - 22 Apr 2010,Newton_Samson,http://www.newtonsamson.wordpress.com,3072,2303,"Lagos, Nigeria","6.45505,3.39417","Lawyer, Property Consultant, Farmer, Poet, Author, Teacher, Gentleman and an Avid reader. rare package. handle with care"
police/traffic,5:54 AM - 6 Oct 2014,hydcitypolice,http://www.hyderabadpolice.gov.in/Default.htm,29152,164,Hyderabad,"17.36162,78.47473",The Hyderabad Police is here for you 24/7. We’re committed to making it quicker and easier for you to get the service you need from us.
govt,7:36 AM - 21 Sep 2012,UNIraq,http://www.uniraq.org,32413,481,Iraq,"33.09557,44.17497","United Nations Assistance Mission for Iraq, advising & supporting Govt of Iraq since 2003 on elections, human rights + more. RT & follow don't mean endorsement."
news,8:06 AM - 27 Jan 2014,IntheNow_tweet,http://inthenow.media/,52827,137,,,News served hot with a side of smile. Straight up and right now. Add inthenow_snaps for more!
news,6:39 PM - 19 Feb 2015,tubenewsen,http://www.tubenews.net/,849,0,,,Breaking World Video News. FB ⇒ https://fb.com/tubenews.net
fire/emt,2:00 AM - 21 Jan 2012,eu_echo,http://ec.europa.eu/echo,49308,3937,Brussels and Worldwide,"50.845795,4.355850625","We are the EU civil protection and humanitarian aid operations. Our mission is to help save lives in crises, emergencies and disasters."
news,4:46 AM - 24 Feb 2014,OklahomaUS_nws,http://www.newslocker.com/en-us/region/oklahoma/,1396,1296,,,Find your latest news about Oklahoma with just one click. Don't miss out on anything happening in your region!
news,8:57 PM - 14 Nov 2011,tempo_english,,63852,84,"Jakarta, Indonesia","-6.1753899,106.82718",Your Main Source For The Hottest News & Informations | http://en.tempo.co/  | https://www.facebook.com/tempoenglish
news,8:25 AM - 21 Jul 2011,Essex_Echo,http://www.echo-news.co.uk,23348,1030,South Essex,"42.62926,-70.7689299","The official twitter page for the Echo, the daily paper covering south Essex. News from Southend, Basildon and Castle Point."
journalist,1:39 AM - 7 Jun 2010,3z0ooz,https://en.m.wikipedia.org/wiki/Abdalaziz_Alhamza,6143,342,"Berlin , Germany .","52.51703,13.38885","Syrian journalist&human rights defender from #Raqqa,the founder&spokesperson of @raqqa_sl ,character of @cityofghosts alz3emtop@gmail.com http://fb.com/3z0ooz"
police/traffic,2:38 PM - 22 Apr 2009,Katie_Jeffries,http://www.firstcoastnews.com,5959,510,"Jacksonville, FL","30.33218,-81.6556499","I anchor traffic & news then write, shoot & edit stories for @FCN2go... and that is all before noon. #KatiesCommuters"
journalist,9:47 AM - 12 Jan 2011,JBellamyTV,https://www.facebook.com/JenniferBellamy11Alive,4277,989,"Atlanta, GA","33.74909,-84.3901799","@11AliveNews Reporter, Georgia Bulldog, Falcons Fan, DST, Singer of Songs Instagram: JBellamyTV jbellamy@11alive.com"
disaster/accident,5:19 AM - 24 Oct 2011,TheSyndicateHQ,,250,195,,,"The Syndicate: an alliance of UK crime reporters, writers & editors"
wx,12:59 PM - 19 Jan 2009,NBCConnecticut,http://www.nbcconnecticut.com,234842,775,Connecticut,"41.65002,-72.7342099","Thank you for stopping by @NBCConnecticut -- the place to go for exclusive local stories, the latest breaking news, weather updates and more."
fire/emt,4:13 AM - 13 May 2010,NorthYorksFire,http://www.northyorksfire.gov.uk,17303,372,"North Yorkshire, UK","54.090685,-1.53422232695036",The official Twitter page for North Yorkshire Fire and Rescue Service. Always dial 999 in an emergency.
journalist,5:28 AM - 19 Nov 2010,anealla,http://aneallasafdar.org,3291,1320,"Doha, Qatar","25.30149,51.4996620296742",Deputy online editor at Al Jazeera + founding editor of @miniaturestory
journalist,3:19 PM - 11 Aug 2014,PubNBlogLl,http://www.socialmarketingsolutionsllc.net,18116,13498,"Fort Collins, CO","40.55085,-105.0667999",Do you need help with content creation? Our team of writers will help you create a compelling brand story for your business. See our website to hire a #writer.
journalist,8:05 AM - 9 Feb 2011,pollyn1,http://www.womensaid.org.uk,9064,1579,London,"51.50732,-0.1276399","Chief Exec of @womensaid. Tweets are all my own views. Proud mother of fantastic girls, feminist, love cycling, my friends, writing and lots of other things"
news,9:16 AM - 16 Feb 2008,blackvoices,http://www.huffingtonpost.com/black-voices/,343728,20054,"Our News, Our Voices",,"Black news, culture, entertainment and opinion. #AllBlackLivesMatter"
police/traffic,12:26 AM - 14 Sep 2014,DCPNEBCP,http://bcp.gov.in/home.aspx,13008,26,"Bengaluru, India","12.97911,77.59129","Deputy Commissioner of Police - North East Division, Bengaluru City."
news,6:08 AM - 18 Oct 2010,lizTandwa,,1616,358,south africa,"-28.8166199,24.99163","Friend, sister, daughter and aunt to two adorable girls. News junkie to a fault. tweets are my own"
fire/emt,7:15 AM - 1 Oct 2014,DubFireBrigade,,22978,649,Townsend Street DFB HQ,,Award winning Twitter account for Dublin Fire Brigade and Ambulance Service. (01) 673 4000. Not monitored on a 24 hour basis. In emergency dial 999 or 112
police/traffic,1:02 PM - 24 May 2011,MontrealDrive,,3155,44,"Montreal, Quebec, Canada","45.50879,-73.5539799",Montreal rush hour traffic and transit updates live from Daybreak & Homerun - CBC 88.5FM. Tweet or call *3222 http://bit.ly/bT0rv6
news,4:28 AM - 19 Jul 2011,stormontweets,,7826,455,Northern Ireland,"54.656875,-6.56342025520468","Independent feed of the latest political news & tweets from the Northern Ireland Assembly, MLAs, MPs & parties. Use their @username to tweet them directly."
wx,7:40 PM - 23 Apr 2013,LisaTeachman,,5585,1162,,,"Meteorologist//BS in Geosciences, Mississippi State // BA in Communication, Wichita State // Emmy Award Winner // AMS Seal of Approval"
wx,9:52 PM - 12 Aug 2011,BhamUpdates,http://BirminghamUpdates.com,182415,999,"Birmingham, UK","52.47768,-1.8948499","Award-winning News, Travel & Weather Updates. Facebook: http://fb.com/bhamupdates  Email: luke@birminghamupdates.com"
news,8:21 AM - 11 Oct 2014,USAToday24h,https://www.facebook.com/pages/News-United-States/642641552509576,93,4,,,United States News 24h - USA
news,3:06 PM - 1 Aug 2013,Eletiofe,http://www.eletiofe.com,73,94,,,"Eletíọfe: Nigeria's No.1 information Hub. Providing Up-to-Date News As They Unfold and Keeping You Informed of Past, Current and Breaking Events"
wx,8:59 AM - 25 Jan 2010,wxyzalicia,http://www.wxyz.com,20702,14990,Detroit,"42.34866,-83.0567299","Cheerleader of the #backchannel in the AM..aka #earlyrisers ,WXYZ Morning Anchor, doting Aunt, animal lover, java drinker...& happy wife! :)"
news,11:56 PM - 5 Aug 2007,SimonBotes,http://www.simonbotes.co.za,2839,504,"South Africa, Plettenberg Bay","-34.0527699,23.36944","Son, Brother, Husband, beta tester, inventor, entrepreneur, Social Media consultant ""Top 200 Young South African's"" (Mail & Guardian 2011) & an ""Extremist""."
journalist,6:30 PM - 5 Mar 2014,amykauffmanTV,http://www.news9.com,933,927,"Oklahoma City, OK","35.47298,-97.5170499","News 9 Anchor/Reporter. PA raised. @MariettaCollege alumna. Loves yoga, coffee & shopping. Call (405) 843-6641 or email amy.kauffman@News9.net with story ideas!"
journalist,5:20 PM - 7 Jul 2012,jrsalzman,http://www.jrsalzman.com,24515,2427,Wisconsin,"44.43089,-89.6884599","Christian, Iraq War Vet/Amputee/Wounded Warrior, World Champion Lumberjack. Freelance writer. Doesn't respond to anonymous accounts."
news,11:53 AM - 11 Jul 2010,IndianapolisUSA,,1429,313,"Indianapolis, IN","39.76833,-86.1583499",Indianapolis Twitter with the latest #breaking #news & #events in #Indy #Indianapolis #Indiana
fire/emt,7:19 AM - 6 Jun 2013,NewHavenFire,http://newhavenfire.org,5199,2650,"New Haven, Ct","41.30821,-72.9250499","New Haven Fire Twitter!! - if you use our pictures, credit New Haven Fire Twitter.. #nhfd73"
wx,7:59 AM - 23 Oct 2012,BrittanyABC17,https://www.facebook.com/MeteorologistBrittanyBeggs,2269,1375,Mid-Missouri,"39.53796,-92.6455399","Morning Meteorologist for ABC17 News in #MidMO. Master's from Saint Louis University, Bachelor's from Drury University, & CBM from AMS. http://abc17news.com"
journalist,5:00 AM - 28 Apr 2014,WestEndMatt,,857,643,"Toronto, Ontario","43.65292,-79.3848999","MCIP, RPP, Arty-farty. My views are my own."
news,3:10 AM - 11 Feb 2009,ScottishSun,http://www.thescottishsun.co.uk,37153,779,"Glasgow, UK","55.85665,-4.2435799","Get the latest Scottish news, entertainment and sport from your No.1 Scottish Sun. Also on Facebook http://fb.com/thescottishsun"
journalist,8:24 PM - 18 Jun 2012,cgilmoreNews9,,834,1337,,,FL transplant in OKC UF Grad. KWTV News9 Reporter. Everyone has a story let's hear yours. RT not Endorsements 405-669-0629 chris.gilmore@news9.net
journalist,2:12 PM - 9 Dec 2012,AJGuglielmi,http://about.me/anthonyguglielmi,4526,677,"Chicago, IL","41.87555,-87.6244199","Chief Communications Officer @Chicago_Police. Fmr chief spokesman @BaltimorePolice & @US_OSC. Writer, coffee lover. Tweets mine. anthony.guglielmi@gmail.com"
journalist,8:54 AM - 18 Apr 2011,YasmeenTV,https://www.facebook.com/YasmeenHassan,3306,954,"Las Vegas, NV","36.16628,-115.1492199","Anchor, reporter, Egyptian, & #Wildcat yasmeen.hassan@ktnv.com"
news,3:28 AM - 7 Apr 2014,CodeAndCommand,http://www.codeandcommand.com/,19340,21,Dubai,"25.26835,55.29619",CodeAndCommand is responsible for providing latest news and reviews on consumer electronics. Mainly focused on computers / mobile phones / gadgets and gaming.
journalist,2:09 PM - 14 Apr 2012,JusticeIlevbare,http://www.thenationonlineng.net,255,195,Lagos,"6.45505,3.39417","Assistant online editor at the Nation Newspaper. A Public Relations Consultant with eyes for details. God fearing, humane, down-to-earth and easy going anyday"
news,10:52 AM - 18 Nov 2016,_disbasin,http://disbasin.xyz,163,104,TUrkiye,"38.95975,34.92496","Dış basın TUrkiye'yi nasıl görUyor, neler yazıyor? Dış basının TUrkiye ajandası. | Turkey in foreign media. #Turkey #Turkish #Press #World #Europe"
news,4:05 AM - 20 Jan 2011,StateStatus_FL,http://StateStatus.InfiniteSchema.com/fl,84,1,"Florida, USA","27.75676,-81.4639799",#FL news
police/traffic,7:54 AM - 21 Apr 2009,WPXITraffic,http://www.wpxi.com/traffic/index.html,21560,4549,"Pittsburgh, PA","40.44169,-79.9900799",WPXI - Traffic Updates for your Morning Commute from Trisha Pittman ... + random thoughts. ~Following is not an endorsement. Your tweets might be used on air~
news,5:23 AM - 21 Jun 2013,GlobalFloodNews,http://www.globalfloodsystem.com,998,231,Global-NoLocation,,REAL TIME FLOODS MONITORING USING SOCIAL MEDIA AND MAINSTREAM NEWS AT THE GLOBAL SCALE
police/traffic,8:05 AM - 12 Sep 2011,SKYFOXTraffic,http://www.fox5atlanta.com/traffic,8478,1027,"Atlanta, Georgia","33.74909,-84.3901799",Bringing you #ATLtraffic updates from the #SKYFOX Traffic Center on @GoodDayAtlanta and @FOX5Atlanta. Join our @waze group: SKYFOX Traffic! Follow @KatieBFox5
journalist,1:03 AM - 12 Apr 2011,MorganTNN,http://www.tucsonnewsnow.com,2582,2247,"Tucson, AZ","32.22174,-110.9264699","@TucsonNewsNow morning reporter. Animal advocate, #sunrise lover, #burrito connoisseur, #SanDiego born, @SDSU alum, taller in person, hater of hate"
quake,8:12 AM - 2 Dec 2009,USGSBigQuakes,http://earthquake.usgs.gov/earthquakes/ted/,63703,2,"Golden, CO","39.75554,-105.2210899","Official U.S. Geological Survey earthquake alerts. For other official accounts, and to engage with us on other channels see http://usgs.gov/socialmedia"
news,2:27 PM - 25 Nov 2008,bbcmtd,http://www.bbc.co.uk/midlandstoday,277015,1021,"Birmingham, West Midlands","52.47768,-1.8948499","News from the West Midlands on BBC1 with @nickowentv @maryrhodestv @shefali_oza and @beccywoodtv Weekdays: 1330, 1830 & 2225. Also on Sky 959"
police/traffic,12:46 PM - 10 Feb 2011,TotalTrafficJAX,,218,66,"Jacksonville, FL","30.33218,-81.6556499","Hi it's Ruthi and the Total Traffic Team- keeping our eyes and ears on Jax traffic. Hear our reports on 93.3 97-9 FM, 99.1 V101.5, 107.3 and AM 930"
journalist,8:29 AM - 18 Jan 2012,RussDiabo,http://epe.lac-bac.gc.ca/100/201/300/first_nations_strategic_bulletin/index.html,11861,1065,,,"Kahnawake Mohawk, Policy Analyst. Editor & Publisher of the First Nations Strategic Bulletin."
govt,6:17 AM - 18 Apr 2013,TexasGameWarden,http://www.tpwd.texas.gov/warden,14646,1322,"Austin, Texas, USA","30.27112,-97.7436899",Official tweets from Texas Game Wardens of the Law Enforcement Divison of the Texas Parks and Wildlife Department
journalist,11:36 AM - 2 Mar 2009,CorrinaPysa,http://news5cleveland.com,3498,976,"Cleveland, OH","41.50516,-81.6934399",Connecticut gal turned Montanan turned Delmarvan.. Now Clevelander. Emmy-winning journalist. #GMC @WEWS Anchor. Jeremiah 29:11 RT ≠ endorsement
journalist,2:05 PM - 27 Sep 2009,NatashaPace,http://www.globalnews.ca/halifax,9334,1842,,,Award winning reporter with @globalhalifax and @global_nb. Based in Halifax. Story ideas or news tips? Email me! natasha.pace@globalnews.ca
journalist,7:01 AM - 14 Apr 2009,markknoller,http://cbsnews.com,285055,1809,"Washington, D.C.","36.29885,-82.3591834",CBS News White House Correspondent
news,10:25 PM - 23 Apr 2013,EmicVee,https://www.instagram.com/emicvee,13291,12324,Nigeria,"9.60003,7.99997","The Craziest Boy || Award Winning DJ || DJ, MC & Hype Man || Radio DJ & Social Media Strategist @1069GoUniRadio || For Bookings: +2347066260853"
news,5:46 PM - 25 Jan 2008,universalhub,http://www.universalhub.com,59354,17942,"Boston, MA","42.36048,-71.0595599","All Boston, all the time: Boston news and helicopter updates from Universal Hub."
news,12:33 AM - 12 Jun 2012,footballnus,http://www.footballnus.com,3950,598,Football pitch,"53.606255,-2.28717903265307","Football news, video, gif, match highlights, gossip, opinion and anything football. We love football."
wx,12:57 PM - 13 May 2013,suepalkafox5dc,http://www.fox5dc.com/about-us/fox-5-staff/4075454-story,14150,931,"Washington, D.C.","36.29885,-82.3591834","Forecasting the weather @fox5DC since 1985. Mom, animal lover, Nats fan. Grateful #fox5dc"
journalist,1:08 PM - 21 Apr 2009,bethreinhard,http://wsj.com,14824,176,"Washington, D.C.","36.29885,-82.3591834",Wall Street Journal reporter covering criminal justice. Still care about national politics and Florida. Email me at beth.reinhard@wsj.com
journalist,4:29 PM - 17 Jun 2009,alexazura,http://texastribune.org,6280,1470,"Austin, TX","30.27112,-97.7436899","Reporter for @TexasTribune, covering demographics and politics. Amateur knitter. Laredo survivor. aura@texastribune.org"
journalist,12:38 PM - 9 Sep 2009,DrDavidDuke,http://www.DavidDuke.com,37700,578,"Louisiana, USA","30.87038,-92.0071199",Dr. David Duke-Fmr Mem House of Rep-LA & PhD in History. 3 books-500 million readers-22 lang. One of 100 most read and quoted people in the world.2B video Views
news,2:45 PM - 14 Jan 2009,CBCNS,http://www.cbc.ca/ns/,115288,1072,Halifax,"44.64842,-63.5749699",Watch our nightly news at 6 p.m. on CBC TV or online *** Snapchat: cbcnovascotia *** http://Fb.com/cbcnovascotia  *** http://Instagram.com/cbcns
fire/emt,9:54 AM - 9 Oct 2008,fema,http://www.fema.gov/,600107,639,United States,"39.78373,-100.4458799","Our story of supporting citizens & first responders before, during, and after emergencies. For emergencies, call your local fire/EMS/police or 9-1-1."
journalist,12:20 PM - 4 Jul 2010,Stu_Mundel,,12167,2070,"Palmdale, CA","34.57931,-118.1171099",Aerial photo journalist KCAL & KCBS. Blessed & love my job. Husband GRANDPA & father to 4 Observer of life. Carpenter & car enthusiast. #Streetstothesky
journalist,4:08 PM - 9 Apr 2011,kzagame_KQ2,http://facebook.com/kristinazagame,425,264,"St Joseph, MO","39.7686,-94.8466299","Anchor/Reporter/Producer for @KQ2 UofSC'16. Boston native. Other than that, just your average girl who happens to be afraid of milk. Story idea?kzagame@kq2.com"
journalist,7:16 AM - 10 Apr 2009,BenDuBose,http://audioboom.com/channel/locked-on-rockets,4378,698,"Houston, TX","29.75893,-95.3676899","Digital journalist: Business by day (@NACEtweet), sports by night. Avid Houston sports follower, proud #Mizzou alum. Host of @LockedOnRockets."
journalist,11:12 AM - 3 Jun 2014,kwamerose,http://teespring.com/stores/blackexcellence,15314,245,Black america,"41.57225,-87.4050249",Activist| Artist| Opinion Writer for @USAToday #BlackEXCELLence Media Inquiries: Robert Guinsler robert@sll.com Bookings: beblackexcellence@gmail.com
news,11:08 AM - 4 Aug 2008,wpri12,http://www.wpri.com,77045,679,"East Providence, Rhode Island","41.81371,-71.3700499",News updates from Eyewitness News on WPRI 12 and FOX Providence.
news,11:38 AM - 10 Jun 2008,hughhewitt,http://www.hughhewitt.com,146988,2274,California,"36.70146,-118.7559899",Updates from the radio show and http://hughhewitt.com  and news of my new book The Fourth Way: The Conservative Playbook for a Lasting GOP Majority.
news,2:35 PM - 5 Mar 2009,kmoxnews,http://www.kmox.com,65261,693,"St. Louis, MO","38.62727,-90.1978799",NewsRadio 1120 KMOX is Mid-America's most trusted source for news.
journalist,8:29 PM - 27 Nov 2008,moorehn,,72176,5091,"Here and there, hither and yon (NYC/Paris)",,"Editor in chief, @laddershq. News addict, Ravenclaw, kitten aficionado. Alum @WSJ @Marketplace @GuardianUS. heidi dot N dot moore AT gmail. Hi."
journalist,9:15 AM - 3 Nov 2014,SyedSerendipity,http://ihealthspot.com,14514,241,"Frankfurt on the Main, Germany",,Doctor || Neurologist || Accidental Journalist || DrQadri's Ideology is Solution || God Gifted Cook || Anti Extremism & Mullaism || Want to relive Iqbal's Pak.
news,1:10 AM - 20 Jun 2014,Canada_News_,http://www.newslocker.com/en-ca/news/canada/,992,1110,,,Find your latest Canada news with just one click. Don't miss out on anything happening!
news,1:01 PM - 11 Oct 2008,WISCTV_News3,http://channel3000.com,46558,33612,"Madison, WI","43.07476,-89.3837599",CBS Madison. Social Media Editor=@kylegeissler News Director=@cbenedict News tips to tips@channel3000.com or 608.277.5241
news,12:33 PM - 27 Sep 2009,GreaterVan_News,http://twiends.com/greatervan_news,1203,788,"Vancouver, British Columbia","49.26089,-123.1139299","A comprehensive #collection of #news and #events from Greater #Vancouver, #BC, and #Canada West. Deliver it to you in a fast and concise way."
journalist,10:37 AM - 21 Jan 2008,offlede,http://www.postandcourier.com/apps/pbcs.dll/personalia?ID=47,5251,1536,"Charleston, SC","32.7876,-79.9402699","@postandcourier crime reporter, photographer. Updates on #CharlestonShooting, #WalterScott. http://www.knappimages.com  ... https://www.facebook.com/andrewknapp"
news,1:58 PM - 6 Feb 2008,SLOTribune,http://www.SanLuisObispo.com,21711,638,"San Luis Obispo, California","35.28275,-120.6596099","News and information for SLO County on California's Central Coast. Send your news tips, story ideas, photos and videos to webteam@thetribunenews.com."
journalist,7:44 PM - 16 Mar 2012,reasonjp,http://www.kaijupop.com,5220,133,横浜,,"Video games, wrestling, Japan, the intersection of the three. Author of @lionspridebook"
disaster/accident,7:52 AM - 30 Jan 2016,NationalBirdDoc,http://nationalbirdfilm.com,910,371,www.facebook.com/nationalbird,,Three courageous whistleblowers break the silence around the U.S. drone war - a decision that will change their lives forever.
wx,10:36 PM - 16 Jun 2011,SimpleWeatherLA,http://www.simpleweatheralert.com,268,54,Louisiana,"30.87038,-92.0071199",Provide a valuable service. Get more page views. Attract Twitter followers. Add real-time weather alerts to your social media. See our home page for details.
news,7:24 AM - 7 Oct 2010,ShannonCarr_10,http://tenplay.com.au/news/sydney,2681,2417,Sydney / Adelaide (Australia),"-34.9492699,138.64137","@TenNewsSydney : Chief of Staff / Network Planning Producer. Former: Seven News Sydney, Chief Of Staff desk. Former Sunrise/ The Morning Show production manager"
journalist,6:22 AM - 3 Jun 2009,AmanKayamHai_ET,http://economictimes.indiatimes.com/etreporter/author-aman-sharma.cms,13957,1796,New Delhi. Heart in Chandigarh,,"Sr Asst Editor @EconomicTimes. Reporting from PMO, on Modi Govt, Yogi's UP & a bit of Politics. Views are rare, sharp & ofc personal. O-negative, if u ever need"
disaster/accident,2:26 AM - 31 Mar 2015,SnoCoCrime,http://www.snococrime.com,1882,295,Snohomish County,"48.00747,-121.7304799",Crime Prevention & Reporting
disaster/accident,4:14 PM - 22 Feb 2014,MilitaryEarth,,275498,167867,Fan Account,,"The best military pics and original tweets. Check out my other account @weaponshq. ""Fan account"""
news,6:47 AM - 14 Aug 2008,fox7austin,http://www.FOX7austin.com,108331,672,"Austin, TX","30.27112,-97.7436899","Get the Austin Edge 24/7 from FOX 7 NEWS on air, online & on Facebook. Click here to LIKE us, https://www.facebook.com/FOX7Austin ."
police/traffic,7:31 AM - 14 Feb 2010,roseperson,,6718,839,"Washington, DC","38.89495,-77.0366399","Laughing, language, health(MPH), equality, data-driven policy. I traffic in analogies, dot connecting. Population Health at @ourhospitals, but tweets my own"
police/traffic,3:32 AM - 14 Sep 2014,AddlCPTraffic,http://www.bangaloretrafficpolice.gov.in/,50997,99,"Bengaluru, India","12.97911,77.59129","Additional Commissioner of Police - Traffic, Bengaluru City"
police/traffic,8:18 AM - 5 Dec 2008,wsdot_traffic,http://wsdot.wa.gov/traffic/seattle/,362617,183,Washington State,"47.28683,-120.2126099",The official WSDOT Seattle area traffic Twitter account
journalist,3:08 PM - 11 May 2009,tarawallis,,6653,2060,Los Angeles by way of Seattle.,,"Mom. Wife. Journalist. Assistant News Director, KCBS/KCAL @cbsla"
news,9:32 AM - 26 Aug 2010,SFinformer,http://sanfranciscoinformer.com,264,21,San Francisco,"37.77928,-122.4192299","Local San Francisco News and USA updates from A - Z, that's what you get from us."
news,2:56 AM - 7 May 2013,Bostonblogger1,http://bhive.ca/network,3232,3067,"Boston, USA","42.36048,-71.0595599",Sharing the latest news in #Boston for our tweeps. Here is a short clip about us @bhivec2: http://bhive.ca/7ways . #bhive #savethebees #marketing
journalist,10:51 PM - 18 Apr 2012,DenisDumo,http://denisdumo.wordpress.com,3581,2620,"Juba, South Sudan","4.8472,31.59516",Reuters ( رويترز) Correspondent covering @South Sudan. All opinions are my own Email denisdumo@gmail.com
news,12:22 AM - 22 Jul 2015,AdaDerana24x7,http://adaderana.lk,674,0,Sri Lanka,"7.23714,80.82092",Sri Lanka Premium 24x7 News Portal.
fire/emt,10:14 AM - 29 Jul 2009,bbcemt,http://www.facebook.com/bbc.emt,103628,410,East Midlands,"52.79657,-0.67182023366654","The latest BBC news, sport & weather from the East Midlands. Got a story? Email: emt@bbc.co.uk"
wx,3:19 PM - 24 Mar 2009,970wfla,http://www.iheart.com/live/newsradio-970-wfla-2823/,15285,3759,"Tampa, FL","27.94775,-82.4584399","Tampa Bay's News, Traffic & Weather Station!"
wx,8:47 PM - 7 Oct 2014,BOM_Vic,http://www.bom.gov.au/vic,85298,201,"Victoria, Australia","-36.5985999,144.678",Official Bureau of Meteorology (Victoria) account for Bureau information. Always check http://www.bom.gov.au/vic/warnings  for latest warnings
journalist,3:51 PM - 9 Jan 2009,abc7marc,http://abc7.com,10050,705,Los Angeles,"34.05439,-118.2439399",@abc7 Eyewitness News Anchor. Husband. Father. #Dodgers. #Lakers. #USC. #Rams. Born & raised in L.A. Retweets are not endorsements.
news,5:59 AM - 15 Apr 2008,WMNNews,,47638,974,"Devon, Cornwall and Somerset",,"Providing Devon, Cornwall and West Somerset with the best local news 24/7, in print, online and through mobile. Part of @localworldmedia"
journalist,8:30 AM - 13 Feb 2009,muralidharreddy,,1459,758,"New Delhi, India","28.61389,77.21595",journalist
news,12:21 AM - 11 Feb 2009,gulf_news,http://www.gulfnews.com,714230,402,United Arab Emirates,"24.00024,53.99948","The official Twitter feed from Gulf News, the UAE's biggest selling English language newspaper."
journalist,12:19 PM - 4 Feb 2014,MrJohnNicolson,,17289,454,East Dunbartonshire.,"55.93333,-4.1999999",SNP candidate for East Dunbartonshire. Journalist. Former BBC & ITV news presenter and current affairs correspondent. John.NicolsonSNP4ed@gmail.com
news,11:08 PM - 4 Sep 2012,15MinuteNews,http://www.15minutenews.com,246,549,,,"Headline #News and Popular tweets from our #Business, #Sports, #Entertainment, #Technology and #Style News Twitter Accounts"
news,8:19 AM - 22 Mar 2009,EADT24,http://www.eadt.co.uk,42907,1763,"Ipswich, UK","52.05794,1.15263","The offical account for the East Anglian Daily Times newspaper, delivering the latest #Suffolk & #Essex news and sports headlines straight to you."
news,5:23 AM - 14 Jul 2009,CCHQPress,http://www.conservatives.com,47281,2147,Westminster,"51.49732,-0.1371399",Official Conservative Party Press Office twitter feed providing snippets of news and commentary from CCHQ.
news,3:04 AM - 28 May 2009,phnompenhpost,http://www.phnompenhpost.com,178705,501,Cambodia,"13.50663,104.86942",The finest in news and analysis from #Cambodia. See more from the Post on: : http://instagram.com/phnompenhpost/  : http://youtube.com/user/phnompenhpost …
journalist,4:36 AM - 4 Jul 2016,VasudhaMisraBnB,,1176,216,,,Legal news enthusiast. Former Correspondent at Bar and Bench.
news,7:42 AM - 10 Apr 2014,HeartSouthNews,http://www.heart.co.uk/southcoast/news/local/,2545,1069,,,We are the team for Heart South News
quake,11:16 PM - 17 Jul 2012,asmawisham,http://asmawisham.com,406,625,"Johore, Malaysia","1.74653,103.7873","Asmawisham Alel is an expert in Earthquake Engineering, Applied Geophysics, Website Developer and Internet Marketer."
fire/emt,10:52 PM - 11 Aug 2014,MundaringPol,http://www.police.wa.gov.au,2145,574,"Mundaring, Western Australia","-31.9014099,116.16531","#HillsCops police the Perth Hills, including @Mundaring & #CityofSwan. Need assistance? 131444 & in an emergency 000. Twitter is not monitored 24/7."
fire/emt,4:57 AM - 14 Jun 2012,shropsfire,http://www.shropshirefire.gov.uk,7013,705,Shropshire,"52.6523,-2.64360044347826",Shropshire Fire & Rescue Service. We are here to help with any fire safety queries.
journalist,6:31 PM - 20 Apr 2011,TDiTirroWTRF,http://www.wtrf.com,1272,938,"Wheeling, WV","40.06396,-80.7209099","Morning Anchor/Reporter @WTRF7News. Just a kid from Akron, happily living in WV. @OhioState Alumna. Insta:@tess_d Opinions=my own. News tips? tditirro@wtrf.com"
wx,2:07 PM - 13 Mar 2009,wnywxguy,,4292,2202,"Rochester, NY","43.15728,-77.6152099","Meteorologist WROC-TV News 8 Rochester. Also heard on WLGZ 102.7FM & WGMC Jazz 90.1 FM. New England transplant, '00 @LyndonStateVSC Alum."
news,7:42 AM - 18 Mar 2010,lucyisabella_,http://www.smokeradio.co.uk,468,769,"London, England","51.50732,-0.1276399",Radio Production Student at University of Westminster // Head of Journalism at @Smoke_Radio // Liberal Democrat // Feminist // European #NarcolepsyAwareness
news,4:55 PM - 29 Oct 2010,TheHackersNews,http://thehackernews.com,363442,1929,Internet,,"Attracting over 10 million monthly readers, #THN is a leading & trusted news source for Hackers, Technologists & Nerds. https://fb.com/thehackernews"
govt,11:43 AM - 23 Jan 2008,OpenSociety,http://opensocietyfoundations.org,142453,3283,Worldwide,,The Open Society Foundations work to build vibrant and tolerant democracies whose governments are accountable to their citizens. http://osf.to/communityguidelines …
fire/emt,4:07 AM - 19 Jul 2011,SuffolkPolice,http://www.suffolk.police.uk/,53771,324,Ipswich,"52.05794,1.15263",Please note: we use Twitter as an information service only. If you need to contact us dial 101 or visit our website. Always dial 999 in an emergency
journalist,3:58 AM - 8 Apr 2009,kashmirglobal,http://www.kashmirglobal.com,13659,506,,,Kashmir Global News (Site dedicate for Kashmir) “Kashmir Global” website reflects news and views. http://facebook.com/KashmirGlobal
fire/emt,4:27 AM - 26 Aug 2011,MPSWandsworth,https://beta.met.police.uk/,33978,878,"Wandsworth, London","51.45702,-0.1932599","Wandsworth Borough Police. Don't report crime or incidents here, tweet @MetCC or ring 101. In an emergency ring 999. Not monitored 24/7."
disaster/accident,5:00 AM - 14 Jun 2012,PosiQR,http://www.virtualcrimecenter.blogspot.com,1276,2904,"Des Moines, IA","41.59106,-93.6037099","Virtual Crime Center. Crime Analytics, Predictive Analysis & Social Media Analytics/Interaction... http://www.virtualcrimecenter.online"
fire/emt,7:57 AM - 17 May 2011,GMPCityCentre,http://www.gmp.police.uk/city,108774,176,Manchester City Centre,"53.479825,-2.24104080740741","Updates from your local officers in Manchester City Centre. Twitter should not be used for crime reporting, please call 101 or 999 in emergencies."
news,4:07 AM - 23 Jun 2011,News24_SA,http://www.news24.com/southafrica,8299,0,,,News24 - South Africa News. Contact us at feedback@news24.com
news,2:27 PM - 3 Feb 2017,420Headline,http://420Headline.com,426,270,United States,"39.78373,-100.4458799","Get the newest cannabis and marijuana news, as soon as it hits the Internet."
fire/emt,11:10 AM - 12 May 2010,stlcountypd,http://www.stlouisco.com/police,48526,687,"St. Louis County, MO","38.64534,-90.4373799","Official Twitter of the St. Louis County Police Department. Account not monitored 24/7. If you have an emergency, call 911."
news,5:41 AM - 5 Mar 2009,itvlondon,http://www.itv.com/london,61538,581,"ITV News, central London",,Breaking news online for London and the Home Counties. Got a story? Email contactus@itvlondon.com
news,9:46 PM - 31 Oct 2012,Rato_pati,http://www.ratopati.com,192360,454,Nepal,"28.10821,84.09175",Official Twitter handle of http://www.ratopati.com . Nepal's leading Online News Portal. Covers news from all over #Nepal.
news,11:24 PM - 20 Dec 2011,spktunes,http://spktunes.com.ng,1191,53,"Calabar, Nigeria","4.97959,8.33735","We deliver all Fresh Movie News,Movie trailers,Entertainment News,fashion and music all in one place"
journalist,11:18 AM - 9 Jun 2009,davidsheen,http://www.davidsheen.com,21285,99,,,f'n skype & independent journalist based in Israel x Palestine tweeting in English & Hebrew + before following please read: http://davidsheen.com/disclaimer.htm
news,3:42 AM - 18 May 2009,TheNamibian,http://www.namibian.com.na,59997,932,"Windhoek, Namibia","-22.5530299,17.0543720687108","The official Twitter account of The Namibian, Namibia's biggest daily newspaper."
police/traffic,8:30 AM - 26 Feb 2013,SCTScourtstribs,http://www.scotcourtstribunals.gov.uk,2767,18,"Scotland, United Kingdom","56.78611,-4.1140499","Support justice by ensuring the efficient administration of the Court of Session, High Court, sheriff and justice of the peace courts, tribunals and the OPG"
fire/emt,7:49 PM - 4 Aug 2011,ManukauPolice,http://www.police.govt.nz/district/countiesmanukau/,2958,206,"Counties Manukau, New Zealand","-37.2079899,174.90913",This is an UNMONITORED feed of Counties Manukau Police information provided as a public service. IN AN EMERGENCY DIAL 111. @mentions & DMs will not be answered.
news,6:45 AM - 26 Aug 2008,Kerry4NY,https://www.facebook.com/kerry.h.barrett,14460,1027,NYC,"40.73059,-73.9865799","Wife, momma, sister, daughter. Animal lover and outdoor enthusiast. Purveyor of morning news on Today in New York. Retweets do not = endorsements"
journalist,3:18 AM - 13 Sep 2009,ColinYeo1,http://colinyeo.org,11186,2203,London,"51.50732,-0.1276399","Immigration and asylum barrister, blogger, writer and consultant at @gardencourtlaw and editor of the Free Movement website at http://www.freemovement.org.uk ."
news,1:27 AM - 15 Oct 2012,933kfm,http://www.kfm.co.ug,13943,257,Kampala,"0.31771,32.58135",Kampala's #NumberOne radio station for better information and the best music !
journalist,7:38 AM - 26 Jul 2010,MaageMohlabe,http://www.sabc.co.za/news,1027,303,"Johannesburg, South Africa","-26.2049999,28.04972",SABC News Reporter | Views Expressed Are My Own | RTs ≠ Endorsements | Serial Samp&Lamb Eater | Village Lad With Rural Tendencies | DREAM BIG
wx,12:24 PM - 21 Mar 2012,JoanneFOX5,http://www.fox5atlanta.com,12609,1643,"Atlanta, GA","33.74909,-84.3901799","Emmy winning, certified broadcast meteorologist on @GoodDayAtlanta, wife, mom, @UGA Geography alum & @Penn_State Meteorology. Night owl on the early AM shift"
police/traffic,4:47 AM - 24 Feb 2011,WINKTraffic,http://www.winknews.com/Traffic,1096,37,Southwest Florida,"27.75676,-81.4639799",Count on WINK Traffic for up to the minute alerts on #SWFL roads! Traffic Anchor @ThereseWINK lets you know whats happening every morning from 4:30-10am.
govt,2:21 AM - 5 Apr 2015,Alt_Budget_cuts,,102272,73637,Nederland,"52.237985,5.53460236308316","Government and companies rely on people forgetting the promises, they were never intending to keep - Tweets by Henk ter Heide"
news,8:34 AM - 5 Jun 2009,WGR550,http://www.wgr550.com/,116219,507,"Buffalo, NY","42.88644,-78.8783599",The 24/7 Source for Sports in Buffalo and the radio home of the Buffalo Sabres and the Buffalo Bills
journalist,3:11 AM - 7 Jan 2010,DPTomDavidson,http://www.dailypost.co.uk/,4489,2497,North Wales,"40.21094,-75.2782299",Breaking News Editor at @dailypostwales. Views my own. I didn't write the headline.
journalist,3:13 PM - 25 Apr 2014,JayEdwardsWrnj,http://wrnjradio.com/jay-edwards/,2115,2869,"Hackettstown, NJ","40.85398,-74.8290499","On-Air Talent & News Reporter On @wrnjradio 92.7FM, 104.7FM, 1510AM, http://wrnj.com  And @tunein."
journalist,11:50 AM - 27 Oct 2016,noreen_doody,,100,156,"Dublin City, Ireland","53.35457,-6.28105297692307","Editor of The Moon Spun Round: W.B. Yeats for Children. Academic, writer and lecturer in Irish Studies and English Literature."
news,5:36 AM - 14 Apr 2008,saginawnews,http://www.mlive.com/saginawnews,8670,1337,"Saginaw, Michigan","43.42003,-83.9490299","Latest news, exciting updates and fun notes from The Saginaw News and @MLive"
police/traffic,10:10 AM - 11 Feb 2009,ErinFox5DC,http://www.fox5dc.com,11418,2186,"Washington, DC","38.89495,-77.0366399","Traffic/ Anchor/Reporter/ #CookingWithComo @Fox5DC #GoodDayDC.. #Virginia Born, #Philly raised, #TempleU, and #Nashville has a piece of my heart"
fire/emt,10:19 AM - 7 Jun 2009,MadisonCoEMA,http://www.madisoncoema.org,3807,683,"Madison County, IN","40.16245,-85.7260799","OFFICIAL twitter account of the Madison County Emergency Management Agency. This account is ***NOT monitored 24 hrs a day. In an emergency, dial 911.*** #smem"
journalist,9:57 AM - 30 Oct 2009,BradDevero,http://connect.mlive.com/staff/bdevereaux/index.html,1553,1986,"Kalamazoo, Mich.","42.2917,-85.5872199",@MLive reporter covering public safety and more in the great state of Michigan.
news,8:50 PM - 29 Jun 2009,KYWNewsradio,http://CBSPhilly.com,49444,1803,"Philadelphia, Pa. USA","39.95239,-75.1635799",All NEWS. ALL THE TIME. The official Twitter page of KYW-1060AM Have a News Tip? NewsTips@KYW1060info.com or call us (215)238-7600
journalist,10:47 AM - 11 Jan 2013,BorgJake,,1231,619,jacob.borg@timesofmalta.com,,Journalist @TheTimesofMalta interested in politics. Views expressed are my own.
news,4:41 AM - 10 Jan 2007,BBCTech,http://www.bbc.co.uk/technology,707089,60,"London, UK","51.50732,-0.1276399",The official account for the BBC News technology team.
journalist,11:57 PM - 19 May 2009,ABC7Kevin,http://wjla.com/station/people/kevin-lewis-07-17-2015,2823,621,"Washington, DC","38.89495,-77.0366399","News Reporter - @ABC7News Washington, D.C. | Mizzou Grad | Chicago Native | Family Aficionado | Instagram - KevinLewisABC7 | Previously: @wndu @komunews"
journalist,12:10 AM - 28 Mar 2013,ayleighk,http://kayleighelong.com,4860,2960,Yangon,"17.05943,96.1133853085369","Freelance journalist based in #Myanmar/#Burma | 29, mostly sunny | kelong@protonmail.com | RTs = hot takes or recommended reading"
journalist,5:49 AM - 3 Mar 2010,carlwbz,,9469,199,WBZ Radio,,Radio reporter at WBZ NewsRadio 1030 in Boston. You can get additional information on WBZ's Facebook and Twitter page (@wbznewsradio).
news,6:18 AM - 4 Aug 2009,imtaqi,https://taqizphotography.com,565,753,"Lugano, Switzerland","46.00501,8.95202",Former Manager Product Development at Pakistan Television. Also love to explore new horizons in Production Media. RTs of interest not endorsements.
police/traffic,2:39 AM - 20 Jan 2016,PoliceAwam,,3647,371,Pakistan,"30.33084,71.24749",'Police Awam Saath Saath' community aims to bridge the gap between the police and the public of Pakistan. RTs & links are not an endorsement. #PoliceAurAwam
journalist,6:38 PM - 30 Dec 2012,PoliticsWolf,http://www.dailykos.com/user/Stephen%20Wolf/history,12817,691,North Carolina,"35.67296,-79.0392899","Elections Writer for @DKElections. Bylines in @NewRepublic. Voting rights, electoral reform, redistricting, maps, data, & international elections. @UNC alum"
news,11:50 PM - 18 Jul 2016,newsinvidscom,http://NewsInVids.com,19,0,,,Break World News. In Videos
news,8:32 AM - 20 Jan 2009,ValdostaToday,http://valdostatoday.com,3284,319,"Valdosta, GA","30.8327,-83.2784799","The #1 Online Source For News and Sports in South Georgia and North Florida, powered by the WVGA-FM news department!"
news,5:29 PM - 17 Dec 2008,broderick,http://Instagram.com/ryanhatesthis,39387,2217,"London, usually","50.91051,-1.2774299",Deputy Global News Director @Buzzfeed. Host of the @iexplorer podcast. Have open DMs. Send me tips. Email: ryan@buzzfeed.com
journalist,3:31 PM - 19 May 2009,jasmineviel,http://www.cbsla.com,2531,937,"Los Angeles, CA","34.05439,-118.2439399",CBS2/KCAL9 News Reporter | up early | Find me on Instagram for the really fun stuff: JasmineViel | Resume/Reel: https://vimeopro.com/tvtalent/jasmine-viel …
wx,3:52 PM - 4 Jun 2012,NWSLosAngeles,http://weather.gov/losangeles,30444,634,"Oxnard, CA","34.1975,-119.1770499",Official Twitter account for the National Weather Service Los Angeles. Details: http://weather.gov/twitter
news,12:06 PM - 28 Mar 2011,CampPenPatch,http://camppendleton.patch.com,1193,435,"Oceanside, CA","33.19586,-117.3794799",Camp Pendleton Patch is your source for local news.
news,3:24 AM - 11 Feb 2009,BangkokPostNews,http://www.bangkokpost.com,99728,37,Thailand,"14.89719,100.83273","Official Bangkok Post Twitter account, which you can get updated news related to Thailand."
fire/emt,9:06 AM - 23 Jan 2012,CALFIRECZU,http://www.fire.ca.gov/CZU,2413,28,Northern California,"39.035145,-84.4655249964059",CAL FIRE San Mateo - Santa Cruz Unit
police/traffic,9:32 AM - 27 Jun 2010,lauferlaw,http://www.lauferlawgroup.com,24979,2138,New York City,"40.73059,-73.9865799","Civil Rights Attorney - Justice Is Blind, But I'm Not - Police Brutality, False Arrest, Malicious Prosecution, Politics, News, and Law discussion. Pro-Israel."
fire/emt,12:21 PM - 2 Oct 2013,Fire_Alerts911,https://www.facebook.com/FireRescueChicago,4192,5,,,"Bringing you 24 hour fire and police alerts as they happen in IL, WI, and IN. Text FOLLOW @Fire_Alerts911 to 40404 to receive alerts via text message."
journalist,12:37 PM - 2 May 2011,smervosh,http://sarahmervosh.com,5760,1092,"Dallas, TX","32.77627,-96.7968499",Investigative reporter at @dallasnews. Notre Dame grad. Cat apologist. Send tips and cute animal pics to smervosh@dallasnews.com
wx,9:21 AM - 30 Jan 2017,TimHellerABC13,http://abc13.com/weather/,217,1,"Houston, TX","29.75893,-95.3676899","Tim Heller is the Chief Meteorologist at ABC13 in Houston, TX. He is a Certified Broadcast Meteorologist and member of the American Meteorological Society."
journalist,9:16 PM - 24 Feb 2009,allisoncmunn,http://www.facebook.com/allisonmunnkait,4942,354,"Jonesboro, Arkansas","35.84286,-90.7034499",Born & raised Arkansan. Anchor/Multimedia Journalist
fire/emt,7:24 PM - 27 Apr 2011,BHScanner,,9229,80,southLAnd,"-45.9254199,167.60684591199","Monitoring L.A. & Beverly Hills Fire, Police & of nearby cities. Tweets often involve fluid situations. Don't do the crime if you can't do the time. Pro 2A"
news,4:31 PM - 8 Feb 2010,philusb,https://plus.google.com/u/0/+philliptrepanier/posts,752,498,"Trois-Rivières, Quebec","46.33181,-72.5557499","Linux Hacker, Technology news, videos and cannabis enthusiast XBOX GAMERTAG: philusbqchttps://t.co/LhEYpQGUWfhttps://t.co/JBtH7AkuKp"
fire/emt,12:05 PM - 2 Jun 2010,StlCoOEM,http://www.stlouisco.com/LawandPublicSafety/EmergencyManagement,7358,542,"Ballwin, mo","38.59501,-90.5469099","St Louis County, MO, Office of Emergency Management. 314-615-9500 Text STLCOOEM to 888777 to receive SMS alerts. Download our free St. Louis County Prepares app"
journalist,9:31 PM - 12 Mar 2009,mtracey,http://mctracey.com,69464,1350,Los Angeles,"34.05439,-118.2439399","Roving journalist, @TheYoungTurks correspondent, friend to all dogs mtracey@protonmail.com"
journalist,8:43 AM - 20 Sep 2013,HaleyBullNews,,1950,654,"Indianapolis, IN","39.76833,-86.1583499",Multimedia Journalist for FOX59/CBS4 News. Retweets are not endorsements
journalist,8:45 PM - 6 Oct 2013,EmilyLazatin980,http://www.cknw.com,2343,770,Vancouver,"49.26089,-123.1139299",News Reporter/Anchor at @CKNW | Send scoops to Emily@cknw.com | I ask a lot of questions | My love for reporting equals my for tacos/guacamole/hot yoga
wx,10:57 AM - 26 May 2010,StuOstro,,101170,1136,"Atlanta, GA","33.74909,-84.3901799",Weather-obsessed wx geek & proud to be! Senior meteorologist @weatherchannel. Double IPA | Quadruple espresso | Loud Music ♫ | @JayhawkRdrnnr
fire/emt,10:04 AM - 30 Apr 2009,SnoCo_Scanner,http://www.snohomishcountyscanner.com,8129,27,"Snohomish County, WA","48.00747,-121.7304799","Breaking Fire, EMS & PD tweets for Snohomish County, WA. Not an official agency. Most tweets accurate. However, some not. To be expected with BREAKING news."
journalist,1:39 PM - 1 May 2012,WPXIMikeHolden,http://www.wpxi.com,2599,1859,"Pittsburgh, PA","40.44169,-79.9900799","Emmy Award Winning TV News Reporter at @WPXI in #Pittsburgh, Pennsylvania. I love this town and all of you! Send me your story ideas: Mholden@wpxi.com"
journalist,6:08 AM - 20 Jun 2009,manishmedia,http://manishmedia.wordpress.com,1798,286,"New Delhi, India","28.61389,77.21595",Journalist. Student of #StrategicAffairs. Report on #Defence & #Security related issues. Spl interest in Intelligence Agencies.
wx,4:17 PM - 9 Mar 2009,robperillo,http://www.katc.com,6681,1247,"Lafayette, LA","30.22408,-92.0198399","Chief Meteorologist KATC Lafayette, Louisiana - Weather for Acadiana/Southern Louisiana. Severe weather, hurricane and broadcast media updates."
disaster/accident,3:13 AM - 24 Jun 2014,DisaWorldNews,,489,2,,,"Disaster news, created by @KrtNthny"
journalist,6:17 PM - 4 Jun 2013,discomfiting,https://www.facebook.com/morgana.visser,2421,100,"Иркутск, Россия",,Queer marxist. APRN practitioner & writer. Ни шагу назад!
journalist,5:36 PM - 31 Jan 2011,RyanOsborneFWST,http://star-telegram.com,2788,713,"Fort Worth, TX","32.75317,-97.3327399",Fort Worth @StarTelegram reporter. Covering a little bit of everything. Email: rosborne@star-telegram.com
journalist,9:53 PM - 20 Aug 2011,simongerman600,,19031,18870,"Melbourne, Victoria","-37.8142099,144.96316",German #geographer and #demographer @KPMG in #Melbourne. Love #maps and #data that explain how the #world works. Views my own.
disaster/accident,2:01 PM - 8 Dec 2011,MsJulieLenarz,http://www.hscentre.org,51328,534,(julie.lenarz@hscentre.org),,"Director @HS_Centre. Senior Fellow @IsraelProject. Focus on Middle East, Islamism, terrorism. Seen/heard BBC, CNN, Sky News, Daily Telegraph & more"
police/traffic,3:44 AM - 3 Jun 2009,leonitish,https://m.facebook.com/nk7007,673,176,India,"22.35111,78.66774","Dy. Inspector General of Police (DIG), North Kashmir, Baramulla, J&K. Twts my views, not J&K Police department's. RTs not endorsements."
journalist,1:04 AM - 14 Jul 2010,gdprpeace,http://gdprpeace.com,401,220,Serving the Progressive US,,"From Grateful Dread Public Radio Twitter for blog of US peace-progressive netradio GDPR REVOLUTION99, http://gdreadradio.net  - VOICES & VIEWS FOR THE 99%"
news,11:03 AM - 6 Nov 2013,saskatoonbuzz,http://tbnn.it/saskatoon,1238,130,"Saskatoon, SK","52.13037,-106.6605099","Curating the best media feeds in Saskatoon. Part of the 400-city The Breaking News Network, the largest community news network supporting the social good"
news,3:32 AM - 5 Mar 2015,BBCRealityCheck,http://bbc.co.uk/realitycheck,33173,10,London,"51.50732,-0.1276399","We’re Reality Check from BBC News, here to cut through the spin and concentrate on the facts."
news,6:05 AM - 19 Jan 2015,Wecelebrity,http://www.wecelebrity.com/,714,1230,India,"22.35111,78.66774","Read about the latest in Hollywood and entertainment news from WECELEBRITY, your source for detailed movie reviews, celebrity styles, Celebs on Social and indus"
news,1:44 AM - 14 Mar 2017,suzicriger,http://www.tothbori.com/,2,9,,,Award-winning zombie junkie. Tv fan. Wannabe pop culture geek. Food guru. Web maven. Social media buff. Extreme reader.
journalist,1:50 AM - 4 Jan 2014,DickKingSmith,http://www.dickkingsmith.com,27483,20700,,,"Dick King-Smith is the author of over 130 children's books including The Sheep-Pig, which the film Babe is based on. This account is a tribute by the K-S family"
news,5:39 PM - 22 May 2010,nknewsorg,http://www.nknews.org,29234,901,D.C. - Seoul - London,,"The Internet's No.1 source for breaking North Korea News, Opinion, Culture, Curiosities and professional, academic & student resources."
news,6:46 AM - 19 May 2016,GistWriter,http://gistwriter.com,3471,4810,Nigeria,"9.60003,7.99997",Your non-stop entertainment and gist website. Join our BBM channel C00256A69 so you'll never miss any update.
journalist,8:26 PM - 28 Mar 2012,breanne_dep,https://www.instagram.com/putsome_dep_inyourstep/,2539,1249,"Washington, D.C.","36.29885,-82.3591834","@WashingtonPost reporter & researcher for The Daily 202. I like running, reading, and pointing at guys with saxophones. breanne.deppisch@washpost.com"
police/traffic,6:05 PM - 1 Nov 2011,NZTAAkl,http://www.nzta.govt.nz/traffic,12255,936,"Auckland, New Zealand","-36.8534599,174.76555",Real-time traffic information (between 6am-7pm Monday to Friday) to help you plan your journeys on the Auckland and Northland state highway networks.
news,6:58 AM - 13 Apr 2009,OKCFOX,http://www.okcfox.com,33841,547,"Oklahoma City, OK","35.47298,-97.5170499","Watch FOX 25 at 5 pm, 9 p.m. and 10 p.m. and the FOX 25 Morning News weekdays from 5 to 9 a.m. and at 11 a.m."
journalist,9:41 PM - 20 Sep 2009,JudahAriGross,http://www.timesofisrael.com/writers/judah-ari-gross/,3195,1011,"Tel Aviv, Israel","32.08048,34.78052","Military correspondent for @timesofisrael. A Terp, specifically a @merrillcollege Terp. Sometimes I take pictures. RTs mean, 'Huh. That's interesting.'"
news,6:22 PM - 19 Feb 2017,MelanyOsm,,720,1607,"Orem, UT","40.29751,-111.6944599",Freelancer / Media Social manager / Bloggler / Fitness Girl - I will post news of politics across the world! #FollowMe
journalist,3:09 AM - 2 Sep 2014,Palwasha_Abbas,,18117,484,,,"Spokesperson, Pukhtoonkwa organising setup @NYO_ANP ,writer ,social activist #Bachakhani my ideology. http://palwashaabbas100.wordpress.com"
news,9:26 PM - 9 Feb 2015,3NovicesChina,http://www.3novices-china.blogspot.in,350,497,"Beijing, China","39.90596,116.39124","The First Online Media Updater founder Meghashyam, Bharath, Vaishnavi"
news,8:38 AM - 6 Jan 2013,233LiveNews,http://233livenews.com,1374,725,"Accra, Ghana","5.56001,-0.2057399","24-hour news blog with prompt & precise news just as they happen. Breaking news, Sports, Business, Gossip & more Call: 057 913 7329 |http://www.facebook.com/233livenews |"
news,6:20 AM - 14 Feb 2009,ChronandEcho,http://www.northamptonchron.co.uk,70809,3029,"Northampton, England","52.23852,-0.9024899","Chronicle and Echo - the weekly newspaper for Northampton. Breaking news online all day, every day."
journalist,6:13 AM - 28 Mar 2009,PrisonReformMvt,http://prisonreformmovement.wordpress.com/,34986,15660,"Here, There, Everywhere.....",,"Tweeting abt #CriminalJustice, #Prisons #Jails, #DeathPenalty, #Politics, #PoliceBrutality & Whatever. Always Truth, Nasty Woman, views my own.."
police/traffic,4:57 AM - 28 Apr 2011,PoliceInspForum,,9058,2125,,,
news,7:14 AM - 27 Nov 2008,TheScotsman,http://www.scotsman.com,128653,1905,Scotland,"56.78611,-4.1140499",Scotland's national newspaper. Also on http://facebook.com/TheScotsmanNewspaper …
news,10:06 PM - 20 Aug 2009,ExploreWeb2dot0,https://go2marketingworld.blogspot.com/,8849,8582,USA,"39.78373,-100.4458799",About social media & other cool stuff. ... Plus ... Make Your Ex Desperate To Have You Back. Learn How at http://bit.ly/2qqo3Ok
police/traffic,4:29 PM - 10 Feb 2011,VChairSPF,http://www.spf.org.uk,1700,1342,"Scotland, United Kingdom","56.78611,-4.1140499","Vice Chair of Scottish Police Federation, also featuring tweets on Bosnia and Scotland's Humanitarian Work. See @scotspolfed for Official SPF twitter feed."
journalist,6:29 AM - 1 Dec 2015,hasanemkani,http://hasanemkani.ir,135,86,Islamic Republic of Iran,"32.94074,52.94713","Economic, Political Reporter on Iran TV -Global #Business, #Exchange, Financial #Markets, #Tech news fan!"
news,9:37 AM - 21 Jun 2010,keeptalkingGR,http://www.keeptalkinggreece.com,15641,1743,,,"Greek News in English, Blog, Wit, Drama, Economic Crisis, Politics, Society. Tweets also in GR & GER. OhYeah! and cute Cats :)"
journalist,8:46 AM - 9 Jan 2013,PaulWhitelam_LE,http://www.lincolnshireecho.co.uk,352,214,Lincoln,"40.80005,-96.6673999","Lincolnshire Echo, Target Series reporter"
journalist,10:37 PM - 3 Jun 2011,MattReedNews,http://turnto10.com/,2138,1451,"Providence, RI","41.82398,-71.4128299",Reporter @NBC10 . Former @Baylor Adjunct . @univmiami & @COMatBU alumnus . Personal Account . News Tweets: @NBC10_Matt Email: mattreednews@gmail.com
wx,2:25 PM - 12 Nov 2012,ChiWXGuy94,,73,364,Chicago,"41.87555,-87.6244199",
news,6:23 PM - 1 Aug 2015,shareUSnews,https://www.facebook.com/pages/Share-Your-News-for-the-United-States/1658146231083765?fref=ts,201,52,United States,"39.78373,-100.4458799","News aggregator for the U.S! @Spyrokid77666 runs this page, shares up-to-date info from sources and Google News finds the articles."
journalist,10:16 PM - 15 Jan 2011,Minoshni,,1448,561,"Durban, South Africa","-29.8618199,31.0099",Journalist. Story-teller. Enviro warrior. Living in mindfulness. Driven by wanderlust. I tweet in my personal capacity so my views are my own.
journalist,3:42 AM - 30 Nov 2010,paullewismoney,http://www.paullewismoney.blogspot.co.uk,98640,1196,UK. Usually in London.,,"Financial journalist, broadcaster & public speaker. Wilkie Collins expert too. Unregulated, unlicensed, and unequivocally for free speech and a free press."
journalist,3:09 PM - 3 Mar 2010,declanvarley,http://www.galwayadvertiser.ie,6313,4749,Galway,"53.27441,-9.0490599","Galway Advertiser group editor - author, scribbler. World rights to seventh novel ""The Confession of Peadar Gibbons"" with http://www.thefeldsteinagency.co.uk"
wx,7:04 AM - 23 Jan 2013,TLinkomo4,,1835,648,"Seattle, WA","47.60383,-122.3300599","Overnight photographer for KOMO News. Follow KOMO for the latest news, weather, traffic and sports. Seattle resident, Houston born raised."
news,8:55 PM - 31 Mar 2009,EricaHuddleston,http://www.wbrc.com/,1503,2094,"Birmingham, AL","33.52068,-86.8024299","Sweet home Alabama news girl. 30 years old. Love makeup, cars & Tim Tebow. Psalm 91"
news,7:53 PM - 16 Mar 2009,drovics,http://www.davidrovics.com,3573,2388,"Portland, Oregon","45.52024,-122.6741899","I mainly tweet with links to new songs about current events, upcoming gigs, travelogues, and occasionally about news items that seem especially ridiculous."
police/traffic,5:01 PM - 23 Jul 2011,NorthumbriaFed,http://www.norpolfed.org.uk/,2767,1426,Northumbria,"-42.3679999,147.26824","The official Twitter feed of Northumbria Police Federation. The staff association for all the area's constables, sergeants, inspectors and chief inspectors"
wx,3:04 PM - 5 Feb 2009,news965wdbo,http://www.news965.com,10722,6956,"Orlando, FL","28.54211,-81.3790399","News 96.5 is Orlando's 24-hr News, Weather and Traffic, with Joe Kelley, Brian Kilmeade, Herman Cain, Dana Loesch, Clark Howard, Sean Hannity and Scott Anez."
journalist,12:00 PM - 26 Jul 2012,StephanieWPTV,http://www.wptv.com,1892,487,"West Palm Beach, FL","26.71534,-80.0533699","Reporter at WPTV thrilled to be covering my hometown! Wife, proud Florida Gator alum, reality TV junkie, loving the beach and sunshine! Macon - Ft. Myers - home"
journalist,7:47 AM - 24 Feb 2009,paulinaneuding,http://www.paulinaneuding.com,20977,1326,"Stockholm, Sweden","59.32511,18.07109","Swedish journalist, LL.M., editor-in-chief Neo 2010-2015. Kolumnist här och var, jurist. Chefredaktör Neo 2010-2015."
news,7:28 AM - 27 Sep 2013,NeonNettle,http://www.neonnettle.com,44067,26955,,,"News, Entertainment, Unfiltered"
news,8:10 PM - 10 Sep 2008,connpost,http://ctpost.com/,97290,1446,"UT: 41.167998,-73.226865",,Breaking news updates and stories from southwest Connecticut's largest newspaper.
police/traffic,8:40 AM - 14 Jan 2010,BN9traffic,http://www.baynews9.com,18575,475,"Tampa, St Petersburg, Florida","27.81011,-82.5737399","Chuck Henson, Celebrating 24 years (2016) reporting Traffic! Updates & info for Tampa Bay on Bay News 9! 5am - 9am. Spectrum Networks, Channel 9, HD 1009"
journalist,11:46 PM - 19 Oct 2009,potieve,,1052,686,Nelson Mandela Bay,"-33.9891749,25.672915","SABC News Reporter | daughter of the soil | Xhosa,Black&Proud"
journalist,6:25 PM - 24 May 2016,sylvia_corkill,,270,328,"Lawton, OK","34.60868,-98.3903299","News Reporter/Journalist, @NEWS9 | [nooz-woo m-uh n, nyooz-] | Thrift Store Junkie |"
news,1:15 AM - 4 Jun 2012,ruthadong,http://www.olangoruth.wordpress.com,828,637,kampala,"0.31771,32.58135","Still figuring lots of things out, Love God to bits and Radio is my life....for now! Chocolate Fudge and we are best friends"
news,8:50 AM - 26 Jan 2015,CapitalYORNews,http://www.capitalfm.com/yorkshire/on-air/news-travel/local-news/,4301,3242,"Leeds, England","53.79741,-1.5437899",We are the news team for Capital Yorkshire. Tweet us your stories.
fire/emt,12:56 PM - 23 May 2013,STLFireDept,,10533,292,"St. Louis, Missouri","38.62727,-90.1978799","The St. Louis Fire Department provides Fire, EMS, & Rescue services for the City of St. Louis. This account is NOT monitored 24/7. DIAL 911 FOR EMERGENCIES."
journalist,11:47 AM - 2 Oct 2014,BillKristol,http://weeklystandard.com,161799,2180,,,Editor at large @WeeklyStandard
fire/emt,11:42 AM - 31 Oct 2011,JBN_Keith,http://www.jbnconsulting.net/,133,120,"Charlotte, NC","35.22708,-80.8431199",Executive Recruiter in the Fire Protection and Electronic Security industry.
news,2:58 PM - 9 Jun 2014,thephillyvoice,http://www.phillyvoice.com,31664,1241,Philadelphia,"39.95239,-75.1635799","Passionately Philly. Your essential source for news, sports and culture."
journalist,10:27 PM - 10 Jan 2016,RemadnaWKRN,https://m.facebook.com/RemadnaWKRN/,766,926,"Nashville, TN","36.16222,-86.7743499","Reporter for #WKRN #Nashville #ABC || Ole Miss grad ll Born and raised in #Austin, #Texas II worked in SD-HI-TN II Have a story idea? email me Bremadna@wkrn.com"
govt,9:07 AM - 1 Jun 2009,SenSherrodBrown,http://brown.senate.gov,114630,172,"Cleveland, OH","41.50516,-81.6934399",Office of United States Senator Sherrod Brown. Proud to serve Ohio. Tweets from Sherrod signed -SB.
news,7:41 AM - 11 Nov 2008,LowcountryCW,http://www.Counton2.com,799,395,"Charleston, SC","32.7876,-79.9402699",Charleston's home for the @TheCW! Find us on channel 14 on Comcast and DirecTV and channel 2.2 over the air.
news,1:39 PM - 7 Jan 2016,bitznews,http://www.bitznews.com,168,87,New York,"40.73059,-73.9865799",Exclusive content and top stories ONLY ON BITZ NEWS
fire/emt,7:38 AM - 9 May 2011,GardaTraffic,http://www.garda.ie,317776,1,,,An Garda Síochána official account with info on traffic & major events. A/c not monitored 24/7 & not suitable to report a crime. In an emergency call 999 or 112
wx,10:38 AM - 6 Jul 2011,fcnmike,http://firstcoastnews.com,3041,737,,,"On-Air Meteorologist WTLV TV-12 WJXX TV-25 Jacksonville, FL Living life-long dream. It's a passion and my number one purpose is to keep you safe!"
wx,7:30 AM - 18 Nov 2013,RyanMHarper13,http://www.mynews13.com/traffic,463,354,"Orlando, FL","28.54211,-81.3790399",NEWS 13 Traffic Anchor from 5am - 9am every ten minutes after weather on NEWS13! Ryan's Traffic Inbox airs every Monday! Email me at:ryan.harper1@charter.com
journalist,1:12 PM - 17 Jul 2009,renegadestyle,http://www.renegadetraining.com,11021,8296,Paris | London,"48.86994,2.32543","Devoted to life's greatest blessing, son, mentor, lifelong artist, author, investor, athlete. Life is a vessel to filled and drunk whole. Renegade."
news,3:39 PM - 2 Jul 2008,WashPostDC,http://www.washingtonpost.com/dc,18645,93,"Washington, D.C.","36.29885,-82.3591834",Latest Washington Post headlines on the District of Columbia. This is an automated feed. More local and regional news: @postlocal. National: @washingtonpost.
wx,5:53 AM - 21 May 2013,LisaVaughnFox26,http://www.weatherlisa.wordpress.com,5322,4110,"Houston, TX","29.75893,-95.3676899",Fox 26 Houston Meteorologist | Htown Native | Seamstress | Statistics background | R Coder | Data Lover | UH & Rice | Cat Lady but not crazy
disaster/accident,3:52 AM - 7 Jul 2015,richhills68,http://cwgc.co.uk,478,203,Global,,"Director Africa & Asia Pacific Area (AAPA), Commonwealth War Graves Commission; ensuring highest standards of commemoration; proud Kiwi and ex-Royal Marine"
news,6:57 AM - 29 Apr 2015,CapitalScotNews,http://www.capitalfm.com/scotland/,1411,1317,Scotland,"56.78611,-4.1140499",We are the news team for CapitalScotland. Tweet us your stories.
journalist,6:02 AM - 27 Feb 2011,andreactually,http://andreapino.com,9219,3643,Resistance Headquarters,,Author @WeBelieveYouBk . Cubana . Tar Heel . German Shepherd Ma . Couch Scholar. @endrapeoncampus Co-Founder . I was in a movie once #HuntingGround
news,11:43 AM - 21 Jul 2014,SanDiegoUS_News,http://www.newslocker.com/en-us/region/sandiego/,853,979,,,Find your latest news about San Diego with just one click. Don't miss out on anything happening in your region!
police/traffic,4:56 AM - 7 Dec 2010,TTPoliceService,http://www.ttps.gov.tt,10559,52,Trinidad & Tobago,"37.16939,-104.5005399",Official Twitter account of the Trinidad and Tobago Police Service (TTPS).
news,7:42 AM - 14 Mar 2011,TamEdwards6abc,,18130,11077,Philadelphia,"39.95239,-75.1635799","Tam Edwards anchors the morning news for 6abc in Philadelphia. She writes, she reads, she eats, she travels, she loves, she laughs, she tries."
journalist,7:23 PM - 4 Aug 2009,mlcalderone,http://michaelcalderone.com/,67012,2029,"Brooklyn, NY","40.6501,-73.9495799","Senior media reporter, @HuffPost; Adjunct, @nyu_journalism michael.calderone@huffingtonpost.com"
journalist,10:03 AM - 20 May 2011,josh_fordham,http://www.somersetlive.co.uk,387,782,Somerset,"51.08333,-2.9999999",Digital Editor at @Somerset__Live.
news,8:26 AM - 1 Jun 2009,Leicester_Merc,http://www.leicestermercury.co.uk,91862,718,Leicester,"52.63678,-1.1312199","The official twitter account for http://leicestermercury.co.uk , providing local news, sport & entertainment. Part of Trinity Mirror."
journalist,3:46 AM - 25 May 2011,davidmackau,http://buzzfeed.com/davidmack,24649,1085,New York,"40.73059,-73.9865799",Editor + Writer @BuzzFeedNews/@BuzzFeed. Ex @abcnews. Australian Knifey-Spooney National Champion. http://facebook.com/davidmackau  david.mack@buzzfeed.com
news,6:05 AM - 25 Feb 2011,SomersDV,http://somers.dailyvoice.com,573,60,"Somers, NY","41.32814,-73.6856799","The Somers Daily Voice is a local news organization. Our town-based reporters cover the most important news, sports and information in our community."
wx,10:40 AM - 20 Oct 2009,KBTXShel,http://about.me/shelwinkley,6017,2425,"Bryan/College Station, Tx","30.622175,-96.3474724",@KBTXNews Chief Meteorologist keeping tabs on weather across the Brazos Valley. Let's talk weather...140 characters at a time.
journalist,2:32 PM - 25 Apr 2008,AnupKaphle,http://www.anupkaphle.com,31128,621,"London, UK","51.50732,-0.1276399",Deputy Foreign Editor @BuzzFeedNews. Ex-Washington Post. I make a mean goat curry. anup.kaphle@buzzfeed.com.
fire/emt,11:58 AM - 16 Aug 2010,WilmingtonMAPD,http://www.wpd.org,5801,586,"Wilmington, MA","42.54648,-71.1736599","Official Twitter of the Wilmington, MA Police Dept. This account is not monitored 24 hours a day and should NOT be used to report emergencies or crimes."
fire/emt,3:25 AM - 20 Oct 2010,gowland1,,277,99,Newcastle,"54.97709,-1.6141999","Career Civil Servant, Married to serving Fire Fighter. A Shoe and Handbag lover fighting the good fight."
news,10:19 AM - 13 Jan 2015,NRT_English,http://www.nrttv.com/en,14914,469,english@nrttv.com,,Your #1 source for independent news from the Kurdistan Region of Iraq (KRI)
